date,year,month,day,day_of_year,week_of_year,daily_admitted,daily_deaths,sin_doy,cos_doy,sin2_doy,cos2_doy,roll7_admitted,roll14_admitted,roll7_deaths,momentum_7d,cfr_roll7,lag1_admitted,lag1_deaths,lag2_admitted,lag3_admitted,lag7_admitted,lag7_deaths,lag14_admitted,lag14_deaths,lag21_admitted,temp_mean_t0,temp_max_t0,temp_min_t0,precipitation_t0,humidity_t0,dtr_t0,temp_mean_lag7,humidity_lag7,dtr_lag7,temp_mean_lag14,humidity_lag14,dtr_lag14,temp_mean_lag21,humidity_lag21,dtr_lag21,temp_mean_lag28,humidity_lag28,dtr_lag28,temp_mean_lag35,humidity_lag35,dtr_lag35,temp_mean_lag42,humidity_lag42,dtr_lag42,precip_sum_7d,precip_sum_14d,precip_sum_21d,precip_sum_28d,temp_mean_roll14,breeding_suitability_idx,target_admitted_H7,target_deaths_H7,target_surge_H7,target_admitted_H14,target_deaths_H14,target_surge_H14,target_admitted_H21,target_deaths_H21,target_surge_H21,target_admitted_H28,target_deaths_H28,target_surge_H28
2024-01-01,2024,1,1,1,1,82,0,0.0172,0.99985,0.0344,0.99941,82,82,0,82.0,0.0,0,0,0,0,0,0,0,0,0,19.2,24.9,15.4,0.0,82.0,9.5,20.7,75.0,8.9,18.2,79.0,10.6,18.8,80.0,11.2,22.2,79.0,8.9,22.9,77.0,13.1,23.7,78.0,10.0,0.0,0.1,0.1,42.1,19.66,0.07,62,0,0,33,0,0,30,0,0,14,0,0
2024-01-02,2024,1,2,2,1,60,1,0.0344,0.99941,0.06876,0.99763,142,142,1,142.0,0.00699,82,0,0,0,0,0,0,0,0,18.0,23.6,14.4,0.0,83.0,9.2,19.5,78.0,10.9,18.5,78.0,10.2,19.5,82.0,9.6,22.1,81.0,1.9,24.2,73.0,10.6,23.6,75.0,8.4,0.0,0.1,0.1,40.9,19.63,0.07,45,1,0,30,1,0,24,0,0,15,0,0
2024-01-03,2024,1,3,3,1,70,1,0.05158,0.99867,0.10303,0.99468,212,212,2,212.0,0.00939,60,1,82,0,0,0,0,0,0,17.8,24.1,13.2,0.0,82.0,10.9,19.8,80.0,11.4,18.6,80.0,11.1,19.0,77.0,10.4,22.7,83.0,5.4,23.7,76.0,10.4,22.3,73.0,9.8,0.0,0.1,0.1,38.6,19.57,0.07,59,0,0,23,2,0,20,0,0,20,0,0
2024-01-04,2024,1,4,4,1,75,1,0.06876,0.99763,0.13719,0.99055,287,287,3,287.0,0.01042,70,1,60,82,0,0,0,0,0,17.5,24.3,12.4,0.0,84.0,11.9,20.1,76.0,11.1,19.1,80.0,12.0,17.5,73.0,12.1,20.3,92.0,1.6,22.6,78.0,10.6,21.3,74.0,11.2,0.0,0.1,0.1,1.4,19.46,0.06,46,0,0,29,1,0,18,0,0,17,0,0
2024-01-05,2024,1,5,5,1,33,0,0.08591,0.9963,0.17118,0.98524,320,320,3,320.0,0.00935,75,1,70,60,0,0,0,0,0,17.8,24.6,12.5,0.0,79.0,12.1,20.0,75.0,12.0,20.3,79.0,11.3,17.7,76.0,11.8,21.0,86.0,7.6,22.4,75.0,11.4,22.1,74.0,11.1,0.0,0.1,0.1,0.1,19.28,0.06,17,0,0,18,1,0,14,0,0,11,0,0
2024-01-06,2024,1,6,6,1,42,0,0.10303,0.99468,0.20497,0.97877,362,362,3,362.0,0.00826,33,0,75,70,0,0,0,0,0,18.2,25.0,12.7,0.0,79.0,12.3,20.1,77.0,11.7,19.8,82.0,10.7,18.3,81.0,10.5,20.6,82.0,9.4,22.6,74.0,10.1,22.1,72.0,11.0,0.0,0.0,0.1,0.1,19.16,0.0,25,1,0,18,2,0,22,0,0,10,1,0
2024-01-07,2024,1,7,7,1,13,0,0.12013,0.99276,0.23851,0.97114,375,375,3,375.0,0.00798,42,0,33,75,0,0,0,0,0,18.5,25.0,14.3,0.0,78.0,10.7,19.9,79.0,10.0,19.7,80.0,11.1,18.2,79.0,11.2,19.6,76.0,10.2,22.6,75.0,11.0,22.1,73.0,12.5,0.0,0.0,0.1,0.1,19.08,0.0,38,3,0,32,1,0,25,0,0,28,0,0
2024-01-08,2024,1,8,8,2,62,0,0.13719,0.99055,0.27178,0.96236,355,437,3,3.2892,0.00843,13,0,42,33,82,0,0,0,0,18.7,24.8,14.7,0.0,82.0,10.1,19.2,82.0,9.5,20.7,75.0,8.9,18.2,79.0,10.6,18.8,80.0,11.2,22.2,79.0,8.9,22.9,77.0,13.1,0.0,0.0,0.1,0.1,18.94,0.0,33,0,0,30,0,0,14,0,0,11,1,0
2024-01-09,2024,1,9,9,2,45,1,0.1542,0.98804,0.30472,0.95244,340,482,3,1.3846,0.0088,62,0,13,42,60,1,0,0,0,17.6,24.1,13.4,0.0,82.0,10.7,18.0,83.0,9.2,19.5,78.0,10.9,18.5,78.0,10.2,19.5,82.0,9.6,22.1,81.0,1.9,24.2,73.0,10.6,0.0,0.0,0.1,0.1,18.8,0.0,30,1,0,24,0,0,15,0,0,22,0,0
2024-01-10,2024,1,10,10,2,59,0,0.17118,0.98524,0.3373,0.9414,329,541,2,0.5493,0.00606,45,1,62,13,70,1,0,0,0,17.0,23.7,11.7,0.0,84.0,12.0,17.8,82.0,10.9,19.8,80.0,11.4,18.6,80.0,11.1,19.0,77.0,10.4,22.7,83.0,5.4,23.7,76.0,10.4,0.0,0.0,0.1,0.1,18.6,0.0,23,2,0,20,0,0,20,0,0,25,0,0
2024-01-11,2024,1,11,11,2,46,0,0.1881,0.98215,0.36948,0.92924,300,587,1,0.0451,0.00332,59,0,45,62,75,1,0,0,0,16.5,22.7,12.3,0.0,82.0,10.4,17.5,84.0,11.9,20.1,76.0,11.1,19.1,80.0,12.0,17.5,73.0,12.1,20.3,92.0,1.6,22.6,78.0,10.6,0.0,0.0,0.1,0.1,18.34,0.0,29,1,0,18,0,0,17,0,0,20,0,0
2024-01-12,2024,1,12,12,2,17,0,0.20497,0.97877,0.40123,0.91598,284,604,1,-0.1121,0.00351,46,0,59,45,33,0,0,0,0,15.4,21.8,11.0,0.0,85.0,10.8,17.8,79.0,12.1,20.0,75.0,12.0,20.3,79.0,11.3,17.7,76.0,11.8,21.0,86.0,7.6,22.4,75.0,11.4,0.0,0.0,0.1,0.1,18.01,0.0,18,1,0,14,0,0,11,0,0,3,0,0
2024-01-13,2024,1,13,13,2,25,1,0.22177,0.9751,0.4325,0.90163,267,629,2,-0.2617,0.00746,17,0,46,59,42,0,0,0,0,15.9,22.2,11.9,0.0,86.0,10.3,18.2,79.0,12.3,20.1,77.0,11.7,19.8,82.0,10.7,18.3,81.0,10.5,20.6,82.0,9.4,22.6,74.0,10.1,0.0,0.0,0.0,0.1,17.71,0.0,18,2,0,22,0,0,10,1,0,8,0,0
2024-01-14,2024,1,14,14,2,38,3,0.23851,0.97114,0.46326,0.88622,292,667,5,-0.2207,0.01706,25,1,17,46,13,0,0,0,0,15.1,21.4,10.8,0.0,88.0,10.6,18.5,78.0,10.7,19.9,79.0,10.0,19.7,80.0,11.1,18.2,79.0,11.2,19.6,76.0,10.2,22.6,75.0,11.0,0.0,0.0,0.0,0.1,17.37,0.0,32,1,0,25,0,0,28,0,0,14,1,0
2024-01-15,2024,1,15,15,3,33,0,0.25518,0.96689,0.49347,0.86976,263,618,5,-0.2584,0.01894,38,3,25,17,62,0,82,0,0,15.2,21.7,10.5,0.0,84.0,11.2,18.7,82.0,10.1,19.2,82.0,9.5,20.7,75.0,8.9,18.2,79.0,10.6,18.8,80.0,11.2,22.2,79.0,8.9,0.0,0.0,0.0,0.1,17.09,0.0,30,0,0,14,0,0,11,1,0,7,0,0
2024-01-16,2024,1,16,16,3,30,1,0.27178,0.96236,0.52309,0.85227,248,588,5,-0.2698,0.02008,33,0,38,25,45,1,60,1,0,14.3,20.5,9.8,0.0,83.0,10.7,17.6,82.0,10.7,18.0,83.0,9.2,19.5,78.0,10.9,18.5,78.0,10.2,19.5,82.0,9.6,22.1,81.0,1.9,0.0,0.0,0.0,0.1,16.82,0.0,24,0,0,15,0,0,22,0,0,13,0,0
2024-01-17,2024,1,17,17,3,23,2,0.28829,0.95754,0.5521,0.83378,212,541,7,-0.3545,0.03286,30,1,33,38,59,0,70,1,0,14.8,20.5,9.3,0.0,79.0,11.2,17.0,84.0,12.0,17.8,82.0,10.9,19.8,80.0,11.4,18.6,80.0,11.1,19.0,77.0,10.4,22.7,83.0,5.4,0.0,0.0,0.0,0.1,16.61,0.0,20,0,0,20,0,0,25,0,0,8,0,0
2024-01-18,2024,1,18,18,3,29,1,0.30472,0.95244,0.58045,0.81429,195,495,8,-0.3488,0.04082,23,2,30,33,46,0,75,1,0,16.2,22.1,10.6,0.0,80.0,11.5,16.5,82.0,10.4,17.5,84.0,11.9,20.1,76.0,11.1,19.1,80.0,12.0,17.5,73.0,12.1,20.3,92.0,1.6,0.0,0.0,0.0,0.1,16.51,0.0,18,0,0,17,0,0,20,0,0,5,0,0
2024-01-19,2024,1,19,19,3,18,1,0.32106,0.94706,0.60812,0.79384,196,480,9,-0.3088,0.04569,29,1,23,30,17,0,33,0,0,17.4,23.1,12.3,0.1,82.0,10.8,15.4,85.0,10.8,17.8,79.0,12.1,20.0,75.0,12.0,20.3,79.0,11.3,17.7,76.0,11.8,21.0,86.0,7.6,0.1,0.1,0.1,0.2,16.49,0.05,14,0,0,11,0,0,3,0,0,3,0,0
2024-01-20,2024,1,20,20,3,18,2,0.3373,0.9414,0.63507,0.77246,189,456,10,-0.291,0.05263,18,1,29,23,25,1,42,0,0,16.7,23.3,12.5,0.0,82.0,10.8,15.9,86.0,10.3,18.2,79.0,12.3,20.1,77.0,11.7,19.8,82.0,10.7,18.3,81.0,10.5,20.6,82.0,9.4,0.1,0.1,0.1,0.1,16.38,0.05,22,0,0,10,1,0,8,0,0,11,0,0
2024-01-21,2024,1,21,21,3,32,1,0.35344,0.93546,0.66126,0.75015,183,475,8,-0.372,0.04348,18,2,18,29,38,3,13,0,0,16.5,22.8,11.6,0.0,82.0,11.2,15.1,88.0,10.6,18.5,78.0,10.7,19.9,79.0,10.0,19.7,80.0,11.1,18.2,79.0,11.2,19.6,76.0,10.2,0.1,0.1,0.1,0.1,16.24,0.05,25,0,0,28,0,0,14,1,0,7,0,0
2024-01-22,2024,1,22,22,4,30,0,0.36948,0.92924,0.68668,0.72696,180,443,8,-0.3144,0.0442,32,1,18,18,33,0,62,0,82,14.3,20.7,9.2,0.0,82.0,11.5,15.2,84.0,11.2,18.7,82.0,10.1,19.2,82.0,9.5,20.7,75.0,8.9,18.2,79.0,10.6,18.8,80.0,11.2,0.1,0.1,0.1,0.1,15.92,0.05,14,0,0,11,1,0,7,0,0,11,0,0
2024-01-23,2024,1,23,23,4,24,0,0.38541,0.92274,0.71128,0.70291,174,422,7,-0.2972,0.04,30,0,32,18,30,1,45,1,60,14.7,21.7,8.9,0.0,85.0,12.8,14.3,83.0,10.7,17.6,82.0,10.7,18.0,83.0,9.2,19.5,78.0,10.9,18.5,78.0,10.2,19.5,82.0,9.6,0.1,0.1,0.1,0.1,15.71,0.05,15,0,0,22,0,0,13,0,0,6,0,0
2024-01-24,2024,1,24,24,4,20,0,0.40123,0.91598,0.73503,0.67803,171,383,5,-0.1925,0.02907,24,0,30,32,23,2,59,0,70,16.7,22.7,10.7,0.4,81.0,12.0,14.8,79.0,11.2,17.0,84.0,12.0,17.8,82.0,10.9,19.8,80.0,11.4,18.6,80.0,11.1,19.0,77.0,10.4,0.5,0.5,0.5,0.5,15.69,0.26,20,0,0,25,0,0,8,0,0,5,0,0
2024-01-25,2024,1,25,25,4,18,0,0.41693,0.90894,0.75792,0.65235,160,355,4,-0.1786,0.02484,20,0,24,30,29,1,46,0,75,17.4,23.0,11.5,0.0,79.0,11.5,16.2,80.0,11.5,16.5,82.0,10.4,17.5,84.0,11.9,20.1,76.0,11.1,19.1,80.0,12.0,17.5,73.0,12.1,0.5,0.5,0.5,0.5,15.76,0.26,17,0,0,20,0,0,5,0,0,16,1,0
2024-01-26,2024,1,26,26,4,14,0,0.4325,0.90163,0.77991,0.62589,156,352,3,-0.203,0.01911,18,0,20,24,18,1,17,0,33,16.8,22.9,12.6,0.0,77.0,10.3,17.4,82.0,10.8,15.4,85.0,10.8,17.8,79.0,12.1,20.0,75.0,12.0,20.3,79.0,11.3,17.7,76.0,11.8,0.4,0.5,0.5,0.5,15.86,0.26,11,0,0,3,0,0,3,0,0,3,0,0
2024-01-27,2024,1,27,27,4,22,0,0.44794,0.89406,0.80098,0.59869,160,349,1,-0.1526,0.00621,14,0,18,20,18,2,25,1,42,16.0,22.4,10.9,0.0,74.0,11.5,16.7,82.0,10.8,15.9,86.0,10.3,18.2,79.0,12.3,20.1,77.0,11.7,19.8,82.0,10.7,18.3,81.0,10.5,0.4,0.5,0.5,0.5,15.86,0.26,10,1,0,8,0,0,11,0,0,11,0,0
2024-01-28,2024,1,28,28,4,25,0,0.46326,0.88622,0.8211,0.57078,153,336,0,-0.163,0.0,22,0,14,18,32,1,38,3,13,16.0,23.1,10.0,0.0,70.0,13.1,16.5,82.0,11.2,15.1,88.0,10.6,18.5,78.0,10.7,19.9,79.0,10.0,19.7,80.0,11.1,18.2,79.0,11.2,0.4,0.5,0.5,0.5,15.93,0.27,28,0,0,14,1,0,7,0,0,20,0,0
2024-01-29,2024,1,29,29,5,14,0,0.47843,0.87812,0.84025,0.5422,137,317,0,-0.2376,0.0,25,0,22,14,30,0,33,0,62,16.2,23.5,9.3,0.0,70.0,14.2,14.3,82.0,11.5,15.2,84.0,11.2,18.7,82.0,10.1,19.2,82.0,9.5,20.7,75.0,8.9,18.2,79.0,10.6,0.4,0.5,0.5,0.5,16.0,0.27,11,1,0,7,0,0,11,0,0,6,0,0
2024-01-30,2024,1,30,30,5,15,0,0.49347,0.86976,0.8584,0.51298,128,302,0,-0.2629,0.0,14,0,25,22,24,0,30,1,45,18.4,24.4,11.6,0.6,68.0,12.8,14.7,85.0,12.8,14.3,83.0,10.7,17.6,82.0,10.7,18.0,83.0,9.2,19.5,78.0,10.9,18.5,78.0,10.2,1.0,1.1,1.1,1.1,16.29,0.6,22,0,0,13,0,0,6,0,0,19,0,0
2024-01-31,2024,1,31,31,5,20,0,0.50836,0.86115,0.87554,0.48315,128,299,0,-0.25,0.0,15,0,14,25,20,0,23,2,59,19.3,25.5,13.7,0.2,76.0,11.8,16.7,81.0,12.0,14.8,79.0,11.2,17.0,84.0,12.0,17.8,82.0,10.9,19.8,80.0,11.4,18.6,80.0,11.1,0.8,1.3,1.3,1.3,16.61,0.72,25,0,0,8,0,0,5,0,0,9,1,0
2024-02-01,2024,2,1,32,5,17,0,0.52309,0.85227,0.89164,0.45274,127,287,0,-0.205,0.0,20,0,15,14,18,0,29,1,46,20.0,25.8,15.5,2.6,83.0,10.3,17.4,79.0,11.5,16.2,80.0,11.5,16.5,82.0,10.4,17.5,84.0,11.9,20.1,76.0,11.1,19.1,80.0,12.0,3.4,3.9,3.9,3.9,16.89,2.2,20,0,0,5,0,0,16,1,0,10,0,0
2024-02-02,2024,2,2,33,5,11,0,0.53768,0.84315,0.90669,0.42181,124,280,0,-0.2038,0.0,17,0,20,15,14,0,18,1,17,20.0,25.2,16.4,0.2,85.0,8.8,16.8,77.0,10.3,17.4,82.0,10.8,15.4,85.0,10.8,17.8,79.0,12.1,20.0,75.0,12.0,20.3,79.0,11.3,3.6,4.0,4.1,4.1,17.07,2.28,3,0,0,3,0,0,3,0,0,4,0,0
2024-02-03,2024,2,3,34,5,10,1,0.5521,0.83378,0.92066,0.39037,112,272,1,-0.2981,0.00885,11,0,17,20,22,0,18,2,25,19.1,25.4,14.6,0.0,71.0,10.8,16.0,74.0,11.5,16.7,82.0,10.8,15.9,86.0,10.3,18.2,79.0,12.3,20.1,77.0,11.7,19.8,82.0,10.7,3.6,4.0,4.1,4.1,17.24,2.3,8,0,0,11,0,0,11,0,0,9,0,0
2024-02-04,2024,2,4,35,5,28,0,0.56636,0.82416,0.93354,0.35847,115,268,1,-0.2468,0.00862,10,1,11,17,25,0,32,1,38,18.5,25.4,12.7,0.0,68.0,12.7,16.0,70.0,13.1,16.5,82.0,11.2,15.1,88.0,10.6,18.5,78.0,10.7,19.9,79.0,10.0,19.7,80.0,11.1,3.6,4.0,4.1,4.1,17.39,2.32,14,1,0,7,0,0,20,0,0,10,0,0
2024-02-05,2024,2,5,36,6,11,1,0.58045,0.81429,0.94532,0.32614,112,249,2,-0.1812,0.0177,28,0,10,11,14,0,30,0,33,20.0,26.2,13.3,0.0,68.0,12.9,16.2,70.0,14.2,14.3,82.0,11.5,15.2,84.0,11.2,18.7,82.0,10.1,19.2,82.0,9.5,20.7,75.0,8.9,3.6,4.0,4.1,4.1,17.79,2.37,7,0,0,11,0,0,6,0,0,10,0,0
2024-02-06,2024,2,6,37,6,22,0,0.59438,0.80419,0.95598,0.29343,119,247,2,-0.0698,0.01667,11,1,28,10,15,0,24,0,30,19.8,25.1,14.7,0.7,82.0,10.4,18.4,68.0,12.8,14.7,85.0,12.8,14.3,83.0,10.7,17.6,82.0,10.7,18.0,83.0,9.2,19.5,78.0,10.9,3.7,4.7,4.8,4.8,18.16,2.85,13,0,0,6,0,0,19,0,0,3,0,0
2024-02-07,2024,2,7,38,6,25,0,0.60812,0.79384,0.96551,0.26038,124,252,2,-0.031,0.016,22,0,11,28,20,0,20,0,23,19.8,25.1,14.7,0.0,74.0,10.4,19.3,76.0,11.8,16.7,81.0,12.0,14.8,79.0,11.2,17.0,84.0,12.0,17.8,82.0,10.9,19.8,80.0,11.4,3.5,4.3,4.8,4.8,18.38,2.63,8,0,0,5,0,0,9,1,0,13,0,0
2024-02-08,2024,2,8,39,6,20,0,0.62169,0.78327,0.97389,0.22701,127,254,2,0.0,0.01562,25,0,22,11,17,0,18,0,29,17.4,23.8,11.3,0.0,66.0,12.5,20.0,83.0,10.3,17.4,79.0,11.5,16.2,80.0,11.5,16.5,82.0,10.4,17.5,84.0,11.9,20.1,76.0,11.1,0.9,4.3,4.8,4.8,18.38,2.63,5,0,0,16,1,0,10,0,0,12,1,0
2024-02-09,2024,2,9,40,6,3,0,0.63507,0.77246,0.98112,0.19338,119,243,2,-0.04,0.01667,20,0,25,22,11,0,14,0,18,17.0,23.5,10.8,0.0,66.0,12.7,20.0,85.0,8.8,16.8,77.0,10.3,17.4,82.0,10.8,15.4,85.0,10.8,17.8,79.0,12.1,20.0,75.0,12.0,0.7,4.3,4.7,4.8,18.39,2.64,3,0,0,3,0,0,4,0,0,11,0,0
2024-02-10,2024,2,10,41,6,8,0,0.64826,0.76142,0.9872,0.15951,117,229,1,0.0442,0.00847,3,0,20,25,10,1,22,0,18,18.4,25.8,11.8,0.0,68.0,14.0,19.1,71.0,10.8,16.0,74.0,11.5,16.7,82.0,10.8,15.9,86.0,10.3,18.2,79.0,12.3,20.1,77.0,11.7,0.7,4.3,4.7,4.8,18.56,2.66,11,0,0,11,0,0,9,0,0,6,0,0
2024-02-11,2024,2,11,42,6,14,1,0.66126,0.75015,0.9921,0.12546,103,218,2,-0.1034,0.01923,8,0,3,20,28,0,25,0,32,19.6,27.2,13.3,0.0,67.0,13.9,18.5,68.0,12.7,16.0,70.0,13.1,16.5,82.0,11.2,15.1,88.0,10.6,18.5,78.0,10.7,19.9,79.0,10.0,0.7,4.3,4.7,4.8,18.82,2.7,7,0,0,20,0,0,10,0,0,12,2,0
2024-02-12,2024,2,12,43,7,7,0,0.67407,0.73867,0.99583,0.09126,99,211,1,-0.115,0.01,14,1,8,3,11,1,14,0,30,20.1,27.7,13.4,0.0,65.0,14.3,20.0,68.0,12.9,16.2,70.0,14.2,14.3,82.0,11.5,15.2,84.0,11.2,18.7,82.0,10.1,19.2,82.0,9.5,0.7,4.3,4.7,4.8,19.1,2.74,11,0,0,6,0,0,10,0,0,10,0,0
2024-02-13,2024,2,13,44,7,13,0,0.68668,0.72696,0.99838,0.05695,90,209,1,-0.2417,0.01099,7,0,14,8,22,0,15,0,24,20.5,28.3,13.2,0.0,60.0,15.1,19.8,82.0,10.4,18.4,68.0,12.8,14.7,85.0,12.8,14.3,83.0,10.7,17.6,82.0,10.7,18.0,83.0,9.2,0.0,3.7,4.7,4.8,19.25,2.37,6,0,0,19,0,0,3,0,0,8,0,0
2024-02-14,2024,2,14,45,7,8,0,0.69908,0.71504,0.99975,0.02258,73,197,1,-0.408,0.01351,13,0,7,14,25,0,20,0,20,21.7,28.2,15.7,0.0,68.0,12.5,19.8,74.0,10.4,19.3,76.0,11.8,16.7,81.0,12.0,14.8,79.0,11.2,17.0,84.0,12.0,17.8,82.0,10.9,0.0,3.5,4.3,4.8,19.42,2.27,5,0,0,9,1,0,13,0,0,8,0,0
2024-02-15,2024,2,15,46,7,5,0,0.71128,0.70291,0.99993,-0.01183,58,185,1,-0.5391,0.01695,8,0,13,7,20,0,17,0,18,22.3,28.6,17.4,0.6,75.0,11.2,17.4,66.0,12.5,20.0,83.0,10.3,17.4,79.0,11.5,16.2,80.0,11.5,16.5,82.0,10.4,17.5,84.0,11.9,0.6,1.5,4.9,5.4,19.59,0.98,16,1,0,10,0,0,12,1,0,15,1,0
2024-02-16,2024,2,16,47,7,3,0,0.72326,0.69057,0.99893,-0.04622,58,177,1,-0.5083,0.01695,5,0,8,13,3,0,11,0,14,22.1,29.1,16.9,0.0,67.0,12.2,17.0,66.0,12.7,20.0,85.0,8.8,16.8,77.0,10.3,17.4,82.0,10.8,15.4,85.0,10.8,17.8,79.0,12.1,0.6,1.3,4.9,5.3,19.74,0.86,3,0,0,4,0,0,11,0,0,2,0,0
2024-02-17,2024,2,17,48,7,11,0,0.73503,0.67803,0.99675,-0.08055,61,178,1,-0.4746,0.01613,3,0,5,8,8,0,10,1,22,20.9,28.1,15.2,0.0,65.0,12.9,18.4,68.0,14.0,19.1,71.0,10.8,16.0,74.0,11.5,16.7,82.0,10.8,15.9,86.0,10.3,18.2,79.0,12.3,0.6,1.3,4.9,5.3,19.86,0.86,11,0,0,9,0,0,6,0,0,10,0,0
2024-02-18,2024,2,18,49,7,7,0,0.74659,0.66529,0.99339,-0.11479,54,157,0,-0.4712,0.0,11,0,3,5,14,1,28,0,25,21.7,27.7,16.2,0.0,60.0,11.5,19.6,67.0,13.9,18.5,68.0,12.7,16.0,70.0,13.1,16.5,82.0,11.2,15.1,88.0,10.6,18.5,78.0,10.7,0.6,1.3,4.9,5.3,20.09,0.87,20,0,0,10,0,0,12,2,0,9,0,0
2024-02-19,2024,2,19,50,8,11,0,0.75792,0.65235,0.98885,-0.14889,58,157,0,-0.41,0.0,7,0,11,3,7,0,11,1,14,21.9,28.7,14.8,0.0,63.0,13.9,20.1,65.0,14.3,20.0,68.0,12.9,16.2,70.0,14.2,14.3,82.0,11.5,15.2,84.0,11.2,18.7,82.0,10.1,0.6,1.3,4.9,5.3,20.23,0.88,6,0,0,10,0,0,10,0,0,20,0,0
2024-02-20,2024,2,20,51,8,6,0,0.76903,0.63921,0.98315,-0.18282,51,141,0,-0.4286,0.0,11,0,7,11,13,0,22,0,15,22.7,28.8,16.7,0.2,78.0,12.1,20.5,60.0,15.1,19.8,82.0,10.4,18.4,68.0,12.8,14.7,85.0,12.8,14.3,83.0,10.7,17.6,82.0,10.7,0.8,0.8,4.5,5.5,20.44,0.55,19,0,0,3,0,0,8,0,0,19,0,0
2024-02-21,2024,2,21,52,8,5,0,0.77991,0.62589,0.97628,-0.21653,48,121,0,-0.3378,0.0,6,0,11,7,8,0,25,0,20,24.3,29.9,21.2,0.0,80.0,8.7,21.7,68.0,12.5,19.8,74.0,10.4,19.3,76.0,11.8,16.7,81.0,12.0,14.8,79.0,11.2,17.0,84.0,12.0,0.8,0.8,4.3,5.1,20.76,0.55,9,1,0,13,0,0,8,0,0,14,1,0
2024-02-22,2024,2,22,53,8,16,1,0.79056,0.61238,0.96825,-0.24998,59,117,1,0.0169,0.01667,5,0,6,11,5,0,20,0,17,23.1,27.3,19.9,4.0,85.0,7.4,22.3,75.0,11.2,17.4,66.0,12.5,20.0,83.0,10.3,17.4,79.0,11.5,16.2,80.0,11.5,16.5,82.0,10.4,4.2,4.8,5.7,9.1,21.16,3.39,10,0,0,12,1,0,15,1,0,11,0,0
2024-02-23,2024,2,23,54,8,3,0,0.80098,0.59869,0.95908,-0.28314,59,117,1,0.0169,0.01667,16,1,5,6,3,0,3,0,11,21.1,25.2,17.5,6.5,82.0,7.7,22.1,67.0,12.2,17.0,66.0,12.7,20.0,85.0,8.8,16.8,77.0,10.3,17.4,82.0,10.8,15.4,85.0,10.8,10.7,11.3,12.0,15.6,21.46,8.08,4,0,0,11,0,0,2,0,0,6,0,0
2024-02-24,2024,2,24,55,8,11,0,0.81116,0.58482,0.94877,-0.31596,59,120,1,-0.0323,0.01667,3,0,16,5,11,0,8,0,10,21.7,28.3,15.7,0.0,72.0,12.6,20.9,65.0,12.9,18.4,68.0,14.0,19.1,71.0,10.8,16.0,74.0,11.5,16.7,82.0,10.8,15.9,86.0,10.3,10.7,11.3,12.0,15.6,21.69,8.17,9,0,0,6,0,0,10,0,0,4,1,0
2024-02-25,2024,2,25,56,8,20,0,0.8211,0.57078,0.93734,-0.34841,72,126,1,0.3273,0.0137,11,0,3,16,7,0,14,1,28,21.1,26.5,17.3,1.7,62.0,9.2,21.7,60.0,11.5,19.6,67.0,13.9,18.5,68.0,12.7,16.0,70.0,13.1,16.5,82.0,11.2,15.1,88.0,10.6,12.4,13.0,13.7,17.3,21.8,9.45,10,0,0,12,2,0,9,0,0,11,0,0
2024-02-26,2024,2,26,57,9,6,0,0.8308,0.55658,0.9248,-0.38045,67,125,1,0.1525,0.01471,20,0,11,3,11,0,7,0,11,20.8,28.1,14.1,0.0,63.0,14.0,21.9,63.0,13.9,20.1,65.0,14.3,20.0,68.0,12.9,16.2,70.0,14.2,14.3,82.0,11.5,15.2,84.0,11.2,12.4,13.0,13.7,17.3,21.85,9.47,10,0,0,10,0,0,20,0,0,10,0,0
2024-02-27,2024,2,27,58,9,19,0,0.84025,0.5422,0.91117,-0.41203,80,131,1,0.5577,0.01235,6,0,20,11,6,0,13,0,22,21.4,27.6,16.0,0.0,55.0,11.6,22.7,78.0,12.1,20.5,60.0,15.1,19.8,82.0,10.4,18.4,68.0,12.8,14.7,85.0,12.8,14.3,83.0,10.7,12.2,13.0,13.0,16.7,21.91,9.49,3,0,0,8,0,0,19,0,0,4,0,0
2024-02-28,2024,2,28,59,9,9,1,0.84945,0.52767,0.89646,-0.44313,84,132,2,0.7347,0.02353,19,0,6,20,5,0,8,0,25,22.1,28.4,16.1,0.0,59.0,12.3,24.3,80.0,8.7,21.7,68.0,12.5,19.8,74.0,10.4,19.3,76.0,11.8,16.7,81.0,12.0,14.8,79.0,11.2,12.2,13.0,13.0,16.5,21.94,9.51,13,0,0,8,0,0,14,1,0,14,0,0
2024-02-29,2024,2,29,60,9,10,0,0.8584,0.51298,0.88068,-0.47371,78,137,1,0.3167,0.01266,9,1,19,6,16,1,5,0,20,22.9,29.9,17.5,0.0,60.0,12.4,23.1,85.0,7.4,22.3,75.0,11.2,17.4,66.0,12.5,20.0,83.0,10.3,17.4,79.0,11.5,16.2,80.0,11.5,8.2,12.4,13.0,13.9,21.99,9.09,12,1,0,15,1,0,11,0,0,10,0,0
2024-03-01,2024,3,1,61,9,4,0,0.8671,0.49814,0.86387,-0.50372,79,138,1,0.3333,0.0125,10,0,9,19,3,0,3,0,3,22.4,29.9,15.6,0.0,57.0,14.3,21.1,82.0,7.7,22.1,67.0,12.2,17.0,66.0,12.7,20.0,85.0,8.8,16.8,77.0,10.3,17.4,82.0,10.8,1.7,12.4,13.0,13.7,22.01,9.1,11,0,0,2,0,0,6,0,0,4,0,0
2024-03-02,2024,3,2,62,9,9,0,0.87554,0.48315,0.84603,-0.53314,77,136,1,0.3,0.01282,4,0,10,9,11,0,11,0,8,22.5,30.1,15.3,0.0,55.0,14.8,21.7,72.0,12.6,20.9,65.0,12.9,18.4,68.0,14.0,19.1,71.0,10.8,16.0,74.0,11.5,16.7,82.0,10.8,1.7,12.4,13.0,13.7,22.12,9.14,6,0,0,10,0,0,4,1,0,11,0,0
2024-03-03,2024,3,3,63,9,10,0,0.88372,0.46802,0.82719,-0.56192,67,139,1,-0.0685,0.01471,9,0,4,10,20,0,7,0,14,24.0,30.8,16.5,0.0,57.0,14.3,21.1,62.0,9.2,21.7,60.0,11.5,19.6,67.0,13.9,18.5,68.0,12.7,16.0,70.0,13.1,16.5,82.0,11.2,0.0,12.4,13.0,13.7,22.29,9.21,12,2,0,9,0,0,11,0,0,21,0,0
2024-03-04,2024,3,4,64,10,10,0,0.89164,0.45274,0.80737,-0.59004,71,138,1,0.0588,0.01389,10,0,9,4,6,0,11,0,7,23.4,29.4,19.0,1.5,68.0,10.4,20.8,63.0,14.0,21.9,63.0,13.9,20.1,65.0,14.3,20.0,68.0,12.9,16.2,70.0,14.2,14.3,82.0,11.5,1.5,13.9,14.5,15.2,22.39,10.37,10,0,0,20,0,0,10,0,0,14,0,0
2024-03-05,2024,3,5,65,10,3,0,0.8993,0.43734,0.7866,-0.61747,55,135,1,-0.3086,0.01786,10,0,10,9,19,0,6,0,13,24.9,31.0,19.8,0.0,64.0,11.2,21.4,55.0,11.6,22.7,78.0,12.1,20.5,60.0,15.1,19.8,82.0,10.4,18.4,68.0,12.8,14.7,85.0,12.8,1.5,13.7,14.5,14.5,22.55,10.3,8,0,0,19,0,0,4,0,0,10,0,0
2024-03-06,2024,3,6,66,10,13,0,0.90669,0.42181,0.76489,-0.64416,59,143,0,-0.2941,0.0,3,0,10,10,9,1,5,0,8,22.4,29.4,16.2,0.0,56.0,13.2,22.1,59.0,12.3,24.3,80.0,8.7,21.7,68.0,12.5,19.8,74.0,10.4,19.3,76.0,11.8,16.7,81.0,12.0,1.5,13.7,14.5,14.5,22.41,10.23,8,0,0,14,1,0,14,0,0,6,0,0
2024-03-07,2024,3,7,67,10,12,1,0.91381,0.40615,0.74228,-0.67009,61,139,1,-0.2152,0.01613,13,0,3,10,10,0,16,1,5,22.4,30.2,14.3,0.0,49.0,15.9,22.9,60.0,12.4,23.1,85.0,7.4,22.3,75.0,11.2,17.4,66.0,12.5,20.0,83.0,10.3,17.4,79.0,11.5,1.5,9.7,13.9,14.5,22.36,7.23,15,1,0,11,0,0,10,0,0,11,0,0
2024-03-08,2024,3,8,68,10,11,0,0.92066,0.39037,0.71879,-0.69523,68,147,1,-0.1375,0.01449,12,1,13,3,4,0,3,0,3,22.8,30.9,15.6,0.0,47.0,15.3,22.4,57.0,14.3,21.1,82.0,7.7,22.1,67.0,12.2,17.0,66.0,12.7,20.0,85.0,8.8,16.8,77.0,10.3,1.5,3.2,13.9,14.5,22.49,2.4,2,0,0,6,0,0,4,0,0,1,0,0
2024-03-09,2024,3,9,69,10,6,0,0.92724,0.37447,0.69445,-0.71954,65,142,1,-0.1538,0.01515,11,0,12,13,9,0,11,0,11,22.9,30.2,16.6,0.0,44.0,13.6,22.5,55.0,14.8,21.7,72.0,12.6,20.9,65.0,12.9,18.4,68.0,14.0,19.1,71.0,10.8,16.0,74.0,11.5,1.5,3.2,13.9,14.5,22.57,2.41,10,0,0,4,1,0,11,0,0,9,0,0
2024-03-10,2024,3,10,70,10,12,2,0.93354,0.35847,0.66929,-0.743,67,134,3,0.0,0.04412,6,0,11,12,10,0,20,0,7,23.2,29.8,16.7,0.0,44.0,13.1,24.0,57.0,14.3,21.1,62.0,9.2,21.7,60.0,11.5,19.6,67.0,13.9,18.5,68.0,12.7,16.0,70.0,13.1,1.5,1.5,13.9,14.5,22.72,1.14,9,0,0,11,0,0,21,0,0,13,0,0
2024-03-11,2024,3,11,71,11,10,0,0.93957,0.34236,0.64334,-0.76558,67,138,3,-0.0556,0.04412,12,2,6,11,10,0,6,0,11,23.3,31.8,15.0,0.0,50.0,16.8,23.4,68.0,10.4,20.8,63.0,14.0,21.9,63.0,13.9,20.1,65.0,14.3,20.0,68.0,12.9,16.2,70.0,14.2,0.0,1.5,13.9,14.5,22.9,1.15,20,0,0,10,0,0,14,0,0,5,0,0
2024-03-12,2024,3,12,72,11,8,0,0.94532,0.32614,0.61662,-0.78726,72,127,3,0.3036,0.0411,10,0,12,6,3,0,19,0,6,25.0,33.3,17.2,0.0,59.0,16.1,24.9,64.0,11.2,21.4,55.0,11.6,22.7,78.0,12.1,20.5,60.0,15.1,19.8,82.0,10.4,18.4,68.0,12.8,0.0,1.5,13.7,14.5,23.16,1.16,19,0,0,4,0,0,10,0,0,15,0,0
2024-03-13,2024,3,13,73,11,8,0,0.95079,0.30983,0.58918,-0.808,67,126,3,0.1333,0.04412,8,0,10,12,13,0,9,1,5,26.8,33.7,21.0,0.0,64.0,12.7,22.4,56.0,13.2,22.1,59.0,12.3,24.3,80.0,8.7,21.7,68.0,12.5,19.8,74.0,10.4,19.3,76.0,11.8,0.0,1.5,13.7,14.5,23.49,1.17,14,1,0,14,0,0,6,0,0,0,0,0
2024-03-14,2024,3,14,74,11,15,1,0.95598,0.29343,0.56103,-0.82779,70,131,3,0.1452,0.04225,8,0,8,10,12,1,10,0,16,25.5,30.7,21.6,1.0,78.0,9.1,22.4,49.0,15.9,22.9,60.0,12.4,23.1,85.0,7.4,22.3,75.0,11.2,17.4,66.0,12.5,20.0,83.0,10.3,1.0,2.5,10.7,14.9,23.68,1.97,11,0,0,10,0,0,11,0,0,18,0,0
2024-03-15,2024,3,15,75,11,2,0,0.96089,0.27695,0.53223,-0.8466,61,129,3,-0.1014,0.04839,15,1,8,8,11,0,4,0,3,26.5,33.8,21.1,0.1,68.0,12.7,22.8,47.0,15.3,22.4,57.0,14.3,21.1,82.0,7.7,22.1,67.0,12.2,17.0,66.0,12.7,20.0,85.0,8.8,1.1,2.6,4.3,15.0,23.97,2.08,6,0,0,4,0,0,1,0,0,2,0,0
2024-03-16,2024,3,16,76,11,10,0,0.96551,0.26038,0.50279,-0.86441,65,130,3,0.0,0.04545,2,0,15,8,6,0,9,0,11,26.6,34.1,19.4,0.4,62.0,14.7,22.9,44.0,13.6,22.5,55.0,14.8,21.7,72.0,12.6,20.9,65.0,12.9,18.4,68.0,14.0,19.1,71.0,10.8,1.5,3.0,4.7,15.4,24.26,2.43,4,1,0,11,0,0,9,0,0,14,1,0
2024-03-17,2024,3,17,77,11,9,0,0.96984,0.24373,0.47276,-0.88119,62,129,1,-0.0735,0.01587,10,0,2,15,12,2,10,0,20,27.0,33.9,20.4,0.0,59.0,13.5,23.2,44.0,13.1,24.0,57.0,14.3,21.1,62.0,9.2,21.7,60.0,11.5,19.6,67.0,13.9,18.5,68.0,12.7,1.5,3.0,3.0,15.4,24.48,2.45,11,0,0,21,0,0,13,0,0,8,0,0
2024-03-18,2024,3,18,78,12,20,0,0.97389,0.22701,0.44217,-0.89693,72,139,1,0.0735,0.0137,9,0,10,2,10,0,10,0,6,27.5,33.5,21.6,0.0,59.0,11.9,23.3,50.0,16.8,23.4,68.0,10.4,20.8,63.0,14.0,21.9,63.0,13.9,20.1,65.0,14.3,20.0,68.0,12.9,1.5,1.5,3.0,15.4,24.77,1.24,10,0,0,14,0,0,5,0,0,34,0,0
2024-03-19,2024,3,19,79,12,19,0,0.97765,0.21022,0.41105,-0.91161,83,155,1,0.1507,0.0119,20,0,9,10,8,0,3,0,19,26.0,30.9,21.9,4.5,65.0,9.0,25.0,59.0,16.1,24.9,64.0,11.2,21.4,55.0,11.6,22.7,78.0,12.1,20.5,60.0,15.1,19.8,82.0,10.4,6.0,6.0,7.5,19.7,24.85,4.97,4,0,0,10,0,0,15,0,0,34,0,0
2024-03-20,2024,3,20,80,12,14,1,0.98112,0.19338,0.37945,-0.92521,89,156,2,0.3235,0.02222,19,0,20,9,8,0,13,0,9,23.9,27.7,20.0,2.5,70.0,7.7,26.8,64.0,12.7,22.4,56.0,13.2,22.1,59.0,12.3,24.3,80.0,8.7,21.7,68.0,12.5,19.8,74.0,10.4,8.5,8.5,10.0,22.2,24.96,7.07,14,0,0,6,0,0,0,0,0,17,0,0
2024-03-21,2024,3,21,81,12,11,0,0.98431,0.17647,0.3474,-0.93772,85,155,1,0.2113,0.01163,14,1,19,20,15,1,12,1,10,21.9,28.3,18.8,10.4,80.0,9.5,25.5,78.0,9.1,22.4,49.0,15.9,22.9,60.0,12.4,23.1,85.0,7.4,22.3,75.0,11.2,17.4,66.0,12.5,17.9,18.9,20.4,28.6,24.92,15.7,10,0,0,11,0,0,18,0,0,23,1,0
2024-03-22,2024,3,22,82,12,6,0,0.9872,0.15951,0.31494,-0.94911,89,150,1,0.4516,0.01111,11,0,14,19,2,0,11,0,4,22.3,28.2,16.6,0.3,74.0,11.6,26.5,68.0,12.7,22.8,47.0,15.3,22.4,57.0,14.3,21.1,82.0,7.7,22.1,67.0,12.2,17.0,66.0,12.7,18.1,19.2,20.7,22.4,24.89,15.93,4,0,0,1,0,0,2,0,0,13,0,0
2024-03-23,2024,3,23,83,12,4,1,0.98979,0.14251,0.28211,-0.95938,83,148,2,0.2727,0.02381,6,0,11,14,10,0,6,0,9,24.8,30.9,18.3,0.0,68.0,12.6,26.6,62.0,14.7,22.9,44.0,13.6,22.5,55.0,14.8,21.7,72.0,12.6,20.9,65.0,12.9,18.4,68.0,14.0,17.7,19.2,20.7,22.4,25.02,16.01,11,0,0,9,0,0,14,1,0,17,0,0
2024-03-24,2024,3,24,84,12,11,0,0.9921,0.12546,0.24894,-0.96852,85,147,2,0.3651,0.02326,4,1,6,11,9,0,12,2,10,25.4,32.6,20.6,0.6,78.0,12.0,27.0,59.0,13.5,23.2,44.0,13.1,24.0,57.0,14.3,21.1,62.0,9.2,21.7,60.0,11.5,19.6,67.0,13.9,18.3,19.8,21.3,21.3,25.18,16.62,21,0,0,13,0,0,8,0,0,34,0,0
2024-03-25,2024,3,25,85,13,10,0,0.99411,0.10838,0.21548,-0.97651,75,147,2,0.0411,0.02632,11,0,4,6,20,0,10,0,10,25.3,32.8,20.3,4.2,80.0,12.5,27.5,59.0,11.9,23.3,50.0,16.8,23.4,68.0,10.4,20.8,63.0,14.0,21.9,63.0,13.9,20.1,65.0,14.3,22.5,24.0,24.0,25.5,25.32,20.26,14,0,0,5,0,0,34,0,0,37,0,0
2024-03-26,2024,3,26,86,13,4,0,0.99583,0.09126,0.18176,-0.98334,60,143,2,-0.2738,0.03279,10,0,11,4,19,0,8,0,3,26.1,32.0,21.3,0.0,69.0,10.7,26.0,65.0,9.0,25.0,59.0,16.1,24.9,64.0,11.2,21.4,55.0,11.6,22.7,78.0,12.1,20.5,60.0,15.1,18.0,24.0,24.0,25.5,25.4,20.32,10,0,0,15,0,0,34,0,0,11,0,0
2024-03-27,2024,3,27,87,13,14,0,0.99725,0.07412,0.14783,-0.98901,60,149,1,-0.3222,0.01639,4,0,10,11,14,1,8,0,13,25.6,32.7,20.8,22.0,76.0,11.9,23.9,70.0,7.7,26.8,64.0,12.7,22.4,56.0,13.2,22.1,59.0,12.3,24.3,80.0,8.7,21.7,68.0,12.5,37.5,46.0,46.0,47.5,25.31,38.81,6,0,0,0,0,0,17,0,0,33,0,0
2024-03-28,2024,3,28,88,13,10,0,0.99838,0.05695,0.11372,-0.99351,59,144,1,-0.3023,0.01667,14,0,4,10,11,0,15,1,12,25.1,30.5,21.7,11.0,84.0,8.8,21.9,80.0,9.5,25.5,78.0,9.1,22.4,49.0,15.9,22.9,60.0,12.4,23.1,85.0,7.4,22.3,75.0,11.2,38.1,56.0,57.0,58.5,25.29,47.21,11,0,0,18,0,0,23,1,0,19,0,0
2024-03-29,2024,3,29,89,13,4,0,0.99921,0.03977,0.07948,-0.99684,57,146,1,-0.3556,0.01724,10,0,14,4,6,0,2,0,11,26.4,31.4,21.8,0.5,79.0,9.6,22.3,74.0,11.6,26.5,68.0,12.7,22.8,47.0,15.3,22.4,57.0,14.3,21.1,82.0,7.7,22.1,67.0,12.2,38.3,56.4,57.5,59.0,25.28,47.53,1,0,0,2,0,0,13,0,0,8,0,0
2024-03-30,2024,3,30,90,13,11,0,0.99975,0.02258,0.04514,-0.99898,64,147,0,-0.2262,0.0,4,0,10,14,4,1,10,0,6,26.9,32.2,21.6,6.1,85.0,10.6,24.8,68.0,12.6,26.6,62.0,14.7,22.9,44.0,13.6,22.5,55.0,14.8,21.7,72.0,12.6,20.9,65.0,12.9,44.4,62.1,63.6,65.1,25.3,52.37,9,0,0,14,1,0,17,0,0,15,0,0
2024-03-31,2024,3,31,91,13,21,0,0.99999,0.00538,0.01075,-0.99994,74,159,0,-0.1279,0.0,11,0,4,10,11,0,9,0,12,27.9,32.8,24.1,0.7,83.0,8.7,25.4,78.0,12.0,27.0,59.0,13.5,23.2,44.0,13.1,24.0,57.0,14.3,21.1,62.0,9.2,21.7,60.0,11.5,44.5,62.8,64.3,65.8,25.36,53.09,13,0,0,8,0,0,34,0,0,31,0,0
2024-04-01,2024,4,1,92,14,14,0,0.99993,-0.01183,-0.02365,-0.99972,78,153,0,0.0395,0.0,21,0,11,4,10,0,20,0,10,29.5,36.4,24.6,0.0,71.0,11.8,25.3,80.0,12.5,27.5,59.0,11.9,23.3,50.0,16.8,23.4,68.0,10.4,20.8,63.0,14.0,21.9,63.0,13.9,40.3,62.8,64.3,64.3,25.51,53.4,5,0,0,34,0,0,37,0,0,28,0,0
2024-04-02,2024,4,2,93,14,10,0,0.99958,-0.02903,-0.05803,-0.99832,84,144,0,0.3934,0.0,14,0,21,11,4,0,19,0,8,29.7,36.1,25.0,0.0,71.0,11.1,26.1,69.0,10.7,26.0,65.0,9.0,25.0,59.0,16.1,24.9,64.0,11.2,21.4,55.0,11.6,22.7,78.0,12.1,40.3,58.3,64.3,64.3,25.77,50.08,15,0,0,34,0,0,11,0,0,24,0,0
2024-04-03,2024,4,3,94,14,6,0,0.99893,-0.04622,-0.09233,-0.99573,76,136,0,0.2623,0.0,10,0,14,21,14,0,14,1,8,30.1,35.8,25.7,0.1,66.0,10.1,25.6,76.0,11.9,23.9,70.0,7.7,26.8,64.0,12.7,22.4,56.0,13.2,22.1,59.0,12.3,24.3,80.0,8.7,18.4,55.9,64.4,64.4,26.21,48.84,0,0,0,17,0,0,33,0,0,11,0,0
2024-04-04,2024,4,4,95,14,11,0,0.99799,-0.06339,-0.12653,-0.99196,77,136,0,0.3,0.0,6,0,10,14,10,0,11,0,15,30.2,37.0,25.1,0.0,69.0,11.9,25.1,84.0,8.8,21.9,80.0,9.5,25.5,78.0,9.1,22.4,49.0,15.9,22.9,60.0,12.4,23.1,85.0,7.4,7.4,45.5,63.4,64.4,26.81,40.66,18,0,0,23,1,0,19,0,0,19,0,0
2024-04-05,2024,4,5,96,14,1,0,0.99675,-0.08055,-0.16057,-0.98702,74,131,0,0.2931,0.0,11,0,6,10,4,0,6,0,2,30.3,36.5,25.3,0.3,73.0,11.2,26.4,79.0,9.6,22.3,74.0,11.6,26.5,68.0,12.7,22.8,47.0,15.3,22.4,57.0,14.3,21.1,82.0,7.7,7.2,45.5,63.6,64.7,27.38,41.53,2,0,0,13,0,0,8,0,0,9,3,0
2024-04-06,2024,4,6,97,14,9,0,0.99522,-0.09768,-0.19443,-0.98092,72,136,0,0.1231,0.0,1,0,11,6,11,0,4,1,10,31.4,37.9,26.1,0.0,66.0,11.8,26.9,85.0,10.6,24.8,68.0,12.6,26.6,62.0,14.7,22.9,44.0,13.6,22.5,55.0,14.8,21.7,72.0,12.6,1.1,45.5,63.2,64.7,27.85,42.24,14,1,0,17,0,0,15,0,0,13,0,0
2024-04-07,2024,4,7,98,14,13,0,0.99339,-0.11479,-0.22806,-0.97365,64,138,0,-0.1333,0.0,9,0,1,11,21,0,11,0,9,29.8,35.8,26.0,1.9,72.0,9.8,27.9,83.0,8.7,25.4,78.0,12.0,27.0,59.0,13.5,23.2,44.0,13.1,24.0,57.0,14.3,21.1,62.0,9.2,2.3,46.8,65.1,66.6,28.16,43.93,8,0,0,34,0,0,31,0,0,27,0,0
2024-04-08,2024,4,8,99,15,5,0,0.99127,-0.13186,-0.26141,-0.96523,55,133,0,-0.2911,0.0,13,0,9,1,14,0,10,0,20,28.0,31.7,24.6,0.1,64.0,7.1,29.5,71.0,11.8,25.3,80.0,12.5,27.5,59.0,11.9,23.3,50.0,16.8,23.4,68.0,10.4,20.8,63.0,14.0,2.4,42.7,65.2,66.7,28.36,40.37,34,0,0,37,0,0,28,0,0,35,0,0
2024-04-09,2024,4,9,100,15,15,0,0.98885,-0.14889,-0.29446,-0.95566,60,144,0,-0.2824,0.0,5,0,13,9,10,0,4,0,19,28.3,34.8,21.6,0.0,62.0,13.2,29.7,71.0,11.1,26.1,69.0,10.7,26.0,65.0,9.0,25.0,59.0,16.1,24.9,64.0,11.2,21.4,55.0,11.6,2.4,42.7,60.7,66.7,28.51,40.58,34,0,0,11,0,0,24,0,0,15,0,0
2024-04-10,2024,4,10,101,15,0,0,0.98615,-0.16588,-0.32716,-0.94497,54,130,0,-0.2857,0.0,15,0,5,13,6,0,14,0,14,29.0,35.7,21.3,0.0,57.0,14.4,30.1,66.0,10.1,25.6,76.0,11.9,23.9,70.0,7.7,26.8,64.0,12.7,22.4,56.0,13.2,22.1,59.0,12.3,2.3,20.7,58.2,66.7,28.76,19.84,17,0,0,33,0,0,11,0,0,22,2,0
2024-04-11,2024,4,11,102,15,18,0,0.98315,-0.18282,-0.35947,-0.93316,61,138,0,-0.2051,0.0,0,0,15,5,11,0,10,0,11,27.6,34.5,22.4,0.0,70.0,12.1,30.2,69.0,11.9,25.1,84.0,8.8,21.9,80.0,9.5,25.5,78.0,9.1,22.4,49.0,15.9,22.9,60.0,12.4,2.3,9.7,47.8,65.7,28.94,9.36,23,1,0,19,0,0,19,0,0,31,0,0
2024-04-12,2024,4,12,103,15,2,0,0.97986,-0.1997,-0.39136,-0.92024,62,136,0,-0.16,0.0,18,0,0,15,1,0,4,0,6,29.6,35.7,24.3,0.1,55.0,11.4,30.3,73.0,11.2,26.4,79.0,9.6,22.3,74.0,11.6,26.5,68.0,12.7,22.8,47.0,15.3,22.4,57.0,14.3,2.1,9.3,47.6,65.7,29.16,9.04,13,0,0,8,0,0,9,3,0,6,0,0
2024-04-13,2024,4,13,104,15,14,1,0.97628,-0.21653,-0.42278,-0.90623,67,139,1,-0.0685,0.01471,2,0,18,0,9,0,11,0,4,29.1,36.3,23.3,0.1,55.0,13.0,31.4,66.0,11.8,26.9,85.0,10.6,24.8,68.0,12.6,26.6,62.0,14.7,22.9,44.0,13.6,22.5,55.0,14.8,2.2,3.3,47.7,65.4,29.32,3.23,17,0,0,15,0,0,13,0,0,17,0,0
2024-04-14,2024,4,14,105,15,8,0,0.97241,-0.23329,-0.4537,-0.89115,62,126,1,-0.0308,0.01587,14,1,2,18,13,0,21,0,11,28.7,35.4,22.3,0.8,61.0,13.1,29.8,72.0,9.8,27.9,83.0,8.7,25.4,78.0,12.0,27.0,59.0,13.5,23.2,44.0,13.1,24.0,57.0,14.3,1.1,3.4,47.9,66.2,29.38,3.33,34,0,0,31,0,0,27,0,0,46,0,0
2024-04-15,2024,4,15,106,16,34,0,0.96825,-0.24998,-0.48409,-0.87502,91,146,1,0.6429,0.01087,8,0,14,2,5,0,14,0,10,30.6,37.0,23.3,0.1,56.0,13.7,28.0,64.0,7.1,29.5,71.0,11.8,25.3,80.0,12.5,27.5,59.0,11.9,23.3,50.0,16.8,23.4,68.0,10.4,1.1,3.5,43.8,66.3,29.46,3.44,37,0,0,28,0,0,35,0,0,36,0,0
2024-04-16,2024,4,16,107,16,34,0,0.96381,-0.2666,-0.5139,-0.85785,110,170,1,0.8197,0.00901,34,0,8,14,15,0,10,0,4,30.1,36.1,24.8,0.6,64.0,11.3,28.3,62.0,13.2,29.7,71.0,11.1,26.1,69.0,10.7,26.0,65.0,9.0,25.0,59.0,16.1,24.9,64.0,11.2,1.7,4.1,44.4,62.4,29.49,4.03,11,0,0,24,0,0,15,0,0,28,0,0
2024-04-17,2024,4,17,108,16,17,0,0.95908,-0.28314,-0.54311,-0.83966,127,181,1,1.3273,0.00781,34,0,34,8,0,0,6,0,14,30.3,36.7,26.1,1.5,70.0,10.6,29.0,57.0,14.4,30.1,66.0,10.1,25.6,76.0,11.9,23.9,70.0,7.7,26.8,64.0,12.7,22.4,56.0,13.2,3.2,5.5,23.9,61.4,29.5,5.41,33,0,0,11,0,0,22,2,0,21,3,0
2024-04-18,2024,4,18,109,16,23,1,0.95407,-0.29959,-0.57167,-0.82049,132,193,2,1.1452,0.01504,17,0,34,34,18,0,11,0,10,30.1,37.0,25.7,0.0,71.0,11.3,27.6,70.0,12.1,30.2,69.0,11.9,25.1,84.0,8.8,21.9,80.0,9.5,25.5,78.0,9.1,22.4,49.0,15.9,3.2,5.5,12.9,51.0,29.49,5.41,19,0,0,19,0,0,31,0,0,24,0,0
2024-04-19,2024,4,19,110,16,13,0,0.94877,-0.31596,-0.59955,-0.80034,143,205,2,1.2857,0.01389,23,1,17,34,2,0,1,0,4,31.6,39.0,26.0,0.0,65.0,13.0,29.6,55.0,11.4,30.3,73.0,11.2,26.4,79.0,9.6,22.3,74.0,11.6,26.5,68.0,12.7,22.8,47.0,15.3,3.1,5.2,12.4,50.7,29.59,5.13,8,0,0,9,3,0,6,0,0,12,1,0
2024-04-20,2024,4,20,111,16,17,0,0.9432,-0.33224,-0.62673,-0.77924,146,213,1,1.1618,0.0068,13,0,23,17,14,1,9,0,11,32.2,39.8,26.5,0.0,63.0,13.3,29.1,55.0,13.0,31.4,66.0,11.8,26.9,85.0,10.6,24.8,68.0,12.6,26.6,62.0,14.7,22.9,44.0,13.6,3.0,5.2,6.3,50.7,29.64,5.14,15,0,0,13,0,0,17,0,0,13,0,0
2024-04-21,2024,4,21,112,16,34,0,0.93734,-0.34841,-0.65316,-0.75722,172,234,1,1.746,0.00578,17,0,13,23,8,0,13,0,21,32.0,38.8,27.1,0.0,68.0,11.7,28.7,61.0,13.1,29.8,72.0,9.8,27.9,83.0,8.7,25.4,78.0,12.0,27.0,59.0,13.5,23.2,44.0,13.1,2.2,3.3,5.6,50.1,29.8,3.28,31,0,0,27,0,0,46,0,0,34,0,0
2024-04-22,2024,4,22,113,17,37,0,0.93121,-0.36448,-0.67882,-0.7343,175,266,1,0.913,0.00568,34,0,17,13,34,0,5,0,14,31.9,38.9,26.9,0.0,65.0,12.0,30.6,56.0,13.7,28.0,64.0,7.1,29.5,71.0,11.8,25.3,80.0,12.5,27.5,59.0,11.9,23.3,50.0,16.8,2.1,3.2,5.6,45.9,30.08,3.21,28,0,0,35,0,0,36,0,0,27,0,0
2024-04-23,2024,4,23,114,17,11,0,0.9248,-0.38045,-0.70368,-0.71052,152,262,1,0.3784,0.00654,37,0,34,17,34,0,15,0,10,31.6,37.7,26.0,0.0,60.0,11.7,30.1,64.0,11.3,28.3,62.0,13.2,29.7,71.0,11.1,26.1,69.0,10.7,26.0,65.0,9.0,25.0,59.0,16.1,1.5,3.2,5.6,45.9,30.31,3.23,24,0,0,15,0,0,28,0,0,21,0,0
2024-04-24,2024,4,24,115,17,33,0,0.91812,-0.3963,-0.7277,-0.68589,168,295,1,0.3203,0.00592,11,0,37,34,17,0,0,0,6,32.2,38.2,26.7,0.0,53.0,11.5,30.3,70.0,10.6,29.0,57.0,14.4,30.1,66.0,10.1,25.6,76.0,11.9,23.9,70.0,7.7,26.8,64.0,12.7,0.0,3.2,5.5,23.9,30.54,3.26,11,0,0,22,2,0,21,3,0,7,0,0
2024-04-25,2024,4,25,116,17,19,0,0.91117,-0.41203,-0.75086,-0.66046,164,296,0,0.2406,0.0,33,0,11,37,23,1,18,0,11,32.2,39.0,26.0,0.0,58.0,13.0,30.1,71.0,11.3,27.6,70.0,12.1,30.2,69.0,11.9,25.1,84.0,8.8,21.9,80.0,9.5,25.5,78.0,9.1,0.0,3.2,5.5,12.9,30.87,3.29,19,0,0,31,0,0,24,0,0,31,0,0
2024-04-26,2024,4,26,117,17,8,0,0.90395,-0.42765,-0.77314,-0.63424,159,302,0,0.1111,0.0,19,0,33,11,13,0,2,0,1,32.1,39.6,26.5,0.0,64.0,13.1,31.6,65.0,13.0,29.6,55.0,11.4,30.3,73.0,11.2,26.4,79.0,9.6,22.3,74.0,11.6,26.5,68.0,12.7,0.0,3.1,5.2,12.4,31.05,3.21,9,3,0,6,0,0,12,1,0,12,0,0
2024-04-27,2024,4,27,118,17,15,0,0.89646,-0.44313,-0.7945,-0.60727,157,303,0,0.0748,0.0,8,0,19,33,17,0,14,1,9,32.4,39.2,26.9,0.1,68.0,12.3,32.2,63.0,13.3,29.1,55.0,13.0,31.4,66.0,11.8,26.9,85.0,10.6,24.8,68.0,12.6,26.6,62.0,14.7,0.1,3.1,5.3,6.4,31.29,3.23,13,0,0,17,0,0,13,0,0,19,0,0
2024-04-28,2024,4,28,119,17,31,0,0.8887,-0.45849,-0.81492,-0.57958,154,326,0,-0.104,0.0,15,0,8,19,34,0,8,0,13,32.6,39.1,27.2,1.4,67.0,11.9,32.0,68.0,11.7,28.7,61.0,13.1,29.8,72.0,9.8,27.9,83.0,8.7,25.4,78.0,12.0,27.0,59.0,13.5,1.5,3.7,4.8,7.1,31.56,3.89,27,0,0,46,0,0,34,0,0,28,0,0
2024-04-29,2024,4,29,120,18,28,0,0.88068,-0.47371,-0.83437,-0.5512,145,320,0,-0.1705,0.0,31,0,15,8,37,0,34,0,5,33.6,40.9,28.1,0.0,61.0,12.8,31.9,65.0,12.0,30.6,56.0,13.7,28.0,64.0,7.1,29.5,71.0,11.8,25.3,80.0,12.5,27.5,59.0,11.9,1.5,3.6,4.7,7.1,31.78,3.81,35,0,0,36,0,0,27,0,0,16,1,0
2024-04-30,2024,4,30,121,18,24,0,0.8724,-0.48879,-0.85284,-0.52218,158,310,0,0.0392,0.0,28,0,31,15,11,0,34,0,15,33.1,40.9,27.8,0.0,63.0,13.1,31.6,60.0,11.7,30.1,64.0,11.3,28.3,62.0,13.2,29.7,71.0,11.1,26.1,69.0,10.7,26.0,65.0,9.0,1.5,3.0,4.7,7.1,31.99,3.2,15,0,0,28,0,0,21,0,0,6,1,0
2024-05-01,2024,5,1,122,18,11,0,0.86387,-0.50372,-0.87029,-0.49253,136,304,0,-0.1893,0.0,24,0,28,31,33,0,17,0,0,33.4,40.1,28.2,0.0,60.0,11.9,32.2,53.0,11.5,30.3,70.0,10.6,29.0,57.0,14.4,30.1,66.0,10.1,25.6,76.0,11.9,23.9,70.0,7.7,1.5,1.5,4.7,7.0,32.21,1.61,22,2,0,21,3,0,7,0,0,15,0,0
2024-05-02,2024,5,2,123,18,19,0,0.85507,-0.51851,-0.88672,-0.4623,136,300,0,-0.1697,0.0,11,0,24,28,19,0,23,1,18,29.7,34.9,27.2,8.4,77.0,7.7,32.2,58.0,13.0,30.1,71.0,11.3,27.6,70.0,12.1,30.2,69.0,11.9,25.1,84.0,8.8,21.9,80.0,9.5,9.9,9.9,13.1,15.4,32.19,10.62,31,0,0,24,0,0,31,0,0,25,1,0
2024-05-03,2024,5,3,124,18,9,3,0.84603,-0.53314,-0.9021,-0.43153,137,296,3,-0.1375,0.02174,19,0,11,24,8,0,13,0,2,30.8,37.8,26.3,0.0,67.0,11.5,32.1,64.0,13.1,31.6,65.0,13.0,29.6,55.0,11.4,30.3,73.0,11.2,26.4,79.0,9.6,22.3,74.0,11.6,9.9,9.9,13.0,15.1,32.13,10.6,6,0,0,12,1,0,12,0,0,18,0,0
2024-05-04,2024,5,4,125,18,13,0,0.83673,-0.54761,-0.91641,-0.40024,135,292,3,-0.1392,0.02206,9,3,19,11,15,0,17,0,14,31.3,37.3,25.8,1.4,65.0,11.5,32.4,68.0,12.3,32.2,63.0,13.3,29.1,55.0,13.0,31.4,66.0,11.8,26.9,85.0,10.6,24.8,68.0,12.6,11.2,11.3,14.3,16.5,32.06,12.08,17,0,0,13,0,0,19,0,0,16,0,0
2024-05-05,2024,5,5,126,18,27,0,0.82719,-0.56192,-0.92963,-0.36848,131,285,3,-0.1484,0.02273,13,0,9,19,31,0,34,0,8,27.7,35.7,22.3,18.4,79.0,13.4,32.6,67.0,11.9,32.0,68.0,11.7,28.7,61.0,13.1,29.8,72.0,9.8,27.9,83.0,8.7,25.4,78.0,12.0,28.2,29.7,31.9,33.0,31.76,31.44,46,0,0,34,0,0,28,0,0,34,0,0
2024-05-06,2024,5,6,127,19,35,0,0.8174,-0.57607,-0.94176,-0.33629,138,283,3,-0.0479,0.02158,27,0,13,9,28,0,37,0,34,25.6,29.7,21.6,9.7,85.0,8.1,33.6,61.0,12.8,31.9,65.0,12.0,30.6,56.0,13.7,28.0,64.0,7.1,29.5,71.0,11.8,25.3,80.0,12.5,37.9,39.4,41.5,42.6,31.31,41.12,36,0,0,27,0,0,16,1,0,22,0,0
2024-05-07,2024,5,7,128,19,15,0,0.80737,-0.59004,-0.95277,-0.3037,129,287,3,-0.1824,0.02308,35,0,27,13,24,0,11,0,34,27.4,32.8,23.8,0.1,73.0,9.0,33.1,63.0,13.1,31.6,60.0,11.7,30.1,64.0,11.3,28.3,62.0,13.2,29.7,71.0,11.1,26.1,69.0,10.7,38.0,39.5,41.0,42.7,31.01,40.83,28,0,0,21,0,0,6,1,0,35,0,0
2024-05-08,2024,5,8,129,19,22,2,0.7971,-0.60385,-0.96265,-0.27074,140,276,5,0.0292,0.03546,15,0,35,27,11,0,33,0,17,25.9,29.6,23.3,8.7,80.0,6.3,33.4,60.0,11.9,32.2,53.0,11.5,30.3,70.0,10.6,29.0,57.0,14.4,30.1,66.0,10.1,25.6,76.0,11.9,46.7,48.2,48.2,51.4,30.56,49.1,21,3,0,7,0,0,15,0,0,24,1,0
2024-05-09,2024,5,9,130,19,31,0,0.7866,-0.61747,-0.9714,-0.23747,152,288,5,0.1168,0.03268,22,2,15,35,19,0,19,0,23,27.6,31.9,23.4,0.7,75.0,8.5,29.7,77.0,7.7,32.2,58.0,13.0,30.1,71.0,11.3,27.6,70.0,12.1,30.2,69.0,11.9,25.1,84.0,8.8,39.0,48.9,48.9,52.1,30.23,49.27,24,0,0,31,0,0,25,1,0,19,0,0
2024-05-10,2024,5,10,131,19,6,0,0.77586,-0.63091,-0.97899,-0.20391,149,286,2,0.087,0.01333,31,0,22,15,9,3,8,0,13,27.6,32.8,24.1,1.8,71.0,8.7,30.8,67.0,11.5,32.1,64.0,13.1,31.6,65.0,13.0,29.6,55.0,11.4,30.3,73.0,11.2,26.4,79.0,9.6,40.8,50.7,50.7,53.8,29.91,50.55,12,1,0,12,0,0,18,0,0,16,0,0
2024-05-11,2024,5,11,132,19,17,0,0.76489,-0.64416,-0.98542,-0.17012,153,288,2,0.1324,0.01299,6,0,31,22,13,0,15,0,17,27.7,33.4,23.2,1.1,78.0,10.2,31.3,65.0,11.5,32.4,68.0,12.3,32.2,63.0,13.3,29.1,55.0,13.0,31.4,66.0,11.8,26.9,85.0,10.6,40.5,51.7,51.8,54.8,29.57,50.96,13,0,0,19,0,0,16,0,0,12,0,0
2024-05-12,2024,5,12,133,19,46,0,0.7537,-0.65722,-0.99069,-0.13612,172,303,2,0.3106,0.01156,17,0,6,31,27,0,31,0,34,28.8,33.6,24.1,0.8,75.0,9.5,27.7,79.0,13.4,32.6,67.0,11.9,32.0,68.0,11.7,28.7,61.0,13.1,29.8,72.0,9.8,27.9,83.0,8.7,22.9,51.1,52.6,54.8,29.3,49.91,34,0,0,28,0,0,34,0,0,25,1,0
2024-05-13,2024,5,13,134,20,36,0,0.74228,-0.67009,-0.99479,-0.10196,173,311,2,0.2518,0.01149,46,0,17,6,35,0,28,0,37,29.8,34.2,24.7,0.0,71.0,9.5,25.6,85.0,8.1,33.6,61.0,12.8,31.9,65.0,12.0,30.6,56.0,13.7,28.0,64.0,7.1,29.5,71.0,11.8,13.2,51.1,52.6,54.7,29.03,49.45,27,0,0,16,1,0,22,0,0,47,1,0
2024-05-14,2024,5,14,135,20,28,0,0.73064,-0.68276,-0.99771,-0.06768,186,315,2,0.4385,0.0107,36,0,46,17,15,0,24,0,11,30.8,35.4,25.9,0.8,66.0,9.5,27.4,73.0,9.0,33.1,63.0,13.1,31.6,60.0,11.7,30.1,64.0,11.3,28.3,62.0,13.2,29.7,71.0,11.1,13.9,51.9,53.4,54.9,28.86,49.93,21,0,0,6,1,0,35,0,0,15,0,0
2024-05-15,2024,5,15,136,20,21,3,0.71879,-0.69523,-0.99944,-0.03332,185,325,3,0.3191,0.01613,28,0,36,46,22,2,11,0,33,32.2,37.2,27.0,0.0,61.0,10.2,25.9,80.0,6.3,33.4,60.0,11.9,32.2,53.0,11.5,30.3,70.0,10.6,29.0,57.0,14.4,30.1,66.0,10.1,5.2,51.9,53.4,53.4,28.78,49.79,7,0,0,15,0,0,24,1,0,32,0,0
2024-05-16,2024,5,16,137,20,24,0,0.70673,-0.70749,-1.0,0.00108,178,330,3,0.1699,0.01676,21,3,28,36,31,0,19,0,19,32.9,38.6,27.1,0.0,55.0,11.5,27.6,75.0,8.5,29.7,77.0,7.7,32.2,58.0,13.0,30.1,71.0,11.3,27.6,70.0,12.1,30.2,69.0,11.9,4.5,43.5,53.4,53.4,29.01,42.06,31,0,0,25,1,0,19,0,0,31,0,0
2024-05-17,2024,5,17,138,20,12,1,0.69445,-0.71954,-0.99937,0.03547,184,333,4,0.2333,0.02162,24,0,21,28,6,0,9,3,8,33.6,40.2,27.9,0.0,55.0,12.3,27.6,71.0,8.7,30.8,67.0,11.5,32.1,64.0,13.1,31.6,65.0,13.0,29.6,55.0,11.4,30.3,73.0,11.2,2.7,43.5,53.4,53.4,29.21,42.35,12,0,0,18,0,0,16,0,0,12,0,0
2024-05-18,2024,5,18,139,20,13,0,0.68197,-0.73138,-0.99756,0.06983,180,333,4,0.1753,0.0221,12,1,24,21,17,0,13,0,15,32.1,38.3,28.8,2.8,67.0,9.5,27.7,78.0,10.2,31.3,65.0,11.5,32.4,68.0,12.3,32.2,63.0,13.3,29.1,55.0,13.0,31.4,66.0,11.8,4.4,44.9,56.1,56.2,29.26,43.79,19,0,0,16,0,0,12,0,0,14,1,0
2024-05-19,2024,5,19,140,20,34,0,0.66929,-0.743,-0.99457,0.1041,168,340,4,-0.0231,0.02367,13,0,12,24,46,0,27,0,31,29.9,34.2,27.2,0.5,77.0,7.0,28.8,75.0,9.5,27.7,79.0,13.4,32.6,67.0,11.9,32.0,68.0,11.7,28.7,61.0,13.1,29.8,72.0,9.8,4.1,27.0,55.2,56.7,29.42,26.48,28,0,0,34,0,0,25,1,0,4,0,0
2024-05-20,2024,5,20,141,21,27,0,0.65641,-0.7544,-0.9904,0.13825,159,332,4,-0.0805,0.025,34,0,13,12,36,0,35,0,28,28.5,33.0,25.8,5.3,84.0,7.2,29.8,71.0,9.5,25.6,85.0,8.1,33.6,61.0,12.8,31.9,65.0,12.0,30.6,56.0,13.7,28.0,64.0,7.1,9.4,22.6,60.5,62.0,29.63,22.32,16,1,0,22,0,0,47,1,0,0,0,0
2024-05-21,2024,5,21,142,21,21,0,0.64334,-0.76558,-0.98506,0.17224,152,338,4,-0.1818,0.02614,27,0,34,13,28,0,15,0,24,29.5,33.9,24.9,3.6,76.0,9.0,30.8,66.0,9.5,27.4,73.0,9.0,33.1,63.0,13.1,31.6,60.0,11.7,30.1,64.0,11.3,28.3,62.0,13.2,12.2,26.1,64.1,65.6,29.78,25.91,6,1,0,35,0,0,15,0,0,7,0,0
2024-05-22,2024,5,22,143,21,7,0,0.63007,-0.77654,-0.97855,0.20602,138,323,1,-0.2527,0.00719,21,0,27,34,21,3,22,2,11,29.9,34.7,26.7,0.1,74.0,8.0,32.2,61.0,10.2,25.9,80.0,6.3,33.4,60.0,11.9,32.2,53.0,11.5,30.3,70.0,10.6,29.0,57.0,14.4,12.3,17.5,64.2,65.7,30.06,17.54,15,0,0,24,1,0,32,0,0,59,1,0
2024-05-23,2024,5,23,144,21,31,0,0.61662,-0.78726,-0.97088,0.23956,145,323,1,-0.1844,0.00685,7,0,21,27,24,0,31,0,19,31.4,36.4,26.3,0.0,67.0,10.1,32.9,55.0,11.5,27.6,75.0,8.5,29.7,77.0,7.7,32.2,58.0,13.0,30.1,71.0,11.3,27.6,70.0,12.1,12.3,16.8,55.8,65.7,30.34,16.99,25,1,0,19,0,0,31,0,0,27,0,0
2024-05-24,2024,5,24,145,21,12,0,0.60299,-0.79775,-0.96207,0.27281,145,329,0,-0.2108,0.0,31,0,7,21,12,1,6,0,9,32.4,37.5,27.1,0.0,63.0,10.4,33.6,55.0,12.3,27.6,71.0,8.7,30.8,67.0,11.5,32.1,64.0,13.1,31.6,65.0,13.0,29.6,55.0,11.4,12.3,15.0,55.8,65.7,30.68,15.34,18,0,0,16,0,0,12,0,0,11,0,0
2024-05-25,2024,5,25,146,21,19,0,0.58918,-0.808,-0.95211,0.30574,151,331,0,-0.1602,0.0,12,0,31,7,13,0,17,0,13,33.2,38.4,28.6,0.4,62.0,9.8,32.1,67.0,9.5,27.7,78.0,10.2,31.3,65.0,11.5,32.4,68.0,12.3,32.2,63.0,13.3,29.1,55.0,13.0,9.9,14.3,54.8,66.0,31.07,14.81,16,0,0,12,0,0,14,1,0,28,0,0
2024-05-26,2024,5,26,147,21,28,0,0.57519,-0.81802,-0.94103,0.33831,145,313,0,-0.1361,0.0,19,0,12,31,34,0,46,0,27,30.4,36.6,27.7,8.0,72.0,8.9,29.9,77.0,7.0,28.8,75.0,9.5,27.7,79.0,13.4,32.6,67.0,11.9,32.0,68.0,11.7,28.7,61.0,13.1,17.4,21.5,44.4,72.6,31.19,22.35,34,0,0,25,1,0,4,0,0,42,0,0
2024-05-27,2024,5,27,148,22,16,1,0.56103,-0.82779,-0.92884,0.37048,134,293,1,-0.1562,0.00741,28,0,19,12,27,0,36,0,35,26.7,27.5,26.0,174.7,91.0,1.5,28.5,84.0,7.2,29.8,71.0,9.5,25.6,85.0,8.1,33.6,61.0,12.8,31.9,65.0,12.0,30.6,56.0,13.7,186.8,196.2,209.4,247.3,30.96,202.48,22,0,0,47,1,0,0,0,0,34,0,0
2024-05-28,2024,5,28,149,22,6,1,0.54671,-0.83732,-0.91555,0.40221,119,271,2,-0.2157,0.01667,16,1,28,19,21,0,28,0,15,28.4,32.4,25.2,21.5,82.0,7.2,29.5,76.0,9.0,30.8,66.0,9.5,27.4,73.0,9.0,33.1,63.0,13.1,31.6,60.0,11.7,30.1,64.0,11.3,204.7,216.9,230.8,268.8,30.79,222.61,35,0,0,15,0,0,7,0,0,43,1,0
2024-05-29,2024,5,29,150,22,15,0,0.53223,-0.8466,-0.90117,0.43347,127,265,2,-0.0791,0.01562,6,1,16,28,7,0,21,3,22,31.6,35.2,28.8,1.0,80.0,6.4,29.9,74.0,8.0,32.2,61.0,10.2,25.9,80.0,6.3,33.4,60.0,11.9,32.2,53.0,11.5,30.3,70.0,10.6,205.6,217.9,223.1,269.8,30.75,223.35,24,1,0,32,0,0,59,1,0,34,1,0
2024-05-30,2024,5,30,151,22,25,1,0.51759,-0.85563,-0.88572,0.46421,121,266,3,-0.1644,0.02459,15,0,6,16,31,0,24,0,31,30.6,34.8,25.8,7.6,83.0,9.0,31.4,67.0,10.1,32.9,55.0,11.5,27.6,75.0,8.5,29.7,77.0,7.7,32.2,58.0,13.0,30.1,71.0,11.3,213.2,225.5,230.0,269.0,30.59,229.93,19,0,0,31,0,0,27,0,0,42,0,0
2024-05-31,2024,5,31,152,22,18,0,0.50279,-0.86441,-0.86923,0.4944,127,272,3,-0.1233,0.02344,25,1,15,6,12,0,12,1,6,31.0,35.1,28.0,0.3,77.0,7.1,32.4,63.0,10.4,33.6,55.0,12.3,27.6,71.0,8.7,30.8,67.0,11.5,32.1,64.0,13.1,31.6,65.0,13.0,213.5,225.8,228.5,269.3,30.4,228.81,16,0,0,12,0,0,11,0,0,9,0,0
2024-06-01,2024,6,1,153,22,16,0,0.48785,-0.87293,-0.85171,0.52401,124,275,3,-0.1776,0.024,18,0,25,15,19,0,13,0,17,30.0,33.8,27.1,0.9,80.0,6.7,33.2,62.0,9.8,32.1,67.0,9.5,27.7,78.0,10.2,31.3,65.0,11.5,32.4,68.0,12.3,32.2,63.0,13.3,214.0,223.9,228.3,268.8,30.25,225.77,12,0,0,14,1,0,28,0,0,60,0,0
2024-06-02,2024,6,2,154,22,34,0,0.47276,-0.88119,-0.83318,0.553,130,275,3,-0.1027,0.0229,16,0,18,25,28,0,34,0,46,30.1,33.5,27.5,1.4,82.0,6.0,30.4,72.0,8.9,29.9,77.0,7.0,28.8,75.0,9.5,27.7,79.0,13.4,32.6,67.0,11.9,32.0,68.0,11.7,207.4,224.8,228.9,251.8,30.26,226.75,25,1,0,4,0,0,42,0,0,44,1,0
2024-06-03,2024,6,3,155,23,22,0,0.45753,-0.88919,-0.81367,0.58133,136,270,2,0.0148,0.0146,34,0,16,18,16,1,27,0,36,29.4,32.7,27.6,6.2,83.0,5.1,26.7,91.0,1.5,28.5,84.0,7.2,29.8,71.0,9.5,25.6,85.0,8.1,33.6,61.0,12.8,31.9,65.0,12.0,38.9,225.7,235.1,248.3,30.33,228.18,47,1,0,0,0,0,34,0,0,51,1,0
2024-06-04,2024,6,4,156,23,35,0,0.44217,-0.89693,-0.79319,0.60897,165,284,1,0.3833,0.00602,22,0,34,16,6,1,21,0,28,29.3,33.4,27.3,7.3,83.0,6.1,28.4,82.0,7.2,29.5,76.0,9.0,30.8,66.0,9.5,27.4,73.0,9.0,33.1,63.0,13.1,31.6,60.0,11.7,24.7,229.4,241.6,255.5,30.31,231.77,15,0,0,7,0,0,43,1,0,49,1,0
2024-06-05,2024,6,5,157,23,24,1,0.42667,-0.90441,-0.77177,0.6359,174,301,2,0.3672,0.01143,35,0,22,34,15,0,7,0,21,30.1,34.4,27.1,2.3,81.0,7.3,31.6,80.0,6.4,29.9,74.0,8.0,32.2,61.0,10.2,25.9,80.0,6.3,33.4,60.0,11.9,32.2,53.0,11.5,26.0,231.6,243.9,249.1,30.33,234.15,32,0,0,59,1,0,34,1,0,61,1,0
2024-06-06,2024,6,6,158,23,19,0,0.41105,-0.91161,-0.74944,0.66207,168,289,1,0.3852,0.00592,24,1,35,22,25,1,31,0,24,29.4,35.2,27.4,32.3,86.0,7.8,30.6,83.0,9.0,31.4,67.0,10.1,32.9,55.0,11.5,27.6,75.0,8.5,29.7,77.0,7.7,32.2,58.0,13.0,50.7,263.9,276.2,280.7,30.19,265.57,31,0,0,27,0,0,42,0,0,32,0,0
2024-06-07,2024,6,7,159,23,16,0,0.39531,-0.91855,-0.72622,0.68746,166,293,1,0.3047,0.00599,19,0,24,35,18,0,12,0,12,29.8,34.0,26.6,9.3,82.0,7.4,31.0,77.0,7.1,32.4,63.0,10.4,33.6,55.0,12.3,27.6,71.0,8.7,30.8,67.0,11.5,32.1,64.0,13.1,59.7,273.2,285.5,288.2,30.0,273.2,12,0,0,11,0,0,9,0,0,22,0,0
2024-06-08,2024,6,8,160,23,12,0,0.37945,-0.92521,-0.70215,0.71203,162,286,1,0.304,0.00613,16,0,19,24,16,0,19,0,13,30.3,36.1,24.8,13.8,78.0,11.3,30.0,80.0,6.7,33.2,62.0,9.8,32.1,67.0,9.5,27.7,78.0,10.2,31.3,65.0,11.5,32.4,68.0,12.3,72.6,286.6,296.5,300.9,29.79,284.59,14,1,0,28,0,0,60,0,0,26,0,0
2024-06-09,2024,6,9,161,23,25,1,0.36348,-0.9316,-0.67724,0.73576,153,283,2,0.1756,0.01299,12,0,16,19,34,0,28,0,34,30.4,35.6,27.7,2.6,81.0,7.9,30.1,82.0,6.0,30.4,72.0,8.9,29.9,77.0,7.0,28.8,75.0,9.5,27.7,79.0,13.4,32.6,67.0,11.9,73.8,281.2,298.6,302.7,29.79,279.23,4,0,0,42,0,0,44,1,0,86,0,0
2024-06-10,2024,6,10,162,24,47,1,0.3474,-0.93772,-0.65153,0.75862,178,314,3,0.3066,0.01676,25,1,12,16,22,0,16,1,27,31.5,35.9,27.9,0.1,77.0,8.0,29.4,83.0,5.1,26.7,91.0,1.5,28.5,84.0,7.2,29.8,71.0,9.5,25.6,85.0,8.1,33.6,61.0,12.8,67.7,106.6,293.4,302.8,30.14,107.1,0,0,0,34,0,0,51,1,0,63,1,0
2024-06-11,2024,6,11,163,24,15,0,0.33122,-0.94355,-0.62505,0.78058,158,323,3,-0.0422,0.01887,47,1,25,12,35,0,6,1,21,31.3,35.3,27.9,0.2,75.0,7.4,29.3,83.0,6.1,28.4,82.0,7.2,29.5,76.0,9.0,30.8,66.0,9.5,27.4,73.0,9.0,33.1,63.0,13.1,60.6,85.3,290.0,302.2,30.34,86.27,7,0,0,43,1,0,49,1,0,88,0,0
2024-06-12,2024,6,12,164,24,32,0,0.31494,-0.94911,-0.59783,0.80162,166,340,2,-0.0457,0.01198,15,0,47,25,24,1,15,0,7,30.4,34.1,27.6,3.1,79.0,6.5,30.1,81.0,7.3,31.6,80.0,6.4,29.9,74.0,8.0,32.2,61.0,10.2,25.9,80.0,6.3,33.4,60.0,11.9,61.4,87.4,293.0,305.3,30.26,88.16,59,1,0,34,1,0,61,1,0,79,0,0
2024-06-13,2024,6,13,165,24,31,0,0.29857,-0.95439,-0.5699,0.82171,178,346,2,0.0592,0.01117,32,0,15,47,19,0,25,1,31,29.8,33.7,28.0,3.5,81.0,5.7,29.4,86.0,7.8,30.6,83.0,9.0,31.4,67.0,10.1,32.9,55.0,11.5,27.6,75.0,8.5,29.7,77.0,7.7,32.6,83.3,296.5,308.8,30.2,83.86,27,0,0,42,0,0,32,0,0,103,0,0
2024-06-14,2024,6,14,166,24,12,0,0.28211,-0.95938,-0.5413,0.84083,174,340,2,0.0479,0.01143,31,0,32,15,16,0,18,0,12,29.7,34.1,27.4,4.4,83.0,6.7,29.8,82.0,7.4,31.0,77.0,7.1,32.4,63.0,10.4,33.6,55.0,12.3,27.6,71.0,8.7,30.8,67.0,11.5,27.7,87.4,300.9,313.2,30.11,87.72,11,0,0,9,0,0,22,0,0,25,1,0
2024-06-15,2024,6,15,167,24,14,1,0.26556,-0.96409,-0.51206,0.85895,176,338,3,0.0859,0.01695,12,0,31,32,12,0,16,0,19,30.9,34.7,28.3,0.1,79.0,6.4,30.3,78.0,11.3,30.0,80.0,6.7,33.2,62.0,9.8,32.1,67.0,9.5,27.7,78.0,10.2,31.3,65.0,11.5,14.0,86.6,300.6,310.5,30.17,87.09,28,0,0,60,0,0,26,0,0,75,1,0
2024-06-16,2024,6,16,168,24,4,0,0.24894,-0.96852,-0.48221,0.87606,155,308,2,0.013,0.01282,14,1,12,31,25,1,34,0,28,30.0,34.5,28.1,9.6,81.0,6.4,30.4,81.0,7.9,30.1,82.0,6.0,30.4,72.0,8.9,29.9,77.0,7.0,28.8,75.0,9.5,27.7,79.0,13.4,21.0,94.8,302.2,319.6,30.16,95.31,42,0,0,44,1,0,86,0,0,155,0,0
2024-06-17,2024,6,17,169,25,0,0,0.23224,-0.97266,-0.45179,0.89213,108,286,1,-0.3911,0.00917,4,0,14,12,47,1,22,0,16,30.3,33.3,28.6,2.8,81.0,4.7,31.5,77.0,8.0,29.4,83.0,5.1,26.7,91.0,1.5,28.5,84.0,7.2,29.8,71.0,9.5,25.6,85.0,8.1,23.7,91.4,130.3,317.1,30.23,92.1,34,0,0,51,1,0,63,1,0,112,2,0
2024-06-18,2024,6,18,170,25,7,0,0.21548,-0.97651,-0.42083,0.90714,100,258,1,-0.3648,0.0099,0,0,4,14,15,0,35,0,6,29.1,31.7,25.9,24.5,86.0,5.8,31.3,75.0,7.4,29.3,83.0,6.1,28.4,82.0,7.2,29.5,76.0,9.0,30.8,66.0,9.5,27.4,73.0,9.0,48.0,108.6,133.3,338.0,30.21,109.36,43,1,0,49,1,0,88,0,0,110,0,0
2024-06-19,2024,6,19,171,25,59,1,0.19865,-0.98007,-0.38938,0.92108,127,293,2,-0.2335,0.01562,7,0,0,4,32,0,24,1,15,27.8,31.2,26.0,31.5,90.0,5.2,30.4,79.0,6.5,30.1,81.0,7.3,31.6,80.0,6.4,29.9,74.0,8.0,32.2,61.0,10.2,25.9,80.0,6.3,76.4,137.8,163.8,369.4,30.05,138.03,34,1,0,61,1,0,79,0,0,25,0,0
2024-06-20,2024,6,20,172,25,27,0,0.18176,-0.98334,-0.35746,0.93393,123,301,2,-0.3073,0.01613,59,1,7,0,31,0,19,0,25,28.3,32.0,26.3,8.9,85.0,5.7,29.8,81.0,5.7,29.4,86.0,7.8,30.6,83.0,9.0,31.4,67.0,10.1,32.9,55.0,11.5,27.6,75.0,8.5,81.8,114.4,165.1,378.3,29.97,114.29,42,0,0,32,0,0,103,0,0,0,0,0
2024-06-21,2024,6,21,173,25,11,0,0.16482,-0.98632,-0.32513,0.94567,122,296,2,-0.2971,0.01626,27,0,59,7,12,0,16,0,18,29.0,32.9,25.3,6.4,80.0,7.6,29.7,83.0,6.7,29.8,82.0,7.4,31.0,77.0,7.1,32.4,63.0,10.4,33.6,55.0,12.3,27.6,71.0,8.7,83.8,111.5,171.2,384.7,29.91,111.17,9,0,0,22,0,0,25,1,0,0,0,0
2024-06-22,2024,6,22,174,25,28,0,0.14783,-0.98901,-0.29241,0.95629,136,312,1,-0.226,0.0073,11,0,27,59,14,1,12,0,16,29.2,32.4,26.5,7.6,82.0,5.9,30.9,79.0,6.4,30.3,78.0,11.3,30.0,80.0,6.7,33.2,62.0,9.8,32.1,67.0,9.5,27.7,78.0,10.2,91.3,105.3,177.9,391.9,29.84,104.74,60,0,0,26,0,0,75,1,0,0,0,0
2024-06-23,2024,6,23,175,25,42,0,0.13079,-0.99141,-0.25934,0.96579,174,329,1,0.1218,0.00571,28,0,11,27,4,0,25,1,34,29.6,33.4,26.8,1.5,82.0,6.6,30.0,81.0,6.4,30.4,81.0,7.9,30.1,82.0,6.0,30.4,72.0,8.9,29.9,77.0,7.0,28.8,75.0,9.5,83.2,104.2,178.0,385.4,29.78,103.44,44,1,0,86,0,0,155,0,0,0,0,0
2024-06-24,2024,6,24,176,26,34,0,0.11372,-0.99351,-0.22596,0.97414,208,316,1,0.9174,0.00478,42,0,28,11,0,0,47,1,22,30.0,33.5,26.9,1.5,81.0,6.6,30.3,81.0,4.7,31.5,77.0,8.0,29.4,83.0,5.1,26.7,91.0,1.5,28.5,84.0,7.2,29.8,71.0,9.5,81.9,105.6,173.3,212.2,29.67,104.44,51,1,0,63,1,0,112,2,0,0,0,0
2024-06-25,2024,6,25,177,26,43,1,0.09661,-0.99532,-0.19232,0.98133,244,344,2,1.4257,0.00816,34,0,42,28,7,0,15,0,35,30.0,33.2,27.5,4.4,81.0,5.7,29.1,86.0,5.8,31.3,75.0,7.4,29.3,83.0,6.1,28.4,82.0,7.2,29.5,76.0,9.0,30.8,66.0,9.5,61.8,109.8,170.4,195.1,29.58,108.26,49,1,0,88,0,0,110,0,0,0,0,0
2024-06-26,2024,6,26,178,26,34,1,0.07948,-0.99684,-0.15845,0.98737,219,346,2,0.7188,0.00909,43,1,34,42,59,1,32,0,24,29.3,32.6,27.5,25.1,84.0,5.1,27.8,90.0,5.2,30.4,79.0,6.5,30.1,81.0,7.3,31.6,80.0,6.4,29.9,74.0,8.0,32.2,61.0,10.2,55.4,131.8,193.2,219.2,29.5,129.6,61,1,0,79,0,0,25,0,0,174,0,0
2024-06-27,2024,6,27,179,26,42,0,0.06232,-0.99806,-0.12439,0.99223,234,357,2,0.8952,0.00851,34,1,43,34,27,0,31,0,19,29.3,32.0,27.3,6.2,82.0,4.7,28.3,85.0,5.7,29.8,81.0,5.7,29.4,86.0,7.8,30.6,83.0,9.0,31.4,67.0,10.1,32.9,55.0,11.5,52.7,134.5,167.1,217.8,29.46,132.08,32,0,0,103,0,0,0,0,0,263,0,0
2024-06-28,2024,6,28,180,26,9,0,0.04514,-0.99898,-0.09019,0.99592,232,354,2,0.8943,0.00858,42,0,34,43,11,0,12,0,16,28.7,31.6,26.8,11.0,83.0,4.8,29.0,80.0,7.6,29.7,83.0,6.7,29.8,82.0,7.4,31.0,77.0,7.1,32.4,63.0,10.4,33.6,55.0,12.3,57.3,141.1,168.8,228.5,29.39,138.23,22,0,0,25,1,0,0,0,0,148,1,0
2024-06-29,2024,6,29,181,26,60,0,0.02795,-0.99961,-0.05588,0.99844,264,400,2,0.9343,0.00755,9,0,42,34,28,0,14,1,12,28.7,31.1,26.8,13.6,84.0,4.3,29.2,82.0,5.9,30.9,79.0,6.4,30.3,78.0,11.3,30.0,80.0,6.7,33.2,62.0,9.8,32.1,67.0,9.5,63.3,154.6,168.6,241.2,29.24,150.68,26,0,0,75,1,0,0,0,0,98,2,0
2024-06-30,2024,6,30,182,26,44,1,0.01075,-0.99994,-0.0215,0.99977,266,440,3,0.5257,0.01124,60,0,9,42,42,0,4,0,25,27.8,30.5,25.8,14.8,88.0,4.7,29.6,82.0,6.6,30.0,81.0,6.4,30.4,81.0,7.9,30.1,82.0,6.0,30.4,72.0,8.9,29.9,77.0,7.0,76.6,159.8,180.8,254.6,29.08,154.9,86,0,0,155,0,0,0,0,0,272,2,0
2024-07-01,2024,7,1,183,27,51,1,-0.00645,-0.99998,0.0129,0.99992,283,491,4,0.3589,0.01408,44,1,60,9,34,0,0,0,47,27.1,28.4,26.2,27.7,92.0,2.2,30.0,81.0,6.6,30.3,81.0,4.7,31.5,77.0,8.0,29.4,83.0,5.1,26.7,91.0,1.5,28.5,84.0,7.2,102.8,184.7,208.4,276.1,28.85,177.62,63,1,0,112,2,0,0,0,0,226,0,0
2024-07-02,2024,7,2,184,27,49,1,-0.02365,-0.99972,0.04729,0.99888,289,533,4,0.1837,0.01379,51,1,44,60,43,1,7,0,15,27.2,30.7,25.5,27.4,91.0,5.2,30.0,81.0,5.7,29.1,86.0,5.8,31.3,75.0,7.4,29.3,83.0,6.1,28.4,82.0,7.2,29.5,76.0,9.0,125.8,187.6,235.6,296.2,28.71,179.53,88,0,0,110,0,0,0,0,0,150,1,0
2024-07-03,2024,7,3,185,27,61,1,-0.04084,-0.99917,0.08162,0.99666,316,535,4,0.4409,0.01262,49,1,51,44,34,1,59,1,32,27.5,30.8,25.6,8.7,87.0,5.2,29.3,84.0,5.1,27.8,90.0,5.2,30.4,79.0,6.5,30.1,81.0,7.3,31.6,80.0,6.4,29.9,74.0,8.0,109.4,164.8,241.2,302.6,28.69,157.6,79,0,0,25,0,0,174,0,0,176,0,0
2024-07-04,2024,7,4,186,27,32,0,-0.05803,-0.99832,0.11586,0.99327,306,540,4,0.3064,0.01303,61,1,49,51,42,0,27,0,31,27.4,30.2,25.9,14.1,89.0,4.3,29.3,82.0,4.7,28.3,85.0,5.7,29.8,81.0,5.7,29.4,86.0,7.8,30.6,83.0,9.0,31.4,67.0,10.1,117.3,170.0,251.8,284.4,28.63,162.24,103,0,0,0,0,0,263,0,0,197,1,0
2024-07-05,2024,7,5,187,27,22,0,-0.07519,-0.99717,0.14995,0.98869,319,551,4,0.3734,0.0125,32,0,61,49,9,0,11,0,12,27.9,31.4,25.6,11.0,87.0,5.8,28.7,83.0,4.8,29.0,80.0,7.6,29.7,83.0,6.7,29.8,82.0,7.4,31.0,77.0,7.1,32.4,63.0,10.4,117.3,174.6,258.4,286.1,28.55,166.16,25,1,0,0,0,0,148,1,0,80,1,0
2024-07-06,2024,7,6,188,27,26,0,-0.09233,-0.99573,0.18387,0.98295,285,549,4,0.0792,0.01399,22,0,32,61,60,0,28,0,14,28.5,31.8,26.0,2.9,83.0,5.8,28.7,84.0,4.3,29.2,82.0,5.9,30.9,79.0,6.4,30.3,78.0,11.3,30.0,80.0,6.7,33.2,62.0,9.8,106.6,169.9,261.2,275.2,28.5,161.41,75,1,0,0,0,0,98,2,0,154,0,0
2024-07-07,2024,7,7,189,27,86,0,-0.10945,-0.99399,0.21758,0.97604,327,593,3,0.2285,0.00915,26,0,22,32,44,1,42,0,4,29.0,32.7,26.0,3.5,82.0,6.7,27.8,88.0,4.7,29.6,82.0,6.6,30.0,81.0,6.4,30.4,81.0,7.9,30.1,82.0,6.0,30.4,72.0,8.9,95.3,171.9,255.1,276.1,28.46,163.08,155,0,0,0,0,0,272,2,0,211,0,0
2024-07-08,2024,7,8,190,28,63,1,-0.12653,-0.99196,0.25102,0.96798,339,622,3,0.1972,0.00882,86,0,26,22,51,1,34,0,0,28.9,32.3,26.4,0.7,83.0,5.9,27.1,92.0,2.2,30.0,81.0,6.6,30.3,81.0,4.7,31.5,77.0,8.0,29.4,83.0,5.1,26.7,91.0,1.5,68.3,171.1,253.0,276.7,28.38,161.86,112,2,0,0,0,0,226,0,0,35,0,0
2024-07-09,2024,7,9,191,28,88,0,-0.14357,-0.98964,0.28417,0.95877,378,667,2,0.3069,0.00528,63,1,86,26,49,1,43,1,7,28.6,31.8,26.4,3.8,84.0,5.4,27.2,91.0,5.2,30.0,81.0,5.7,29.1,86.0,5.8,31.3,75.0,7.4,29.3,83.0,6.1,28.4,82.0,7.2,44.7,170.5,232.3,280.3,28.28,160.72,110,0,0,0,0,0,150,1,0,192,2,0
2024-07-10,2024,7,10,192,28,79,0,-0.16057,-0.98702,0.31698,0.94843,396,712,1,0.2524,0.00252,88,0,63,86,61,1,34,1,59,28.6,31.3,26.6,5.0,84.0,4.7,27.5,87.0,5.2,29.3,84.0,5.1,27.8,90.0,5.2,30.4,79.0,6.5,30.1,81.0,7.3,31.6,80.0,6.4,41.0,150.4,205.8,282.2,28.23,141.53,25,0,0,174,0,0,176,0,0,159,0,0
2024-07-11,2024,7,11,193,28,103,0,-0.17753,-0.98412,0.34942,0.93697,467,773,1,0.5244,0.00214,79,0,88,63,32,0,42,0,27,28.5,32.2,26.7,20.9,85.0,5.5,27.4,89.0,4.3,29.3,82.0,4.7,28.3,85.0,5.7,29.8,81.0,5.7,29.4,86.0,7.8,30.6,83.0,9.0,47.8,165.1,217.8,299.6,28.17,155.03,0,0,0,263,0,0,197,1,0,181,3,0
2024-07-12,2024,7,12,194,28,25,1,-0.19443,-0.98092,0.38144,0.92439,470,789,2,0.4719,0.00425,103,0,79,88,22,0,9,0,11,27.7,31.8,25.8,4.6,87.0,6.0,27.9,87.0,5.8,28.7,83.0,4.8,29.0,80.0,7.6,29.7,83.0,6.7,29.8,82.0,7.4,31.0,77.0,7.1,41.4,158.7,216.0,299.8,28.1,148.65,0,0,0,148,1,0,80,1,0,34,0,0
2024-07-13,2024,7,13,195,28,75,1,-0.21128,-0.97743,0.41301,0.91073,519,804,3,0.8182,0.00577,25,1,103,79,26,0,60,0,28,29.0,32.4,25.7,1.4,82.0,6.7,28.5,83.0,5.8,28.7,84.0,4.3,29.2,82.0,5.9,30.9,79.0,6.4,30.3,78.0,11.3,30.0,80.0,6.7,39.9,146.5,209.8,301.1,28.12,137.32,0,0,0,98,2,0,154,0,0,204,1,0
2024-07-14,2024,7,14,196,28,155,0,-0.22806,-0.97365,0.4441,0.89598,588,915,3,0.7957,0.00509,75,1,25,103,86,0,44,1,42,29.4,33.9,26.3,1.0,80.0,7.6,29.0,82.0,6.7,27.8,88.0,4.7,29.6,82.0,6.6,30.0,81.0,6.4,30.4,81.0,7.9,30.1,82.0,6.0,37.4,132.7,209.3,292.5,28.24,124.91,0,0,0,272,2,0,211,0,0,202,1,0
2024-07-15,2024,7,15,197,29,112,2,-0.24477,-0.96958,0.47465,0.88017,637,976,4,0.8765,0.00627,155,0,75,25,63,1,51,1,34,29.8,33.3,26.9,2.0,79.0,6.4,28.9,83.0,5.9,27.1,92.0,2.2,30.0,81.0,6.6,30.3,81.0,4.7,31.5,77.0,8.0,29.4,83.0,5.1,38.7,107.0,209.8,291.7,28.43,101.4,0,0,0,226,0,0,35,0,0,285,2,0
2024-07-16,2024,7,16,198,29,110,0,-0.26141,-0.96523,0.50465,0.86333,659,1037,4,0.7414,0.00606,112,2,155,75,88,0,49,1,43,29.2,32.2,27.6,2.6,81.0,4.6,28.6,84.0,5.4,27.2,91.0,5.2,30.0,81.0,5.7,29.1,86.0,5.8,31.3,75.0,7.4,29.3,83.0,6.1,37.5,82.2,208.0,269.8,28.57,78.28,0,0,0,150,1,0,192,2,0,215,2,0
2024-07-17,2024,7,17,199,29,25,0,-0.27798,-0.96059,0.53405,0.84546,605,1001,4,0.5264,0.0066,110,0,112,155,79,0,61,1,34,30.0,33.8,26.8,1.1,79.0,7.0,28.6,84.0,4.7,27.5,87.0,5.2,29.3,84.0,5.1,27.8,90.0,5.2,30.4,79.0,6.5,30.1,81.0,7.3,33.6,74.6,184.0,239.4,28.75,71.49,174,0,0,176,0,0,159,0,0,233,2,0
2024-07-18,2024,7,18,200,29,0,0,-0.29446,-0.95566,0.56281,0.82658,502,969,4,0.0748,0.00795,25,0,110,112,103,0,32,0,42,30.4,35.0,27.0,1.1,78.0,8.0,28.5,85.0,5.5,27.4,89.0,4.3,29.3,82.0,4.7,28.3,85.0,5.7,29.8,81.0,5.7,29.4,86.0,7.8,13.8,61.6,178.9,231.6,28.96,59.46,263,0,0,197,1,0,181,3,0,228,3,0
2024-07-19,2024,7,19,201,29,0,0,-0.31086,-0.95046,0.59091,0.80674,477,947,3,0.0149,0.00628,0,0,25,110,25,1,22,0,9,30.2,33.7,27.4,0.6,78.0,6.3,27.7,87.0,6.0,27.9,87.0,5.8,28.7,83.0,4.8,29.0,80.0,7.6,29.7,83.0,6.7,29.8,82.0,7.4,9.8,51.2,168.5,225.8,29.13,49.72,148,1,0,80,1,0,34,0,0,50,0,0
2024-07-20,2024,7,20,202,29,0,0,-0.32716,-0.94497,0.61831,0.78593,402,921,2,-0.225,0.00496,0,0,0,25,75,1,26,0,60,29.7,32.9,27.6,1.7,77.0,5.3,29.0,82.0,6.7,28.5,83.0,5.8,28.7,84.0,4.3,29.2,82.0,5.9,30.9,79.0,6.4,30.3,78.0,11.3,10.1,50.0,156.6,219.9,29.21,48.68,98,2,0,154,0,0,204,1,0,237,0,0
2024-07-21,2024,7,21,203,29,0,0,-0.34337,-0.9392,0.64498,0.7642,247,835,2,-0.5789,0.00806,0,0,0,0,155,0,86,0,44,29.1,32.5,27.0,3.8,81.0,5.5,29.4,80.0,7.6,29.0,82.0,6.7,27.8,88.0,4.7,29.6,82.0,6.6,30.0,81.0,6.4,30.4,81.0,7.9,12.9,50.3,145.6,222.2,29.22,48.99,272,2,0,211,0,0,202,1,0,334,0,0
2024-07-22,2024,7,22,204,30,0,0,-0.35947,-0.93316,0.67089,0.74156,135,772,0,-0.7868,0.0,0,0,0,0,112,2,63,1,51,27.8,30.8,26.5,17.7,85.0,4.3,29.8,79.0,6.4,28.9,83.0,5.9,27.1,92.0,2.2,30.0,81.0,6.6,30.3,81.0,4.7,31.5,77.0,8.0,28.6,67.3,135.6,238.4,29.14,65.37,226,0,0,35,0,0,285,2,0,265,0,0
2024-07-23,2024,7,23,205,30,0,0,-0.37547,-0.92683,0.696,0.71804,25,684,0,-0.9606,0.0,0,0,0,0,110,0,88,0,49,28.8,32.1,26.0,2.7,81.0,6.1,29.2,81.0,4.6,28.6,84.0,5.4,27.2,91.0,5.2,30.0,81.0,5.7,29.1,86.0,5.8,31.3,75.0,7.4,28.7,66.2,110.9,236.7,29.16,64.35,150,1,0,192,2,0,215,2,0,249,1,0
2024-07-24,2024,7,24,206,30,174,0,-0.39136,-0.92024,0.72029,0.69368,174,779,0,-0.7112,0.0,0,0,0,0,25,0,79,0,61,29.0,32.6,26.3,4.5,83.0,6.3,30.0,79.0,7.0,28.6,84.0,4.7,27.5,87.0,5.2,29.3,84.0,5.1,27.8,90.0,5.2,30.4,79.0,6.5,32.1,65.7,106.7,216.1,29.19,63.93,176,0,0,159,0,0,233,2,0,296,2,0
2024-07-25,2024,7,25,207,30,263,0,-0.40713,-0.91337,0.74372,0.66849,437,939,0,-0.1292,0.0,174,0,0,0,0,0,103,0,32,29.5,33.6,26.4,1.4,80.0,7.2,30.4,78.0,8.0,28.5,85.0,5.5,27.4,89.0,4.3,29.3,82.0,4.7,28.3,85.0,5.7,29.8,81.0,5.7,32.4,46.2,94.0,211.3,29.26,45.06,197,1,0,181,3,0,228,3,0,217,1,0
2024-07-26,2024,7,26,208,30,148,1,-0.42278,-0.90623,0.76627,0.64251,585,1062,1,0.2259,0.00171,263,0,174,0,0,0,25,1,22,29.7,33.2,27.1,2.2,79.0,6.1,30.2,78.0,6.3,27.7,87.0,6.0,27.9,87.0,5.8,28.7,83.0,4.8,29.0,80.0,7.6,29.7,83.0,6.7,34.0,43.8,85.2,202.5,29.4,42.92,80,1,0,34,0,0,50,0,0,78,0,0
2024-07-27,2024,7,27,209,30,98,2,-0.43831,-0.89883,0.78792,0.61577,683,1085,3,0.6973,0.00439,148,1,263,174,0,0,75,1,26,29.7,33.1,27.0,1.1,79.0,6.1,29.7,77.0,5.3,29.0,82.0,6.7,28.5,83.0,5.8,28.7,84.0,4.3,29.2,82.0,5.9,30.9,79.0,6.4,33.4,43.5,83.4,190.0,29.45,42.7,154,0,0,204,1,0,237,0,0,303,0,0
2024-07-28,2024,7,28,210,30,272,2,-0.4537,-0.89115,0.80864,0.58831,955,1202,5,2.8548,0.00523,98,2,148,263,0,0,155,0,86,29.8,34.0,27.0,1.2,78.0,7.0,29.1,81.0,5.5,29.4,80.0,7.6,29.0,82.0,6.7,27.8,88.0,4.7,29.6,82.0,6.6,30.0,81.0,6.4,30.8,43.7,81.1,176.4,29.48,42.94,211,0,0,202,1,0,334,0,0,319,1,0
2024-07-29,2024,7,29,211,31,226,0,-0.46897,-0.88322,0.8284,0.56014,1181,1316,5,7.6912,0.00423,272,2,98,148,0,0,112,2,63,29.5,32.7,27.3,1.7,80.0,5.4,27.8,85.0,4.3,29.8,79.0,6.4,28.9,83.0,5.9,27.1,92.0,2.2,30.0,81.0,6.6,30.3,81.0,4.7,14.8,43.4,82.1,150.4,29.46,42.62,35,0,0,285,2,0,265,0,0,105,0,0
2024-07-30,2024,7,30,212,31,150,1,-0.48409,-0.87502,0.84717,0.53132,1331,1356,6,50.2308,0.0045,226,0,272,98,0,0,110,0,88,28.9,32.9,26.1,15.7,83.0,6.8,28.8,81.0,6.1,29.2,81.0,4.6,28.6,84.0,5.4,27.2,91.0,5.2,30.0,81.0,5.7,29.1,86.0,5.8,27.8,56.5,94.0,138.7,29.44,55.45,192,2,0,215,2,0,249,1,0,364,2,0
2024-07-31,2024,7,31,213,31,176,0,-0.49907,-0.86656,0.86495,0.50186,1333,1507,6,6.6229,0.0045,150,1,226,272,174,0,25,0,79,28.4,32.1,26.5,8.9,84.0,5.6,29.0,83.0,6.3,30.0,79.0,7.0,28.6,84.0,4.7,27.5,87.0,5.2,29.3,84.0,5.1,27.8,90.0,5.2,32.2,64.3,97.9,138.9,29.32,62.84,159,0,0,233,2,0,296,2,0,326,0,0
2024-08-01,2024,8,1,214,31,197,1,-0.5139,-0.85785,0.8817,0.47181,1267,1704,7,1.895,0.00552,176,0,150,226,263,0,0,0,103,26.6,28.0,25.7,46.9,91.0,2.3,29.5,80.0,7.2,30.4,78.0,8.0,28.5,85.0,5.5,27.4,89.0,4.3,29.3,82.0,4.7,28.3,85.0,5.7,77.7,110.1,123.9,171.7,29.05,106.61,181,3,0,228,3,0,217,1,0,269,0,0
2024-08-02,2024,8,2,215,31,80,1,-0.52858,-0.84888,0.89741,0.4412,1199,1784,7,1.0478,0.00583,197,1,176,150,148,1,0,0,25,25.8,28.1,25.1,66.4,94.0,3.0,29.7,79.0,6.1,30.2,78.0,6.3,27.7,87.0,6.0,27.9,87.0,5.8,28.7,83.0,4.8,29.0,80.0,7.6,141.9,175.9,185.7,227.1,28.74,168.51,34,0,0,50,0,0,78,0,0,153,1,0
2024-08-03,2024,8,3,216,31,154,0,-0.54311,-0.83966,0.91205,0.41007,1255,1938,5,0.8363,0.00398,80,1,197,176,98,2,0,0,75,26.9,30.2,24.9,25.0,89.0,5.3,29.7,79.0,6.1,29.7,77.0,5.3,29.0,82.0,6.7,28.5,83.0,5.8,28.7,84.0,4.3,29.2,82.0,5.9,165.8,199.2,209.3,249.2,28.54,189.51,204,1,0,237,0,0,303,0,0,346,4,0
2024-08-04,2024,8,4,217,31,211,0,-0.55747,-0.8302,0.92562,0.37846,1194,2149,3,0.25,0.00251,154,0,80,197,272,2,0,0,155,27.4,31.4,24.6,8.8,85.0,6.8,29.8,78.0,7.0,29.1,81.0,5.5,29.4,80.0,7.6,29.0,82.0,6.7,27.8,88.0,4.7,29.6,82.0,6.6,173.4,204.2,217.1,254.5,28.41,193.38,202,1,0,334,0,0,319,1,0,478,3,1
2024-08-05,2024,8,5,218,32,35,0,-0.57167,-0.82049,0.93809,0.34639,1003,2184,3,-0.1506,0.00299,211,0,154,80,226,0,0,0,112,28.2,32.6,25.9,11.6,85.0,6.7,29.5,80.0,5.4,27.8,85.0,4.3,29.8,79.0,6.4,28.9,83.0,5.9,27.1,92.0,2.2,30.0,81.0,6.6,183.3,198.1,226.7,265.4,28.44,187.8,285,2,0,265,0,0,105,0,0,289,1,0
2024-08-06,2024,8,6,219,32,192,2,-0.5857,-0.81053,0.94945,0.31392,1045,2376,4,-0.2147,0.00382,35,0,211,154,150,1,0,0,110,28.2,31.9,25.7,5.2,83.0,6.2,28.9,83.0,6.8,28.8,81.0,6.1,29.2,81.0,4.6,28.6,84.0,5.4,27.2,91.0,5.2,30.0,81.0,5.7,172.8,200.6,229.3,266.8,28.4,189.9,215,2,0,249,1,0,364,2,0,335,2,0
2024-08-07,2024,8,7,220,32,159,0,-0.59955,-0.80034,0.95969,0.28108,1028,2361,4,-0.2286,0.00389,192,2,35,211,176,0,174,0,25,27.9,30.5,25.9,10.2,84.0,4.6,28.4,84.0,5.6,29.0,83.0,6.3,30.0,79.0,7.0,28.6,84.0,4.7,27.5,87.0,5.2,29.3,84.0,5.1,174.1,206.3,238.4,272.0,28.32,194.75,233,2,0,296,2,0,326,0,0,385,0,0
2024-08-08,2024,8,8,221,32,181,3,-0.61323,-0.7899,0.96879,0.2479,1012,2279,6,-0.2011,0.00592,159,0,192,35,197,1,263,0,0,27.5,31.2,25.6,3.7,84.0,5.6,26.6,91.0,2.3,29.5,80.0,7.2,30.4,78.0,8.0,28.5,85.0,5.5,27.4,89.0,4.3,29.3,82.0,4.7,130.9,208.6,241.0,254.8,28.18,195.94,228,3,0,217,1,0,269,0,0,358,3,0
2024-08-09,2024,8,9,222,32,34,0,-0.62673,-0.77924,0.97674,0.21443,966,2165,5,-0.1942,0.00517,181,3,159,192,80,1,148,1,0,27.1,30.7,24.8,25.8,87.0,5.9,25.8,94.0,3.0,29.7,79.0,6.1,30.2,78.0,6.3,27.7,87.0,6.0,27.9,87.0,5.8,28.7,83.0,4.8,90.3,232.2,266.2,276.0,27.99,216.64,50,0,0,78,0,0,153,1,0,118,1,0
2024-08-10,2024,8,10,223,32,204,1,-0.64004,-0.76834,0.98354,0.1807,1016,2271,6,-0.1903,0.0059,34,0,181,159,154,0,98,2,0,27.6,30.8,25.2,5.1,85.0,5.6,26.9,89.0,5.3,29.7,79.0,6.1,29.7,77.0,5.3,29.0,82.0,6.7,28.5,83.0,5.8,28.7,84.0,4.3,70.4,236.2,269.6,279.7,27.84,219.19,237,0,0,303,0,0,346,4,0,403,3,1
2024-08-11,2024,8,11,224,32,202,1,-0.65316,-0.75722,0.98917,0.14676,1007,2201,7,-0.1565,0.00694,204,1,34,181,211,0,272,2,0,27.8,30.5,25.9,4.3,87.0,4.6,27.4,85.0,6.8,29.8,78.0,7.0,29.1,81.0,5.5,29.4,80.0,7.6,29.0,82.0,6.7,27.8,88.0,4.7,65.9,239.3,270.1,283.0,27.7,220.95,334,0,0,319,1,0,478,3,1,463,1,1
2024-08-12,2024,8,12,225,33,285,2,-0.66609,-0.74587,0.99363,0.11265,1257,2260,9,0.253,0.00715,202,1,204,34,35,0,226,0,0,28.1,31.2,25.9,5.1,86.0,5.3,28.2,85.0,6.7,29.5,80.0,5.4,27.8,85.0,4.3,29.8,79.0,6.4,28.9,83.0,5.9,27.1,92.0,2.2,59.4,242.7,257.5,286.1,27.6,223.28,265,0,0,105,0,0,289,1,0,615,1,1
2024-08-13,2024,8,13,226,33,215,2,-0.67882,-0.7343,0.99692,0.07841,1280,2325,9,0.2247,0.00703,285,2,202,204,192,2,150,1,0,28.7,32.6,25.5,12.7,86.0,7.1,28.2,83.0,6.2,28.9,83.0,6.8,28.8,81.0,6.1,29.2,81.0,4.6,28.6,84.0,5.4,27.2,91.0,5.2,66.9,239.7,267.5,296.2,27.59,220.44,249,1,0,364,2,0,335,2,0,534,5,1
2024-08-14,2024,8,14,227,33,233,2,-0.69135,-0.72252,0.99903,0.04407,1354,2382,11,0.3168,0.00812,215,2,285,202,159,0,176,0,174,28.9,32.8,26.2,11.1,85.0,6.6,27.9,84.0,4.6,28.4,84.0,5.6,29.0,83.0,6.3,30.0,79.0,7.0,28.6,84.0,4.7,27.5,87.0,5.2,67.8,241.9,274.1,306.2,27.62,222.71,296,2,0,326,0,0,385,0,0,465,0,1
2024-08-15,2024,8,15,228,33,228,3,-0.70368,-0.71052,0.99995,0.00968,1401,2413,11,0.384,0.00785,233,2,215,285,181,3,197,1,263,28.9,32.8,26.2,2.5,82.0,6.6,27.5,84.0,5.6,26.6,91.0,2.3,29.5,80.0,7.2,30.4,78.0,8.0,28.5,85.0,5.5,27.4,89.0,4.3,66.6,197.5,275.2,307.6,27.79,182.95,217,1,0,269,0,0,358,3,0,561,2,1
2024-08-16,2024,8,16,229,33,50,0,-0.7158,-0.69831,0.99969,-0.02473,1417,2383,11,0.4664,0.00776,228,3,233,215,34,0,80,1,148,28.1,31.2,26.2,1.6,83.0,5.0,27.1,87.0,5.9,25.8,94.0,3.0,29.7,79.0,6.1,30.2,78.0,6.3,27.7,87.0,6.0,27.9,87.0,5.8,42.4,132.7,274.6,308.6,27.95,123.63,78,0,0,153,1,0,118,1,0,196,0,0
2024-08-17,2024,8,17,230,33,237,0,-0.7277,-0.68589,0.99825,-0.0591,1450,2466,10,0.4267,0.00689,50,0,228,233,204,1,154,0,98,27.5,30.3,25.6,6.0,84.0,4.7,27.6,85.0,5.6,26.9,89.0,5.3,29.7,79.0,6.1,29.7,77.0,5.3,29.0,82.0,6.7,28.5,83.0,5.8,43.3,113.7,279.5,312.9,27.99,106.08,303,0,0,346,4,0,403,3,1,548,3,1
2024-08-18,2024,8,18,231,33,334,0,-0.73939,-0.67327,0.99563,-0.0934,1582,2589,9,0.5704,0.00569,237,0,50,228,202,1,211,0,272,27.2,30.8,25.2,8.1,88.0,5.6,27.8,87.0,4.6,27.4,85.0,6.8,29.8,78.0,7.0,29.1,81.0,5.5,29.4,80.0,7.6,29.0,82.0,6.7,47.1,113.0,286.4,317.2,27.98,105.39,319,1,0,478,3,1,463,1,1,486,1,1
2024-08-19,2024,8,19,232,34,265,0,-0.75086,-0.66046,0.99183,-0.12759,1562,2819,7,0.2424,0.00448,334,0,237,50,285,2,35,0,226,25.7,28.1,24.9,41.8,93.0,3.2,28.1,86.0,5.3,28.2,85.0,6.7,29.5,80.0,5.4,27.8,85.0,4.3,29.8,79.0,6.4,28.9,83.0,5.9,83.8,143.2,326.5,341.3,27.8,132.7,105,0,0,289,1,0,615,1,1,267,2,0
2024-08-20,2024,8,20,233,34,249,1,-0.76211,-0.64744,0.98685,-0.16164,1596,2876,6,0.2467,0.00376,265,0,334,237,215,2,192,2,150,26.5,30.4,24.3,23.9,89.0,6.1,28.7,86.0,7.1,28.2,83.0,6.2,28.9,83.0,6.8,28.8,81.0,6.1,29.2,81.0,4.6,28.6,84.0,5.4,95.0,161.9,334.7,362.5,27.68,149.38,364,2,0,335,2,0,534,5,1,872,5,1
2024-08-21,2024,8,21,234,34,296,2,-0.77314,-0.63424,0.98071,-0.19549,1659,3013,6,0.2251,0.00361,249,1,265,334,233,2,159,0,176,26.3,29.5,24.8,50.1,93.0,4.7,28.9,85.0,6.6,27.9,84.0,4.6,28.4,84.0,5.6,29.0,83.0,6.3,30.0,79.0,7.0,28.6,84.0,4.7,134.0,201.8,375.9,408.1,27.56,185.39,326,0,0,385,0,0,465,0,1,865,6,1
2024-08-22,2024,8,22,235,34,217,1,-0.78393,-0.62084,0.9734,-0.2291,1648,3049,4,0.1762,0.00243,296,2,249,265,228,3,181,3,197,26.5,30.0,25.0,22.4,93.0,5.0,28.9,82.0,6.6,27.5,84.0,5.6,26.6,91.0,2.3,29.5,80.0,7.2,30.4,78.0,8.0,28.5,85.0,5.5,153.9,220.5,351.4,429.1,27.49,202.05,269,0,0,358,3,0,561,2,1,887,3,1
2024-08-23,2024,8,23,236,34,78,0,-0.7945,-0.60727,0.96495,-0.26245,1676,3093,4,0.1827,0.00239,217,1,296,249,50,0,34,0,80,26.7,30.0,24.7,16.4,91.0,5.3,28.1,83.0,5.0,27.1,87.0,5.9,25.8,94.0,3.0,29.7,79.0,6.1,30.2,78.0,6.3,27.7,87.0,6.0,168.7,211.1,301.4,443.3,27.46,193.23,153,1,0,118,1,0,196,0,0,299,2,0
2024-08-24,2024,8,24,237,34,303,0,-0.80483,-0.59351,0.95535,-0.29549,1742,3192,4,0.2012,0.00229,78,0,217,296,237,0,204,1,154,27.6,31.4,25.1,9.2,86.0,6.3,27.5,84.0,4.7,27.6,85.0,5.6,26.9,89.0,5.3,29.7,79.0,6.1,29.7,77.0,5.3,29.0,82.0,6.7,171.9,215.2,285.6,451.4,27.46,196.98,346,4,0,403,3,1,548,3,1,843,1,1
2024-08-25,2024,8,25,238,34,319,1,-0.81492,-0.57958,0.94462,-0.32818,1727,3309,5,0.0916,0.00289,303,0,78,217,334,0,202,1,211,26.3,29.1,24.2,21.6,88.0,4.9,27.2,88.0,5.6,27.8,87.0,4.6,27.4,85.0,6.8,29.8,78.0,7.0,29.1,81.0,5.5,29.4,80.0,7.6,185.4,232.5,298.4,471.8,27.36,212.04,478,3,1,463,1,1,486,1,1,926,7,1
2024-08-26,2024,8,26,239,35,105,0,-0.82477,-0.56548,0.93277,-0.36047,1567,3129,5,0.0032,0.00319,319,1,303,78,265,0,285,2,35,26.2,29.1,24.8,5.7,89.0,4.3,25.7,93.0,3.2,28.1,86.0,5.3,28.2,85.0,6.7,29.5,80.0,5.4,27.8,85.0,4.3,29.8,79.0,6.4,149.3,233.1,292.5,475.8,27.22,211.5,289,1,0,615,1,1,267,2,0,866,2,1
2024-08-27,2024,8,27,240,35,364,2,-0.83437,-0.5512,0.91982,-0.39235,1682,3278,6,0.0539,0.00357,105,0,319,303,249,1,215,2,192,27.1,31.1,25.1,9.5,88.0,6.0,26.5,89.0,6.1,28.7,86.0,7.1,28.2,83.0,6.2,28.9,83.0,6.8,28.8,81.0,6.1,29.2,81.0,4.6,134.9,229.9,296.8,469.6,27.11,207.75,335,2,0,534,5,1,872,5,1,801,3,1
2024-08-28,2024,8,28,241,35,326,0,-0.84373,-0.53677,0.90578,-0.42375,1712,3371,4,0.0319,0.00234,364,2,105,319,296,2,233,2,159,27.9,31.5,25.0,6.8,85.0,6.5,26.3,93.0,4.7,28.9,85.0,6.6,27.9,84.0,4.6,28.4,84.0,5.6,29.0,83.0,6.3,30.0,79.0,7.0,91.6,225.6,293.4,467.5,27.04,203.34,385,0,0,465,0,1,865,6,1,854,2,1
2024-08-29,2024,8,29,242,35,269,0,-0.85284,-0.52218,0.89066,-0.45466,1764,3412,3,0.0703,0.0017,326,0,364,105,217,1,228,3,181,29.0,33.4,25.4,0.2,80.0,8.0,26.5,93.0,5.0,28.9,82.0,6.6,27.5,84.0,5.6,26.6,91.0,2.3,29.5,80.0,7.2,30.4,78.0,8.0,69.4,223.3,289.9,420.8,27.04,201.27,358,3,0,561,2,1,887,3,1,829,3,1
2024-08-30,2024,8,30,243,35,153,1,-0.86169,-0.50743,0.8745,-0.48503,1839,3515,4,0.0972,0.00217,269,0,326,364,78,0,50,0,34,29.4,33.3,26.1,8.0,78.0,7.2,26.7,91.0,5.3,28.1,83.0,5.0,27.1,87.0,5.9,25.8,94.0,3.0,29.7,79.0,6.1,30.2,78.0,6.3,61.0,229.7,272.1,362.4,27.14,207.8,118,1,0,196,0,0,299,2,0,321,2,0
2024-08-31,2024,8,31,244,35,346,4,-0.87029,-0.49253,0.8573,-0.51482,1882,3624,8,0.0803,0.00425,153,1,269,326,303,0,237,0,204,29.2,32.7,26.3,1.5,80.0,6.4,27.6,86.0,6.3,27.5,84.0,4.7,27.6,85.0,5.6,26.9,89.0,5.3,29.7,79.0,6.1,29.7,77.0,5.3,53.3,225.2,268.5,338.9,27.26,204.63,403,3,1,548,3,1,843,1,1,860,7,1
2024-09-01,2024,9,1,245,35,478,3,-0.87864,-0.47749,0.83908,-0.54401,2041,3768,10,0.1817,0.0049,346,4,153,269,319,1,334,0,202,28.0,31.6,26.3,8.2,86.0,5.3,26.3,88.0,4.9,27.2,88.0,5.6,27.8,87.0,4.6,27.4,85.0,6.8,29.8,78.0,7.0,29.1,81.0,5.5,39.9,225.3,272.4,338.3,27.31,205.1,463,1,1,486,1,1,926,7,1,1221,8,1
2024-09-02,2024,9,2,246,36,289,1,-0.88672,-0.4623,0.81987,-0.57255,2225,3792,11,0.4196,0.00494,478,3,346,153,105,0,265,0,285,28.8,32.9,26.2,3.6,84.0,6.7,26.2,89.0,4.3,25.7,93.0,3.2,28.1,86.0,5.3,28.2,85.0,6.7,29.5,80.0,5.4,27.8,85.0,4.3,37.8,187.1,270.9,330.3,27.54,171.76,615,1,1,267,2,0,866,2,1,1152,8,1
2024-09-03,2024,9,3,247,36,335,2,-0.89454,-0.44698,0.79969,-0.60041,2196,3878,11,0.3054,0.00501,289,1,478,346,364,2,249,1,215,27.9,31.5,26.3,11.9,87.0,5.2,27.1,88.0,6.0,26.5,89.0,6.1,28.7,86.0,7.1,28.2,83.0,6.2,28.9,83.0,6.8,28.8,81.0,6.1,40.2,175.1,270.1,337.0,27.64,161.33,534,5,1,872,5,1,801,3,1,1145,3,1
2024-09-04,2024,9,4,248,36,385,0,-0.9021,-0.43153,0.77856,-0.62756,2255,3967,11,0.317,0.00488,335,2,289,478,326,0,296,2,233,28.8,32.4,25.5,2.8,83.0,6.9,27.9,85.0,6.5,26.3,93.0,4.7,28.9,85.0,6.6,27.9,84.0,4.6,28.4,84.0,5.6,29.0,83.0,6.3,36.2,127.8,261.8,329.6,27.81,118.47,465,0,1,865,6,1,854,2,1,1017,8,1
2024-09-05,2024,9,5,249,36,358,3,-0.90939,-0.41595,0.75652,-0.65397,2344,4108,14,0.3286,0.00597,385,0,335,289,269,0,217,1,228,28.7,32.2,25.7,6.6,84.0,6.5,29.0,80.0,8.0,26.5,93.0,5.0,28.9,82.0,6.6,27.5,84.0,5.6,26.6,91.0,2.3,29.5,80.0,7.2,42.6,112.0,265.9,332.5,27.97,104.42,561,2,1,887,3,1,829,3,1,1022,3,1
2024-09-06,2024,9,6,250,36,118,1,-0.91641,-0.40024,0.73357,-0.67961,2309,4148,14,0.2554,0.00606,358,3,385,335,153,1,78,0,50,29.0,33.0,25.8,7.9,84.0,7.2,29.4,78.0,7.2,26.7,91.0,5.3,28.1,83.0,5.0,27.1,87.0,5.9,25.8,94.0,3.0,29.7,79.0,6.1,42.5,103.5,272.2,314.6,28.14,97.08,196,0,0,299,2,0,321,2,0,317,0,0
2024-09-07,2024,9,7,251,36,403,3,-0.92316,-0.38442,0.70976,-0.70444,2366,4248,13,0.257,0.00549,118,1,358,385,346,4,303,0,237,29.3,33.3,25.9,3.8,84.0,7.4,29.2,80.0,6.4,27.6,86.0,6.3,27.5,84.0,4.7,27.6,85.0,5.6,26.9,89.0,5.3,29.7,79.0,6.1,44.8,98.1,270.0,313.3,28.26,92.41,548,3,1,843,1,1,860,7,1,928,6,1
2024-09-08,2024,9,8,252,36,463,1,-0.92963,-0.36848,0.68511,-0.72844,2351,4392,11,0.1518,0.00468,403,3,118,358,478,3,319,1,334,29.4,33.1,26.7,4.1,82.0,6.4,28.0,86.0,5.3,26.3,88.0,4.9,27.2,88.0,5.6,27.8,87.0,4.6,27.4,85.0,6.8,29.8,78.0,7.0,40.7,80.6,266.0,313.1,28.48,76.52,486,1,1,926,7,1,1221,8,1,1225,4,1
2024-09-09,2024,9,9,253,37,615,1,-0.93583,-0.35244,0.65965,-0.75157,2677,4902,11,0.2031,0.00411,463,1,403,118,289,1,105,0,265,29.3,32.5,26.4,1.2,80.0,6.1,28.8,84.0,6.7,26.2,89.0,4.3,25.7,93.0,3.2,28.1,86.0,5.3,28.2,85.0,6.7,29.5,80.0,5.4,38.3,76.1,225.4,309.2,28.7,72.8,267,2,0,866,2,1,1152,8,1,1218,2,1
2024-09-10,2024,9,10,254,37,534,5,-0.94176,-0.33629,0.63341,-0.77382,2876,5072,14,0.3095,0.00487,615,1,463,403,335,2,364,2,249,28.5,31.2,26.7,0.7,83.0,4.5,27.9,87.0,5.2,27.1,88.0,6.0,26.5,89.0,6.1,28.7,86.0,7.1,28.2,83.0,6.2,28.9,83.0,6.8,27.1,67.3,202.2,297.2,28.8,64.61,872,5,1,801,3,1,1145,3,1,981,5,1
2024-09-11,2024,9,11,255,37,465,0,-0.9474,-0.32004,0.60641,-0.79515,2956,5211,14,0.3107,0.00473,534,5,615,463,385,0,326,0,296,29.0,32.4,26.3,3.7,83.0,6.1,28.8,83.0,6.9,27.9,85.0,6.5,26.3,93.0,4.7,28.9,85.0,6.6,27.9,84.0,4.6,28.4,84.0,5.6,28.0,64.2,155.8,289.8,28.88,61.8,865,6,1,854,2,1,1017,8,1,1033,3,1
2024-09-12,2024,9,12,256,37,561,2,-0.95277,-0.3037,0.5787,-0.81554,3159,5503,13,0.3475,0.00411,465,0,534,615,358,3,269,0,217,29.8,34.1,26.8,11.6,82.0,7.3,28.7,84.0,6.5,29.0,80.0,8.0,26.5,93.0,5.0,28.9,82.0,6.6,27.5,84.0,5.6,26.6,91.0,2.3,33.0,75.6,145.0,298.9,28.94,72.93,887,3,1,829,3,1,1022,3,1,581,3,1
2024-09-13,2024,9,13,257,37,196,0,-0.95785,-0.28726,0.55031,-0.83496,3237,5546,12,0.4017,0.00371,561,2,465,534,118,1,153,1,78,29.3,32.8,26.1,3.3,76.0,6.7,29.0,84.0,7.2,29.4,78.0,7.2,26.7,91.0,5.3,28.1,83.0,5.0,27.1,87.0,5.9,25.8,94.0,3.0,28.4,70.9,131.9,300.6,28.93,68.37,299,2,0,321,2,0,317,0,0,490,2,1
2024-09-14,2024,9,14,258,37,548,3,-0.96265,-0.27074,0.52126,-0.8534,3382,5748,12,0.4292,0.00355,196,0,561,465,403,3,346,4,303,25.8,27.2,25.1,57.0,90.0,2.1,29.3,84.0,7.4,29.2,80.0,6.4,27.6,86.0,6.3,27.5,84.0,4.7,27.6,85.0,5.6,26.9,89.0,5.3,81.6,126.4,179.7,351.6,28.69,120.88,843,1,1,860,7,1,928,6,1,915,9,1
2024-09-15,2024,9,15,259,37,486,1,-0.96717,-0.25414,0.4916,-0.87082,3405,5756,12,0.4481,0.00352,548,3,196,561,463,1,478,3,319,25.5,26.6,25.0,41.4,92.0,1.6,29.4,82.0,6.4,28.0,86.0,5.3,26.3,88.0,4.9,27.2,88.0,5.6,27.8,87.0,4.6,27.4,85.0,6.8,118.9,159.6,199.5,384.9,28.51,151.67,926,7,1,1221,8,1,1225,4,1,660,4,1
2024-09-16,2024,9,16,260,38,267,2,-0.9714,-0.23747,0.46135,-0.88722,3057,5734,13,0.1419,0.00425,486,1,548,196,615,1,289,1,105,27.3,32.2,24.6,15.9,87.0,7.6,29.3,80.0,6.1,28.8,84.0,6.7,26.2,89.0,4.3,25.7,93.0,3.2,28.1,86.0,5.3,28.2,85.0,6.7,133.6,171.9,209.7,359.0,28.4,162.73,866,2,1,1152,8,1,1218,2,1,1186,1,1
2024-09-17,2024,9,17,261,38,872,5,-0.97534,-0.22072,0.43056,-0.90256,3395,6271,13,0.1804,0.00383,267,2,486,548,534,5,335,2,364,28.6,32.8,25.5,0.1,84.0,7.3,28.5,83.0,4.5,27.9,87.0,5.2,27.1,88.0,6.0,26.5,89.0,6.1,28.7,86.0,7.1,28.2,83.0,6.2,133.0,160.1,200.3,335.2,28.45,151.83,801,3,1,1145,3,1,981,5,1,1108,8,1
2024-09-18,2024,9,18,262,38,865,6,-0.97899,-0.20391,0.39926,-0.91684,3795,6751,19,0.2837,0.00501,872,5,267,486,465,0,385,0,326,29.8,34.1,25.7,0.0,80.0,8.4,29.0,83.0,6.1,28.8,83.0,6.9,27.9,85.0,6.5,26.3,93.0,4.7,28.9,85.0,6.6,27.9,84.0,4.6,129.3,157.3,193.5,285.1,28.52,149.54,854,2,1,1017,8,1,1033,3,1,1186,3,1
2024-09-19,2024,9,19,263,38,887,3,-0.98235,-0.18704,0.36748,-0.93003,4121,7280,20,0.3044,0.00485,865,6,872,267,561,2,358,3,269,30.5,34.3,27.1,1.8,79.0,7.2,29.8,82.0,7.3,28.7,84.0,6.5,29.0,80.0,8.0,26.5,93.0,5.0,28.9,82.0,6.6,27.5,84.0,5.6,119.5,152.5,195.1,264.5,28.65,145.64,829,3,1,1022,3,1,581,3,1,1100,8,1
2024-09-20,2024,9,20,264,38,299,2,-0.98542,-0.17012,0.33528,-0.94212,4224,7461,22,0.3048,0.00521,887,3,865,872,196,0,118,1,153,31.2,35.4,27.3,0.0,76.0,8.1,29.3,76.0,6.7,29.0,84.0,7.2,29.4,78.0,7.2,26.7,91.0,5.3,28.1,83.0,5.0,27.1,87.0,5.9,116.2,144.6,187.1,248.1,28.81,138.86,321,2,0,317,0,0,490,2,1,411,3,1
2024-09-21,2024,9,21,265,38,843,1,-0.9882,-0.15314,0.30267,-0.9531,4519,7901,20,0.3361,0.00442,299,2,887,865,548,3,403,3,346,30.7,35.6,26.2,7.6,78.0,9.4,25.8,90.0,2.1,29.3,84.0,7.4,29.2,80.0,6.4,27.6,86.0,6.3,27.5,84.0,4.7,27.6,85.0,5.6,66.8,148.4,193.2,246.5,28.91,143.01,860,7,1,928,6,1,915,9,1,1121,4,1
2024-09-22,2024,9,22,266,38,926,7,-0.99069,-0.13612,0.26971,-0.96294,4959,8364,26,0.4563,0.00524,843,1,299,887,486,1,463,1,478,30.8,34.6,27.6,0.0,79.0,7.0,25.5,92.0,1.6,29.4,82.0,6.4,28.0,86.0,5.3,26.3,88.0,4.9,27.2,88.0,5.6,27.8,87.0,4.6,25.4,144.3,185.0,224.9,29.01,139.54,1221,8,1,1225,4,1,660,4,1,1298,6,1
2024-09-23,2024,9,23,267,39,866,2,-0.99289,-0.11906,0.23642,-0.97165,5558,8615,26,0.8179,0.00468,926,7,843,299,267,2,615,1,289,30.7,34.6,27.8,2.6,81.0,6.8,27.3,87.0,7.6,29.3,80.0,6.1,28.8,84.0,6.7,26.2,89.0,4.3,25.7,93.0,3.2,28.1,86.0,5.3,12.1,145.7,184.0,221.8,29.11,141.38,1152,8,1,1218,2,1,1186,1,1,1039,3,1
2024-09-24,2024,9,24,268,39,801,3,-0.99479,-0.10196,0.20286,-0.97921,5487,8882,24,0.616,0.00437,866,2,926,843,872,5,534,5,335,28.5,31.9,26.0,8.9,84.0,5.9,28.6,84.0,7.3,28.5,83.0,4.5,27.9,87.0,5.2,27.1,88.0,6.0,26.5,89.0,6.1,28.7,86.0,7.1,20.9,153.9,181.0,221.2,29.11,149.33,1145,3,1,981,5,1,1108,8,1,1139,7,1
2024-09-25,2024,9,25,269,39,854,2,-0.9964,-0.08483,0.16906,-0.98561,5476,9271,20,0.4428,0.00365,801,3,866,926,865,6,465,0,385,26.1,28.1,24.4,32.9,91.0,3.7,29.8,80.0,8.4,29.0,83.0,6.1,28.8,83.0,6.9,27.9,85.0,6.5,26.3,93.0,4.7,28.9,85.0,6.6,53.8,183.1,211.1,247.3,28.9,176.39,1017,8,1,1033,3,1,1186,3,1,1138,7,1
2024-09-26,2024,9,26,270,39,829,3,-0.99771,-0.06768,0.13506,-0.99084,5418,9539,20,0.3147,0.00369,854,2,801,866,887,3,561,2,358,26.3,29.2,24.6,20.0,91.0,4.6,30.5,79.0,7.2,29.8,82.0,7.3,28.7,84.0,6.5,29.0,80.0,8.0,26.5,93.0,5.0,28.9,82.0,6.6,72.0,191.5,224.5,267.1,28.65,182.88,1022,3,1,581,3,1,1100,8,1,1029,4,1
2024-09-27,2024,9,27,271,39,321,2,-0.99872,-0.05051,0.10089,-0.9949,5440,9664,20,0.2878,0.00368,829,3,854,801,299,2,196,0,118,27.2,31.9,24.7,4.8,87.0,7.2,31.2,76.0,8.1,29.3,76.0,6.7,29.0,84.0,7.2,29.4,78.0,7.2,26.7,91.0,5.3,28.1,83.0,5.0,76.8,193.0,221.4,263.9,28.5,183.35,317,0,0,490,2,1,411,3,1,477,1,1
2024-09-28,2024,9,28,272,39,860,7,-0.99944,-0.03332,0.06661,-0.99778,5457,9976,26,0.2075,0.00476,321,2,829,854,843,1,548,3,403,27.7,32.0,25.3,4.9,87.0,6.7,30.7,78.0,9.4,25.8,90.0,2.1,29.3,84.0,7.4,29.2,80.0,6.4,27.6,86.0,6.3,27.5,84.0,4.7,74.1,140.9,222.5,267.3,28.64,134.51,928,6,1,915,9,1,1121,4,1,961,2,1
2024-09-29,2024,9,29,273,39,1221,8,-0.99987,-0.01613,0.03225,-0.99948,5752,10711,27,0.1599,0.00469,860,7,321,829,926,7,486,1,463,28.2,31.6,25.6,2.3,87.0,6.0,30.8,79.0,7.0,25.5,92.0,1.6,29.4,82.0,6.4,28.0,86.0,5.3,26.3,88.0,4.9,27.2,88.0,5.6,76.4,101.8,220.7,261.4,28.83,97.83,1225,4,1,660,4,1,1298,6,1,1248,6,1
2024-09-30,2024,9,30,274,40,1152,8,-1.0,0.00108,-0.00215,-1.0,6038,11596,33,0.0863,0.00546,1221,8,860,321,866,2,267,2,615,28.9,32.1,26.0,2.0,86.0,6.1,30.7,81.0,6.8,27.3,87.0,7.6,29.3,80.0,6.1,28.8,84.0,6.7,26.2,89.0,4.3,25.7,93.0,3.2,75.8,87.9,221.5,259.8,28.94,84.79,1218,2,1,1186,1,1,1039,3,1,1197,3,1
2024-10-01,2024,10,1,275,40,1145,3,-0.99983,0.01828,-0.03655,-0.99933,6382,11869,33,0.1631,0.00517,1152,8,1221,860,801,3,872,5,534,28.4,32.6,25.7,5.6,87.0,6.9,28.5,84.0,5.9,28.6,84.0,7.3,28.5,83.0,4.5,27.9,87.0,5.2,27.1,88.0,6.0,26.5,89.0,6.1,72.5,93.4,226.4,253.5,28.93,90.07,981,5,1,1108,8,1,1139,7,1,1312,6,1
2024-10-02,2024,10,2,276,40,1017,8,-0.99937,0.03547,-0.0709,-0.99748,6545,12021,39,0.1952,0.00596,1145,3,1152,1221,854,2,865,6,465,27.7,32.2,24.7,21.8,88.0,7.5,26.1,91.0,3.7,29.8,80.0,8.4,29.0,83.0,6.1,28.8,83.0,6.9,27.9,85.0,6.5,26.3,93.0,4.7,61.4,115.2,244.5,272.5,28.78,110.52,1033,3,1,1186,3,1,1138,7,1,1154,4,1
2024-10-03,2024,10,3,277,40,1022,3,-0.99861,0.05266,-0.10517,-0.99445,6738,12156,39,0.2436,0.00579,1017,8,1145,1152,829,3,887,3,561,25.8,26.8,25.2,67.3,94.0,1.6,26.3,91.0,4.6,30.5,79.0,7.2,29.8,82.0,7.3,28.7,84.0,6.5,29.0,80.0,8.0,26.5,93.0,5.0,108.7,180.7,300.2,333.2,28.44,171.3,581,3,1,1100,8,1,1029,4,1,1243,7,1
2024-10-04,2024,10,4,278,40,317,0,-0.99756,0.06983,-0.13932,-0.99025,6734,12174,37,0.2378,0.00549,1022,3,1017,1145,321,2,299,2,196,26.4,30.2,24.4,34.0,91.0,5.8,27.2,87.0,7.2,31.2,76.0,8.1,29.3,76.0,6.7,29.0,84.0,7.2,29.4,78.0,7.2,26.7,91.0,5.3,137.9,214.7,330.9,359.3,28.1,201.1,490,2,1,411,3,1,477,1,1,382,3,0
2024-10-05,2024,10,5,279,40,928,6,-0.99621,0.08698,-0.1733,-0.98487,6802,12259,36,0.2464,0.00529,317,0,1022,1017,860,7,843,1,548,25.3,28.0,24.0,66.0,94.0,4.0,27.7,87.0,6.7,30.7,78.0,9.4,25.8,90.0,2.1,29.3,84.0,7.4,29.2,80.0,6.4,27.6,86.0,6.3,199.0,273.1,339.9,421.5,27.71,252.25,915,9,1,1121,4,1,961,2,1,966,11,1
2024-10-06,2024,10,6,280,40,1225,4,-0.99457,0.1041,-0.20707,-0.97833,6806,12558,32,0.1832,0.0047,928,6,317,1022,1221,8,926,7,486,27.3,31.2,24.5,2.4,86.0,6.7,28.2,87.0,6.0,30.8,79.0,7.0,25.5,92.0,1.6,29.4,82.0,6.4,28.0,86.0,5.3,26.3,88.0,4.9,199.1,275.5,300.9,419.8,27.46,252.17,660,4,1,1298,6,1,1248,6,1,1306,4,1
2024-10-07,2024,10,7,281,41,1218,2,-0.99263,0.12119,-0.2406,-0.97062,6872,12910,26,0.1381,0.00378,1225,4,928,317,1152,8,866,2,267,27.0,30.5,24.5,4.0,89.0,6.0,28.9,86.0,6.1,30.7,81.0,6.8,27.3,87.0,7.6,29.3,80.0,6.1,28.8,84.0,6.7,26.2,89.0,4.3,201.1,276.9,289.0,422.6,27.2,251.06,1186,1,1,1039,3,1,1197,3,1,1297,6,1
2024-10-08,2024,10,8,282,41,981,5,-0.9904,0.13825,-0.27385,-0.96177,6708,13090,28,0.0511,0.00417,1218,2,1225,928,1145,3,801,3,872,27.4,31.7,24.6,6.0,89.0,7.1,28.4,87.0,6.9,28.5,84.0,5.9,28.6,84.0,7.3,28.5,83.0,4.5,27.9,87.0,5.2,27.1,88.0,6.0,201.5,274.0,294.9,427.9,27.12,247.7,1108,8,1,1139,7,1,1312,6,1,1370,6,1
2024-10-09,2024,10,9,283,41,1033,3,-0.98787,0.15527,-0.30677,-0.95178,6724,13269,23,0.0273,0.00342,981,5,1218,1225,1017,8,854,2,865,26.8,31.1,23.9,14.3,88.0,7.2,27.7,88.0,7.5,26.1,91.0,3.7,29.8,80.0,8.4,29.0,83.0,6.1,28.8,83.0,6.9,27.9,85.0,6.5,194.0,255.4,309.2,438.5,27.17,231.31,1186,3,1,1138,7,1,1154,4,1,1109,4,1
2024-10-10,2024,10,10,284,41,581,3,-0.98506,0.17224,-0.33932,-0.94067,6283,13021,23,-0.0675,0.00366,1033,3,981,1218,1022,3,829,3,887,26.5,29.7,24.1,6.0,89.0,5.6,25.8,94.0,1.6,26.3,91.0,4.6,30.5,79.0,7.2,29.8,82.0,7.3,28.7,84.0,6.5,29.0,80.0,8.0,132.7,241.4,313.4,432.9,27.19,218.79,1100,8,1,1029,4,1,1243,7,1,1209,7,1
2024-10-11,2024,10,11,285,41,490,2,-0.98195,0.18916,-0.37148,-0.92844,6456,13190,25,-0.0413,0.00387,581,3,1033,981,317,0,321,2,299,27.2,31.7,23.6,12.0,87.0,8.1,26.4,91.0,5.8,27.2,87.0,7.2,31.2,76.0,8.1,29.3,76.0,6.7,29.0,84.0,7.2,29.4,78.0,7.2,110.7,248.6,325.4,441.6,27.19,225.31,411,3,1,477,1,1,382,3,0,466,5,1
2024-10-12,2024,10,12,286,41,915,9,-0.97855,0.20602,-0.4032,-0.91511,6443,13245,28,-0.0528,0.00435,490,2,581,1033,928,6,860,7,843,27.1,31.1,24.2,7.2,88.0,6.9,25.3,94.0,4.0,27.7,87.0,6.7,30.7,78.0,9.4,25.8,90.0,2.1,29.3,84.0,7.4,29.2,80.0,6.4,51.9,250.9,325.0,391.8,27.14,226.98,1121,4,1,961,2,1,966,11,1,1134,8,1
2024-10-13,2024,10,13,287,41,660,4,-0.97486,0.22282,-0.43444,-0.9007,5878,12684,28,-0.1363,0.00476,915,9,490,581,1225,4,1221,8,926,27.8,32.4,23.8,0.0,81.0,8.6,27.3,86.0,6.7,28.2,87.0,6.0,30.8,79.0,7.0,25.5,92.0,1.6,29.4,82.0,6.4,28.0,86.0,5.3,49.5,248.6,325.0,350.4,27.11,224.65,1298,6,1,1248,6,1,1306,4,1,1337,5,1
2024-10-14,2024,10,14,288,42,1186,1,-0.97088,0.23956,-0.46516,-0.88523,5846,12718,27,-0.1493,0.00462,660,4,915,490,1218,2,1152,8,866,27.5,32.1,23.3,0.0,77.0,8.8,27.0,89.0,6.0,28.9,86.0,6.1,30.7,81.0,6.8,27.3,87.0,7.6,29.3,80.0,6.1,28.8,84.0,6.7,45.5,246.6,322.4,334.5,27.01,222.02,1039,3,1,1197,3,1,1297,6,1,1196,5,1
2024-10-15,2024,10,15,289,42,1108,8,-0.96662,0.25622,-0.49534,-0.8687,5973,12681,30,-0.1096,0.00502,1186,1,660,915,981,5,1145,3,801,27.3,31.3,23.5,0.7,80.0,7.8,27.4,89.0,7.1,28.4,87.0,6.9,28.5,84.0,5.9,28.6,84.0,7.3,28.5,83.0,4.5,27.9,87.0,5.2,40.2,241.7,314.2,335.1,26.94,217.05,1139,7,1,1312,6,1,1370,6,1,1211,7,1
2024-10-16,2024,10,16,290,42,1186,3,-0.96207,0.27281,-0.52493,-0.85115,6126,12850,30,-0.0889,0.0049,1108,8,1186,660,1033,3,1017,8,854,27.9,31.6,23.9,0.2,77.0,7.7,26.8,88.0,7.2,27.7,88.0,7.5,26.1,91.0,3.7,29.8,80.0,8.4,29.0,83.0,6.1,28.8,83.0,6.9,26.1,220.1,281.5,335.3,26.95,197.72,1138,7,1,1154,4,1,1109,4,1,1221,5,1
2024-10-17,2024,10,17,291,42,1100,8,-0.95723,0.28932,-0.55389,-0.83259,6645,12928,35,0.0576,0.00527,1186,3,1108,1186,581,3,1022,3,829,27.0,30.8,24.2,5.2,83.0,6.6,26.5,89.0,5.6,25.8,94.0,1.6,26.3,91.0,4.6,30.5,79.0,7.2,29.8,82.0,7.3,28.7,84.0,6.5,25.3,158.0,266.7,338.7,27.04,142.41,1029,4,1,1243,7,1,1209,7,1,1107,5,1
2024-10-18,2024,10,18,292,42,411,3,-0.95211,0.30574,-0.5822,-0.81304,6566,13022,36,0.017,0.00548,1100,8,1186,1108,490,2,317,0,321,25.9,29.4,23.2,13.3,89.0,6.2,27.2,87.0,8.1,26.4,91.0,5.8,27.2,87.0,7.2,31.2,76.0,8.1,29.3,76.0,6.7,29.0,84.0,7.2,26.6,137.3,275.2,352.0,27.0,123.57,477,1,1,382,3,0,466,5,1,474,3,1
2024-10-19,2024,10,19,293,42,1121,4,-0.94671,0.32208,-0.60983,-0.79253,6772,13215,31,0.0511,0.00458,411,3,1100,1186,915,9,928,6,860,26.5,30.4,23.2,13.2,86.0,7.2,27.1,88.0,6.9,25.3,94.0,4.0,27.7,87.0,6.7,30.7,78.0,9.4,25.8,90.0,2.1,29.3,84.0,7.4,32.6,84.5,283.5,357.6,27.09,76.3,961,2,1,966,11,1,1134,8,1,994,8,1
2024-10-20,2024,10,20,294,42,1298,6,-0.94103,0.33831,-0.63673,-0.77109,7410,13288,33,0.2606,0.00445,1121,4,411,1100,660,4,1225,4,1221,26.2,30.8,21.8,0.0,82.0,9.0,27.8,81.0,8.6,27.3,86.0,6.7,28.2,87.0,6.0,30.8,79.0,7.0,25.5,92.0,1.6,29.4,82.0,6.4,32.6,82.1,281.2,357.6,27.01,73.92,1248,6,1,1306,4,1,1337,5,1,1389,8,1
2024-10-21,2024,10,21,295,43,1039,3,-0.93507,0.35445,-0.66288,-0.74873,7263,13109,35,0.2423,0.00482,1298,6,1121,411,1186,1,1218,2,1152,26.2,30.9,21.1,0.0,78.0,9.8,27.5,77.0,8.8,27.0,89.0,6.0,28.9,86.0,6.1,30.7,81.0,6.8,27.3,87.0,7.6,29.3,80.0,6.1,32.6,78.1,279.2,355.0,26.95,70.16,1197,3,1,1297,6,1,1196,5,1,1083,6,1
2024-10-22,2024,10,22,296,43,1139,7,-0.92884,0.37048,-0.68824,-0.72549,7294,13267,34,0.2211,0.00466,1039,3,1298,1121,1108,8,981,5,1145,27.7,32.7,22.6,0.0,79.0,10.1,27.3,80.0,7.8,27.4,89.0,7.1,28.4,87.0,6.9,28.5,84.0,5.9,28.6,84.0,7.3,28.5,83.0,4.5,31.9,72.1,273.6,346.1,26.97,64.82,1312,6,1,1370,6,1,1211,7,1,1052,1,1
2024-10-23,2024,10,23,297,43,1138,7,-0.92233,0.38641,-0.71279,-0.70138,7246,13372,38,0.1828,0.00524,1139,7,1039,1298,1186,3,1033,3,1017,26.7,29.6,25.2,5.9,83.0,4.4,27.9,77.0,7.7,26.8,88.0,7.2,27.7,88.0,7.5,26.1,91.0,3.7,29.8,80.0,8.4,29.0,83.0,6.1,37.6,63.7,257.7,319.1,26.96,57.25,1154,4,1,1109,4,1,1221,5,1,1034,5,1
2024-10-24,2024,10,24,298,43,1029,4,-0.91555,0.40221,-0.73649,-0.67645,7175,13820,34,0.0797,0.00474,1138,7,1139,1039,1100,8,581,3,1022,25.2,28.1,23.7,7.9,84.0,4.4,27.0,83.0,6.6,26.5,89.0,5.6,25.8,94.0,1.6,26.3,91.0,4.6,30.5,79.0,7.2,29.8,82.0,7.3,40.3,65.6,198.3,307.0,26.87,58.76,1243,7,1,1209,7,1,1107,5,1,1214,9,1
2024-10-25,2024,10,25,299,43,477,1,-0.90849,0.4179,-0.75932,-0.65071,7241,13807,32,0.1028,0.00442,1029,4,1138,1139,411,3,490,2,317,26.1,30.4,22.8,11.6,85.0,7.6,25.9,89.0,6.2,27.2,87.0,8.1,26.4,91.0,5.8,27.2,87.0,7.2,31.2,76.0,8.1,29.3,76.0,6.7,38.6,65.2,175.9,313.8,26.79,58.22,382,3,0,466,5,1,474,3,1,458,2,1
2024-10-26,2024,10,26,300,43,961,2,-0.90117,0.43347,-0.78126,-0.62421,7081,13853,30,0.0456,0.00424,477,1,1029,1138,1121,4,915,9,928,26.2,29.9,24.1,7.6,87.0,5.8,26.5,86.0,7.2,27.1,88.0,6.9,25.3,94.0,4.0,27.7,87.0,6.7,30.7,78.0,9.4,25.8,90.0,2.1,33.0,65.6,117.5,316.5,26.73,58.45,966,11,1,1134,8,1,994,8,1,886,10,1
2024-10-27,2024,10,27,301,43,1248,6,-0.89358,0.44891,-0.80227,-0.59697,7031,14441,30,-0.0511,0.00427,961,2,477,1029,1298,6,660,4,1225,27.3,31.5,23.0,0.0,82.0,8.5,26.2,82.0,9.0,27.8,81.0,8.6,27.3,86.0,6.7,28.2,87.0,6.0,30.8,79.0,7.0,25.5,92.0,1.6,33.0,65.6,115.1,314.2,26.69,58.36,1306,4,1,1337,5,1,1389,8,1,1079,11,1
2024-10-28,2024,10,28,302,44,1197,3,-0.88572,0.46421,-0.82233,-0.56902,7189,14452,30,-0.0102,0.00417,1248,6,961,477,1039,3,1186,1,1218,27.1,31.5,23.5,0.0,80.0,8.0,26.2,78.0,9.8,27.5,77.0,8.8,27.0,89.0,6.0,28.9,86.0,6.1,30.7,81.0,6.8,27.3,87.0,7.6,33.0,65.6,111.1,312.2,26.66,58.3,1297,6,1,1196,5,1,1083,6,1,934,2,1
2024-10-29,2024,10,29,303,44,1312,6,-0.87761,0.47938,-0.84141,-0.54039,7362,14656,29,0.0093,0.00394,1197,3,1248,961,1139,7,1108,8,981,27.4,31.7,24.1,0.0,77.0,7.6,27.7,79.0,10.1,27.3,80.0,7.8,27.4,89.0,7.1,28.4,87.0,6.9,28.5,84.0,5.9,28.6,84.0,7.3,33.0,64.9,105.1,306.6,26.67,57.7,1370,6,1,1211,7,1,1052,1,1,990,10,1
2024-10-30,2024,10,30,304,44,1154,4,-0.86923,0.4944,-0.8595,-0.51113,7378,14624,26,0.0182,0.00352,1312,6,1197,1248,1138,7,1186,3,1033,27.3,31.3,24.3,0.8,82.0,7.0,26.7,83.0,4.4,27.9,77.0,7.7,26.8,88.0,7.2,27.7,88.0,7.5,26.1,91.0,3.7,29.8,80.0,8.4,27.9,65.5,91.6,285.6,26.63,58.14,1109,4,1,1221,5,1,1034,5,1,888,4,1
2024-10-31,2024,10,31,305,44,1243,7,-0.8606,0.50928,-0.87658,-0.48126,7592,14767,29,0.0581,0.00382,1154,4,1312,1197,1029,4,1100,8,581,26.8,30.4,24.0,1.7,87.0,6.4,25.2,84.0,4.4,27.0,83.0,6.6,26.5,89.0,5.6,25.8,94.0,1.6,26.3,91.0,4.6,30.5,79.0,7.2,21.7,62.0,87.3,220.0,26.61,54.99,1209,7,1,1107,5,1,1214,9,1,837,7,1
2024-11-01,2024,11,1,306,44,382,3,-0.85171,0.52401,-0.89261,-0.45083,7497,14738,31,0.0353,0.00413,1243,7,1154,1312,477,1,411,3,490,27.2,32.0,23.5,0.0,81.0,8.5,26.1,85.0,7.6,25.9,89.0,6.2,27.2,87.0,8.1,26.4,91.0,5.8,27.2,87.0,7.2,31.2,76.0,8.1,10.1,48.7,75.3,186.0,26.71,43.36,466,5,1,474,3,1,458,2,1,354,3,0
2024-11-02,2024,11,2,307,44,966,11,-0.84257,0.53858,-0.90759,-0.41986,7502,14583,40,0.0594,0.00533,382,3,1243,1154,961,2,1121,4,915,26.3,31.0,22.0,0.0,79.0,9.0,26.2,87.0,5.8,26.5,86.0,7.2,27.1,88.0,6.9,25.3,94.0,4.0,27.7,87.0,6.7,30.7,78.0,9.4,2.5,35.5,68.1,120.0,26.69,31.58,1134,8,1,994,8,1,886,10,1,675,3,1
2024-11-03,2024,11,3,308,44,1306,4,-0.83318,0.553,-0.9215,-0.38839,7560,14591,38,0.0752,0.00503,966,11,382,1243,1248,6,1298,6,660,26.2,31.4,21.1,0.0,76.0,10.3,27.3,82.0,8.5,26.2,82.0,9.0,27.8,81.0,8.6,27.3,86.0,6.7,28.2,87.0,6.0,30.8,79.0,7.0,2.5,35.5,68.1,117.6,26.69,31.58,1337,5,1,1389,8,1,1079,11,1,882,6,1
2024-11-04,2024,11,4,309,45,1297,6,-0.82355,0.56725,-0.93431,-0.35646,7660,14849,41,0.0655,0.00535,1306,4,966,382,1197,3,1039,3,1186,26.0,31.2,20.9,0.0,75.0,10.3,27.1,80.0,8.0,26.2,78.0,9.8,27.5,77.0,8.8,27.0,89.0,6.0,28.9,86.0,6.1,30.7,81.0,6.8,2.5,35.5,68.1,113.6,26.68,31.57,1196,5,1,1083,6,1,934,2,1,705,3,1
2024-11-05,2024,11,5,310,45,1370,6,-0.81367,0.58133,-0.94602,-0.32411,7718,15080,41,0.0483,0.00531,1297,6,1306,966,1312,6,1139,7,1108,26.0,30.6,21.9,0.5,73.0,8.7,27.4,77.0,7.6,27.7,79.0,10.1,27.3,80.0,7.8,27.4,89.0,7.1,28.4,87.0,6.9,28.5,84.0,5.9,3.0,36.0,67.9,108.1,26.56,31.87,1211,7,1,1052,1,1,990,10,1,629,7,1
2024-11-06,2024,11,6,311,45,1109,4,-0.80355,0.59524,-0.95661,-0.29138,7673,15051,41,0.04,0.00534,1370,6,1297,1306,1154,4,1138,7,1186,25.0,29.8,20.8,1.9,76.0,9.0,27.3,82.0,7.0,26.7,83.0,4.4,27.9,77.0,7.7,26.8,88.0,7.2,27.7,88.0,7.5,26.1,91.0,3.7,4.1,32.0,69.6,95.7,26.44,28.2,1221,5,1,1034,5,1,888,4,1,629,5,1
2024-11-07,2024,11,7,312,45,1209,7,-0.79319,0.60897,-0.96606,-0.2583,7639,15231,41,0.0062,0.00537,1109,4,1370,1297,1243,7,1029,4,1100,25.2,30.4,20.8,0.0,76.0,9.6,26.8,87.0,6.4,25.2,84.0,4.4,27.0,83.0,6.6,26.5,89.0,5.6,25.8,94.0,1.6,26.3,91.0,4.6,2.4,24.1,64.4,89.7,26.44,21.24,1107,5,1,1214,9,1,837,7,1,570,5,1
2024-11-08,2024,11,8,313,45,466,5,-0.7826,0.62253,-0.97438,-0.22492,7723,15220,43,0.0301,0.00557,1209,7,1109,1370,382,3,477,1,411,25.3,30.7,21.2,0.0,72.0,9.5,27.2,81.0,8.5,26.1,85.0,7.6,25.9,89.0,6.2,27.2,87.0,8.1,26.4,91.0,5.8,27.2,87.0,7.2,2.4,12.5,51.1,77.7,26.38,10.99,474,3,1,458,2,1,354,3,0,186,3,0
2024-11-09,2024,11,9,314,45,1134,8,-0.77177,0.6359,-0.98154,-0.19127,7891,15393,40,0.0518,0.00507,466,5,1209,1109,966,11,961,2,1121,24.6,30.3,20.2,0.0,72.0,10.1,26.3,79.0,9.0,26.2,87.0,5.8,26.5,86.0,7.2,27.1,88.0,6.9,25.3,94.0,4.0,27.7,87.0,6.7,2.4,4.9,37.9,70.5,26.26,4.29,994,8,1,886,10,1,675,3,1,562,5,1
2024-11-10,2024,11,10,315,45,1337,5,-0.76072,0.64908,-0.98754,-0.15739,7922,15482,41,0.0479,0.00517,1134,8,466,1209,1306,4,1248,6,1298,24.8,30.6,19.2,0.0,71.0,11.4,26.2,76.0,10.3,27.3,82.0,8.5,26.2,82.0,9.0,27.8,81.0,8.6,27.3,86.0,6.7,28.2,87.0,6.0,2.4,4.9,37.9,70.5,26.09,4.26,1389,8,1,1079,11,1,882,6,1,596,7,1
2024-11-11,2024,11,11,316,46,1196,5,-0.74944,0.66207,-0.99237,-0.12333,7821,15481,40,0.021,0.00511,1337,5,1134,466,1297,6,1197,3,1039,25.5,31.1,19.9,0.0,66.0,11.2,26.0,75.0,10.3,27.1,80.0,8.0,26.2,78.0,9.8,27.5,77.0,8.8,27.0,89.0,6.0,28.9,86.0,6.1,2.4,4.9,37.9,70.5,25.97,4.24,1083,6,1,934,2,1,705,3,1,478,2,1
2024-11-12,2024,11,12,317,46,1211,7,-0.73794,0.67486,-0.99602,-0.08912,7662,15380,41,-0.0073,0.00535,1196,5,1337,1134,1370,6,1312,6,1139,25.6,30.7,20.8,0.0,66.0,9.9,26.0,73.0,8.7,27.4,77.0,7.6,27.7,79.0,10.1,27.3,80.0,7.8,27.4,89.0,7.1,28.4,87.0,6.9,1.9,4.9,37.9,69.8,25.84,4.22,1052,1,1,990,10,1,629,7,1,453,1,1
2024-11-13,2024,11,13,318,46,1221,5,-0.72622,0.68746,-0.9985,-0.05481,7774,15447,42,0.0132,0.0054,1211,7,1196,1337,1109,4,1154,4,1138,25.7,31.0,21.5,0.0,70.0,9.5,25.0,76.0,9.0,27.3,82.0,7.0,26.7,83.0,4.4,27.9,77.0,7.7,26.8,88.0,7.2,27.7,88.0,7.5,0.0,4.1,32.0,69.6,25.73,3.52,1034,5,1,888,4,1,629,5,1,444,4,1
2024-11-14,2024,11,14,319,46,1107,5,-0.71429,0.69985,-0.99979,-0.02043,7672,15311,40,0.0043,0.00521,1221,5,1211,1196,1209,7,1243,7,1029,25.3,30.7,20.9,0.0,71.0,9.8,25.2,76.0,9.6,26.8,87.0,6.4,25.2,84.0,4.4,27.0,83.0,6.6,26.5,89.0,5.6,25.8,94.0,1.6,0.0,2.4,24.1,64.4,25.62,2.05,1214,9,1,837,7,1,570,5,1,344,5,0
2024-11-15,2024,11,15,320,46,474,3,-0.70215,0.71203,-0.9999,0.01398,7680,15403,38,-0.0056,0.00495,1107,5,1221,1211,466,5,382,3,477,24.7,30.1,20.4,0.0,69.0,9.7,25.3,72.0,9.5,27.2,81.0,8.5,26.1,85.0,7.6,25.9,89.0,6.2,27.2,87.0,8.1,26.4,91.0,5.8,0.0,2.4,12.5,51.1,25.44,2.04,458,2,1,354,3,0,186,3,0,241,4,0
2024-11-16,2024,11,16,321,46,994,8,-0.6898,0.724,-0.99883,0.04836,7540,15431,38,-0.0445,0.00504,474,3,1107,1221,1134,8,966,11,961,23.9,29.6,19.7,0.0,70.0,9.9,24.6,72.0,10.1,26.3,79.0,9.0,26.2,87.0,5.8,26.5,86.0,7.2,27.1,88.0,6.9,25.3,94.0,4.0,0.0,2.4,4.9,37.9,25.27,2.02,886,10,1,675,3,1,562,5,1,316,3,0
2024-11-17,2024,11,17,322,46,1389,8,-0.67724,0.73576,-0.99658,0.08269,7592,15514,41,-0.0417,0.0054,994,8,474,1107,1337,5,1306,4,1248,23.0,28.4,18.7,0.0,64.0,9.7,24.8,71.0,11.4,26.2,76.0,10.3,27.3,82.0,8.5,26.2,82.0,9.0,27.8,81.0,8.6,27.3,86.0,6.7,0.0,2.4,4.9,37.9,25.04,2.0,1079,11,1,882,6,1,596,7,1,373,0,0
2024-11-18,2024,11,18,323,47,1083,6,-0.66448,0.7473,-0.99314,0.11692,7479,15300,42,-0.0437,0.00561,1389,8,994,474,1196,5,1297,6,1197,22.7,28.2,17.4,0.0,69.0,10.8,25.5,66.0,11.2,26.0,75.0,10.3,27.1,80.0,8.0,26.2,78.0,9.8,27.5,77.0,8.8,27.0,89.0,6.0,0.0,2.4,4.9,37.9,24.81,1.98,934,2,1,705,3,1,478,2,1,107,1,0
2024-11-19,2024,11,19,324,47,1052,1,-0.65153,0.75862,-0.98853,0.15102,7320,14982,36,-0.0446,0.00492,1083,6,1389,994,1211,7,1370,6,1312,23.0,28.7,17.6,0.0,70.0,11.1,25.6,66.0,9.9,26.0,73.0,8.7,27.4,77.0,7.6,27.7,79.0,10.1,27.3,80.0,7.8,27.4,89.0,7.1,0.0,1.9,4.9,37.9,24.59,1.56,990,10,1,629,7,1,453,1,1,311,2,0
2024-11-20,2024,11,20,325,47,1034,5,-0.63838,0.76972,-0.98275,0.18493,7133,14907,36,-0.0824,0.00505,1052,1,1083,1389,1221,5,1109,4,1154,22.8,28.4,17.3,0.0,63.0,11.1,25.7,70.0,9.5,25.0,76.0,9.0,27.3,82.0,7.0,26.7,83.0,4.4,27.9,77.0,7.7,26.8,88.0,7.2,0.0,0.0,4.1,32.0,24.44,0.0,888,4,1,629,5,1,444,4,1,274,5,0
2024-11-21,2024,11,21,326,47,1214,9,-0.62505,0.78058,-0.97581,0.21863,7240,14912,40,-0.0563,0.00552,1034,5,1052,1083,1107,5,1209,7,1243,22.7,28.8,17.4,0.0,68.0,11.4,25.3,71.0,9.8,25.2,76.0,9.6,26.8,87.0,6.4,25.2,84.0,4.4,27.0,83.0,6.6,26.5,89.0,5.6,0.0,0.0,2.4,24.1,24.26,0.0,837,7,1,570,5,1,344,5,0,236,1,0
2024-11-22,2024,11,22,327,47,458,2,-0.61153,0.79122,-0.96771,0.25206,7224,14904,39,-0.0594,0.0054,1214,9,1034,1052,474,3,466,5,382,23.4,28.4,20.0,0.0,67.0,8.4,24.7,69.0,9.7,25.3,72.0,9.5,27.2,81.0,8.5,26.1,85.0,7.6,25.9,89.0,6.2,27.2,87.0,8.1,0.0,0.0,2.4,12.5,24.12,0.0,354,3,0,186,3,0,241,4,0,83,1,0
2024-11-23,2024,11,23,328,47,886,10,-0.59783,0.80162,-0.95847,0.2852,7116,14656,41,-0.0562,0.00576,458,2,1214,1034,994,8,1134,8,966,23.3,28.6,19.0,0.0,71.0,9.6,23.9,70.0,9.9,24.6,72.0,10.1,26.3,79.0,9.0,26.2,87.0,5.8,26.5,86.0,7.2,27.1,88.0,6.9,0.0,0.0,2.4,4.9,24.03,0.0,675,3,1,562,5,1,316,3,0,141,3,0
2024-11-24,2024,11,24,329,47,1079,11,-0.58395,0.81179,-0.94809,0.318,6806,14398,44,-0.1035,0.00646,886,10,458,1214,1389,8,1337,5,1306,23.0,28.1,18.8,0.0,64.0,9.3,23.0,64.0,9.7,24.8,71.0,11.4,26.2,76.0,10.3,27.3,82.0,8.5,26.2,82.0,9.0,27.8,81.0,8.6,0.0,0.0,2.4,4.9,23.9,0.0,882,6,1,596,7,1,373,0,0,165,2,0
2024-11-25,2024,11,25,330,48,934,2,-0.5699,0.82171,-0.93659,0.35043,6657,14136,40,-0.1099,0.00601,1079,11,886,458,1083,6,1196,5,1297,22.5,27.9,17.5,0.0,62.0,10.4,22.7,69.0,10.8,25.5,66.0,11.2,26.0,75.0,10.3,27.1,80.0,8.0,26.2,78.0,9.8,27.5,77.0,8.8,0.0,0.0,2.4,4.9,23.69,0.0,705,3,1,478,2,1,107,1,0,172,1,0
2024-11-26,2024,11,26,331,48,990,10,-0.55568,0.83139,-0.92398,0.38244,6595,13915,49,-0.099,0.00743,934,2,1079,886,1052,1,1211,7,1370,22.1,27.8,17.1,0.0,64.0,10.7,23.0,70.0,11.1,25.6,66.0,9.9,26.0,73.0,8.7,27.4,77.0,7.6,27.7,79.0,10.1,27.3,80.0,7.8,0.0,0.0,1.9,4.9,23.44,0.0,629,7,1,453,1,1,311,2,0,125,1,0
2024-11-27,2024,11,27,332,48,888,4,-0.5413,0.84083,-0.91028,0.41399,6449,13582,48,-0.0959,0.00744,990,10,934,1079,1034,5,1221,5,1109,22.5,27.8,17.0,0.0,69.0,10.8,22.8,63.0,11.1,25.7,70.0,9.5,25.0,76.0,9.0,27.3,82.0,7.0,26.7,83.0,4.4,27.9,77.0,7.7,0.0,0.0,0.0,4.1,23.21,0.0,629,5,1,444,4,1,274,5,0,67,0,0
2024-11-28,2024,11,28,333,48,837,7,-0.52675,0.85002,-0.8955,0.44506,6072,13312,46,-0.1613,0.00757,888,4,990,934,1214,9,1107,5,1209,23.2,28.7,18.1,0.0,66.0,10.6,22.7,68.0,11.4,25.3,71.0,9.8,25.2,76.0,9.6,26.8,87.0,6.4,25.2,84.0,4.4,27.0,83.0,6.6,0.0,0.0,0.0,2.4,23.06,0.0,570,5,1,344,5,0,236,1,0,153,4,0
2024-11-29,2024,11,29,334,48,354,3,-0.51206,0.85895,-0.87966,0.4756,5968,13192,47,-0.1738,0.00787,837,7,888,990,458,2,474,3,466,24.2,30.1,19.0,0.0,67.0,11.1,23.4,67.0,8.4,24.7,69.0,9.7,25.3,72.0,9.5,27.2,81.0,8.5,26.1,85.0,7.6,25.9,89.0,6.2,0.0,0.0,0.0,2.4,23.02,0.0,186,3,0,241,4,0,83,1,0,53,0,0
2024-11-30,2024,11,30,335,48,675,3,-0.4972,0.86763,-0.86278,0.50558,5757,12873,40,-0.191,0.00695,354,3,837,888,886,10,994,8,1134,24.0,28.5,21.3,0.0,71.0,7.2,23.3,71.0,9.6,23.9,70.0,9.9,24.6,72.0,10.1,26.3,79.0,9.0,26.2,87.0,5.8,26.5,86.0,7.2,0.0,0.0,0.0,2.4,23.03,0.0,562,5,1,316,3,0,141,3,0,104,1,0
2024-12-01,2024,12,1,336,48,882,6,-0.48221,0.87606,-0.84488,0.53496,5560,12366,35,-0.183,0.00629,675,3,354,837,1079,11,1389,8,1337,23.8,28.6,20.5,0.3,64.0,8.1,23.0,64.0,9.3,23.0,64.0,9.7,24.8,71.0,11.4,26.2,76.0,10.3,27.3,82.0,8.5,26.2,82.0,9.0,0.3,0.3,0.3,2.7,23.09,0.23,596,7,1,373,0,0,165,2,0,148,2,0
2024-12-02,2024,12,2,337,49,705,3,-0.46706,0.88422,-0.82598,0.5637,5331,11988,36,-0.1992,0.00675,882,6,675,354,934,2,1083,6,1196,23.1,27.7,19.2,0.0,65.0,8.5,22.5,62.0,10.4,22.7,69.0,10.8,25.5,66.0,11.2,26.0,75.0,10.3,27.1,80.0,8.0,26.2,78.0,9.8,0.3,0.3,0.3,2.7,23.11,0.23,478,2,1,107,1,0,172,1,0,114,1,0
2024-12-03,2024,12,3,338,49,629,7,-0.45179,0.89213,-0.8061,0.59178,4970,11565,33,-0.2464,0.00664,705,3,882,675,990,10,1052,1,1211,22.6,27.8,18.3,0.0,69.0,9.5,22.1,64.0,10.7,23.0,70.0,11.1,25.6,66.0,9.9,26.0,73.0,8.7,27.4,77.0,7.6,27.7,79.0,10.1,0.3,0.3,0.3,2.2,23.09,0.23,453,1,1,311,2,0,125,1,0,84,2,0
2024-12-04,2024,12,4,339,49,629,5,-0.43637,0.89977,-0.78527,0.61916,4711,11160,34,-0.2695,0.00722,629,7,705,882,888,4,1034,5,1221,22.4,28.1,17.5,0.0,66.0,10.6,22.5,69.0,10.8,22.8,63.0,11.1,25.7,70.0,9.5,25.0,76.0,9.0,27.3,82.0,7.0,26.7,83.0,4.4,0.3,0.3,0.3,0.3,23.06,0.23,444,4,1,274,5,0,67,0,0,86,0,0
2024-12-05,2024,12,5,340,49,570,5,-0.42083,0.90714,-0.7635,0.6458,4444,10516,32,-0.2681,0.0072,629,5,629,705,837,7,1214,9,1107,22.1,27.9,16.8,0.0,65.0,11.1,23.2,66.0,10.6,22.7,68.0,11.4,25.3,71.0,9.8,25.2,76.0,9.6,26.8,87.0,6.4,25.2,84.0,4.4,0.3,0.3,0.3,0.3,23.01,0.23,344,5,0,236,1,0,153,4,0,56,0,0
2024-12-06,2024,12,6,341,49,186,3,-0.40516,0.91424,-0.74084,0.67168,4276,10244,32,-0.2835,0.00748,570,5,629,629,354,3,458,2,474,21.3,26.6,17.0,0.0,60.0,9.6,24.2,67.0,11.1,23.4,67.0,8.4,24.7,69.0,9.7,25.3,72.0,9.5,27.2,81.0,8.5,26.1,85.0,7.6,0.3,0.3,0.3,0.3,22.86,0.23,241,4,0,83,1,0,53,0,0,23,0,0
2024-12-07,2024,12,7,342,49,562,5,-0.38938,0.92108,-0.7173,0.69677,4163,9920,34,-0.2768,0.00817,186,3,570,629,675,3,886,10,994,20.3,26.2,15.6,0.0,57.0,10.6,24.0,71.0,7.2,23.3,71.0,9.6,23.9,70.0,9.9,24.6,72.0,10.1,26.3,79.0,9.0,26.2,87.0,5.8,0.3,0.3,0.3,0.3,22.65,0.23,316,3,0,141,3,0,104,1,0,56,1,0
2024-12-08,2024,12,8,343,49,596,7,-0.37348,0.92764,-0.6929,0.72103,3877,9437,35,-0.3026,0.00903,562,5,186,570,882,6,1079,11,1389,20.0,26.1,14.7,0.0,58.0,11.4,23.8,64.0,8.1,23.0,64.0,9.3,23.0,64.0,9.7,24.8,71.0,11.4,26.2,76.0,10.3,27.3,82.0,8.5,0.0,0.3,0.3,0.3,22.44,0.22,373,0,0,165,2,0,148,2,0,66,0,0
2024-12-09,2024,12,9,344,50,478,2,-0.35746,0.93393,-0.66769,0.74444,3650,8981,34,-0.3153,0.00931,596,7,562,186,705,3,934,2,1083,20.3,26.4,14.7,0.0,64.0,11.7,23.1,65.0,8.5,22.5,62.0,10.4,22.7,69.0,10.8,25.5,66.0,11.2,26.0,75.0,10.3,27.1,80.0,8.0,0.0,0.3,0.3,0.3,22.28,0.22,107,1,0,172,1,0,114,1,0,70,2,0
2024-12-10,2024,12,10,345,50,453,1,-0.34135,0.93994,-0.64169,0.76697,3474,8444,28,-0.3009,0.00806,478,2,596,562,629,7,990,10,1052,20.6,25.9,16.0,0.0,72.0,9.9,22.6,69.0,9.5,22.1,64.0,10.7,23.0,70.0,11.1,25.6,66.0,9.9,26.0,73.0,8.7,27.4,77.0,7.6,0.0,0.3,0.3,0.3,22.17,0.22,311,2,0,125,1,0,84,2,0,61,0,0
2024-12-11,2024,12,11,346,50,444,4,-0.32513,0.94567,-0.61493,0.78858,3289,8000,27,-0.3018,0.00821,453,1,478,596,629,5,888,4,1034,19.9,25.4,15.6,0.0,68.0,9.8,22.4,66.0,10.6,22.5,69.0,10.8,22.8,63.0,11.1,25.7,70.0,9.5,25.0,76.0,9.0,27.3,82.0,7.0,0.0,0.3,0.3,0.3,21.99,0.22,274,5,0,67,0,0,86,0,0,51,0,0
2024-12-12,2024,12,12,347,50,344,5,-0.30881,0.95112,-0.58744,0.80927,3063,7507,27,-0.3107,0.00881,444,4,453,478,570,5,837,7,1214,19.0,24.9,14.1,0.0,70.0,10.8,22.1,65.0,11.1,23.2,66.0,10.6,22.7,68.0,11.4,25.3,71.0,9.8,25.2,76.0,9.6,26.8,87.0,6.4,0.0,0.3,0.3,0.3,21.69,0.22,236,1,0,153,4,0,56,0,0,40,0,0
2024-12-13,2024,12,13,348,50,241,4,-0.29241,0.95629,-0.55925,0.829,3118,7394,28,-0.2708,0.00898,344,5,444,453,186,3,354,3,458,19.3,25.0,14.5,0.0,72.0,10.5,21.3,60.0,9.6,24.2,67.0,11.1,23.4,67.0,8.4,24.7,69.0,9.7,25.3,72.0,9.5,27.2,81.0,8.5,0.0,0.3,0.3,0.3,21.34,0.21,83,1,0,53,0,0,23,0,0,19,0,0
2024-12-14,2024,12,14,349,50,316,3,-0.27591,0.96118,-0.53041,0.84774,2872,7035,26,-0.31,0.00905,241,4,344,444,562,5,675,3,886,19.3,25.0,14.5,0.0,70.0,10.5,20.3,57.0,10.6,24.0,71.0,7.2,23.3,71.0,9.6,23.9,70.0,9.9,24.6,72.0,10.1,26.3,79.0,9.0,0.0,0.3,0.3,0.3,21.0,0.21,141,3,0,104,1,0,56,1,0,45,1,0
2024-12-15,2024,12,15,350,50,373,0,-0.25934,0.96579,-0.50093,0.86549,2649,6526,19,-0.3167,0.00717,316,3,241,344,596,7,882,6,1079,19.3,25.6,14.4,0.0,71.0,11.2,20.0,58.0,11.4,23.8,64.0,8.1,23.0,64.0,9.3,23.0,64.0,9.7,24.8,71.0,11.4,26.2,76.0,10.3,0.0,0.0,0.3,0.3,20.68,0.0,165,2,0,148,2,0,66,0,0,57,1,0
2024-12-16,2024,12,16,351,51,107,1,-0.24269,0.9701,-0.47086,0.88221,2278,5928,18,-0.3758,0.0079,373,0,316,241,478,2,705,3,934,19.4,26.6,12.4,0.0,68.0,14.2,20.3,64.0,11.7,23.1,65.0,8.5,22.5,62.0,10.4,22.7,69.0,10.8,25.5,66.0,11.2,26.0,75.0,10.3,0.0,0.0,0.3,0.3,20.41,0.0,172,1,0,114,1,0,70,2,0,39,0,0
2024-12-17,2024,12,17,352,51,311,2,-0.22596,0.97414,-0.44024,0.89788,2136,5610,19,-0.385,0.00889,107,1,373,316,453,1,629,7,990,20.7,27.7,14.6,0.0,62.0,13.1,20.6,72.0,9.9,22.6,69.0,9.5,22.1,64.0,10.7,23.0,70.0,11.1,25.6,66.0,9.9,26.0,73.0,8.7,0.0,0.0,0.3,0.3,20.28,0.0,125,1,0,84,2,0,61,0,0,31,2,0
2024-12-18,2024,12,18,353,51,274,5,-0.20917,0.97788,-0.40909,0.91249,1966,5255,20,-0.4021,0.01017,311,2,107,373,444,4,629,5,888,21.0,26.0,16.6,0.0,68.0,9.4,19.9,68.0,9.8,22.4,66.0,10.6,22.5,69.0,10.8,22.8,63.0,11.1,25.7,70.0,9.5,25.0,76.0,9.0,0.0,0.0,0.3,0.3,20.18,0.0,67,0,0,86,0,0,51,0,0,45,0,0
2024-12-19,2024,12,19,354,51,236,1,-0.19232,0.98133,-0.37746,0.92602,1858,4921,16,-0.3933,0.00861,274,5,311,107,344,5,570,5,837,20.3,26.2,14.9,0.0,72.0,11.3,19.0,70.0,10.8,22.1,65.0,11.1,23.2,66.0,10.6,22.7,68.0,11.4,25.3,71.0,9.8,25.2,76.0,9.6,0.0,0.0,0.3,0.3,20.05,0.0,153,4,0,56,0,0,40,0,0,27,0,0
2024-12-20,2024,12,20,355,51,83,1,-0.17541,0.9845,-0.34539,0.93846,1700,4818,13,-0.4546,0.00764,236,1,274,311,241,4,186,3,354,20.4,26.3,15.1,0.0,72.0,11.2,19.3,72.0,10.5,21.3,60.0,9.6,24.2,67.0,11.1,23.4,67.0,8.4,24.7,69.0,9.7,25.3,72.0,9.5,0.0,0.0,0.3,0.3,19.99,0.0,53,0,0,23,0,0,19,0,0,19,0,0
2024-12-21,2024,12,21,356,51,141,3,-0.15845,0.98737,-0.3129,0.94979,1525,4397,13,-0.4688,0.00852,83,1,236,274,316,3,562,5,675,19.5,21.8,17.4,0.9,77.0,4.4,19.3,70.0,10.5,20.3,57.0,10.6,24.0,71.0,7.2,23.3,71.0,9.6,23.9,70.0,9.9,24.6,72.0,10.1,0.9,0.9,1.2,1.2,19.93,0.6,104,1,0,56,1,0,45,1,0,40,1,0
2024-12-22,2024,12,22,357,51,165,2,-0.14144,0.98995,-0.28004,0.95999,1317,3966,15,-0.5026,0.01138,141,3,83,236,373,0,596,7,882,19.7,25.6,15.1,0.0,77.0,10.5,19.3,71.0,11.2,20.0,58.0,11.4,23.8,64.0,8.1,23.0,64.0,9.3,23.0,64.0,9.7,24.8,71.0,11.4,0.9,0.9,0.9,1.2,19.91,0.6,148,2,0,66,0,0,57,1,0,46,0,0
2024-12-23,2024,12,23,358,52,172,1,-0.12439,0.99223,-0.24686,0.96905,1382,3660,15,-0.3932,0.01085,165,2,141,83,107,1,478,2,705,19.9,26.4,14.7,0.0,68.0,11.7,19.4,68.0,14.2,20.3,64.0,11.7,23.1,65.0,8.5,22.5,62.0,10.4,22.7,69.0,10.8,25.5,66.0,11.2,0.9,0.9,0.9,1.2,19.88,0.6,114,1,0,70,2,0,39,0,0,39,0,0
2024-12-24,2024,12,24,359,52,125,1,-0.10731,0.99423,-0.21338,0.97697,1196,3332,14,-0.4399,0.0117,172,1,165,141,311,2,453,1,629,20.1,26.0,14.4,0.0,65.0,11.6,20.7,62.0,13.1,20.6,72.0,9.9,22.6,69.0,9.5,22.1,64.0,10.7,23.0,70.0,11.1,25.6,66.0,9.9,0.9,0.9,0.9,1.2,19.84,0.6,84,2,0,61,0,0,31,2,0,24,0,0
2024-12-25,2024,12,25,360,52,67,0,-0.09019,0.99592,-0.17964,0.98373,989,2955,9,-0.4967,0.00909,125,1,172,165,274,5,444,4,629,20.8,26.7,15.6,0.0,61.0,11.1,21.0,68.0,9.4,19.9,68.0,9.8,22.4,66.0,10.6,22.5,69.0,10.8,22.8,63.0,11.1,25.7,70.0,9.5,0.9,0.9,0.9,1.2,19.91,0.6,86,0,0,51,0,0,45,0,0,32,1,0
2024-12-26,2024,12,26,361,52,153,4,-0.07305,0.99733,-0.1457,0.98933,906,2764,12,-0.5121,0.01323,67,0,125,172,236,1,344,5,570,21.7,27.7,17.0,0.0,61.0,10.7,20.3,72.0,11.3,19.0,70.0,10.8,22.1,65.0,11.1,23.2,66.0,10.6,22.7,68.0,11.4,25.3,71.0,9.8,0.9,0.9,0.9,1.2,20.1,0.6,56,0,0,40,0,0,27,0,0,21,0,0
2024-12-27,2024,12,27,362,52,53,0,-0.05588,0.99844,-0.11158,0.99376,876,2576,11,-0.4844,0.01254,153,4,67,125,83,1,241,4,186,21.0,26.4,16.1,0.0,63.0,10.3,20.4,72.0,11.2,19.3,72.0,10.5,21.3,60.0,9.6,24.2,67.0,11.1,23.4,67.0,8.4,24.7,69.0,9.7,0.9,0.9,0.9,1.2,20.22,0.61,23,0,0,19,0,0,19,0,0,7,0,0
2024-12-28,2024,12,28,363,52,104,1,-0.0387,0.99925,-0.07733,0.99701,839,2364,9,-0.4495,0.01071,53,0,153,67,141,3,316,3,562,20.8,27.1,14.7,0.0,66.0,12.4,19.5,77.0,4.4,19.3,70.0,10.5,20.3,57.0,10.6,24.0,71.0,7.2,23.3,71.0,9.6,23.9,70.0,9.9,0.0,0.9,0.9,1.2,20.33,0.61,56,1,0,45,1,0,40,1,0,21,0,0
2024-12-29,2024,12,29,364,52,148,2,-0.0215,0.99977,-0.04299,0.99908,822,2139,9,-0.3756,0.01094,104,1,53,153,165,2,373,0,596,21.1,26.7,15.8,0.0,68.0,10.9,19.7,77.0,10.5,19.3,71.0,11.2,20.0,58.0,11.4,23.8,64.0,8.1,23.0,64.0,9.3,23.0,64.0,9.7,0.0,0.9,0.9,0.9,20.46,0.61,66,0,0,57,1,0,46,0,0,33,0,0
2024-12-30,2024,12,30,365,1,114,1,-0.0043,0.99999,-0.0086,0.99996,764,2146,9,-0.4469,0.01176,148,2,104,53,172,1,107,1,478,21.4,26.8,16.8,0.0,69.0,10.0,19.9,68.0,11.7,19.4,68.0,14.2,20.3,64.0,11.7,23.1,65.0,8.5,22.5,62.0,10.4,22.7,69.0,10.8,0.0,0.9,0.9,0.9,20.6,0.62,70,2,0,39,0,0,39,0,0,34,1,0
2024-12-31,2024,12,31,366,1,84,2,0.0129,0.99992,0.0258,0.99967,723,1919,10,-0.3952,0.01381,114,1,148,104,125,1,311,2,453,19.9,24.7,15.6,0.0,71.0,9.1,20.1,65.0,11.6,20.7,62.0,13.1,20.6,72.0,9.9,22.6,69.0,9.5,22.1,64.0,10.7,23.0,70.0,11.1,0.0,0.9,0.9,0.9,20.54,0.62,61,0,0,31,2,0,24,0,0,23,0,0
2025-01-01,2025,1,1,1,1,86,0,0.0172,0.99985,0.0344,0.99941,742,1731,10,-0.2495,0.01346,84,2,114,148,67,0,274,5,444,19.1,24.9,14.9,0.0,77.0,10.0,20.8,61.0,11.1,21.0,68.0,9.4,19.9,68.0,9.8,22.4,66.0,10.6,22.5,69.0,10.8,22.8,63.0,11.1,0.0,0.9,0.9,0.9,20.41,0.61,51,0,0,45,0,0,32,1,0,21,0,0
2025-01-02,2025,1,2,2,1,56,0,0.0344,0.99941,0.06876,0.99763,645,1551,6,-0.2878,0.00929,86,0,84,114,153,4,236,1,344,18.2,24.1,13.7,0.0,79.0,10.4,21.7,61.0,10.7,20.3,72.0,11.3,19.0,70.0,10.8,22.1,65.0,11.1,23.2,66.0,10.6,22.7,68.0,11.4,0.0,0.9,0.9,0.9,20.26,0.61,40,0,0,27,0,0,21,0,0,22,0,0
2025-01-03,2025,1,3,3,1,23,0,0.05158,0.99867,0.10303,0.99468,615,1491,6,-0.2976,0.00974,56,0,86,84,53,0,83,1,241,18.7,25.1,13.5,0.0,76.0,11.6,21.0,63.0,10.3,20.4,72.0,11.2,19.3,72.0,10.5,21.3,60.0,9.6,24.2,67.0,11.1,23.4,67.0,8.4,0.0,0.9,0.9,0.9,20.14,0.6,19,0,0,19,0,0,7,0,0,7,0,0
2025-01-04,2025,1,4,4,1,56,1,0.06876,0.99763,0.13719,0.99055,567,1406,6,-0.3238,0.01056,23,0,56,86,104,1,141,3,316,20.3,27.0,14.8,0.0,76.0,12.2,20.8,66.0,12.4,19.5,77.0,4.4,19.3,70.0,10.5,20.3,57.0,10.6,24.0,71.0,7.2,23.3,71.0,9.6,0.0,0.0,0.9,0.9,20.19,0.0,45,1,0,40,1,0,21,0,0,9,0,0
2025-01-05,2025,1,5,5,1,66,0,0.08591,0.9963,0.17118,0.98524,485,1307,4,-0.4095,0.00823,56,1,23,56,148,2,165,2,373,21.1,27.8,15.0,0.0,77.0,12.8,21.1,68.0,10.9,19.7,77.0,10.5,19.3,71.0,11.2,20.0,58.0,11.4,23.8,64.0,8.1,23.0,64.0,9.3,0.0,0.0,0.9,0.9,20.29,0.0,57,1,0,46,0,0,33,0,0,17,0,0
2025-01-06,2025,1,6,6,2,70,2,0.10303,0.99468,0.20497,0.97877,441,1205,5,-0.4222,0.01131,66,0,56,23,114,1,172,1,107,21.9,27.9,16.4,0.0,75.0,11.5,21.4,69.0,10.0,19.9,68.0,11.7,19.4,68.0,14.2,20.3,64.0,11.7,23.1,65.0,8.5,22.5,62.0,10.4,0.0,0.0,0.9,0.9,20.44,0.0,39,0,0,39,0,0,34,1,0,13,0,0
2025-01-07,2025,1,7,7,2,61,0,0.12013,0.99276,0.23851,0.97114,418,1141,3,-0.4213,0.00716,70,2,66,56,84,2,125,1,311,20.9,25.5,16.2,0.0,69.0,9.3,19.9,71.0,9.1,20.1,65.0,11.6,20.7,62.0,13.1,20.6,72.0,9.9,22.6,69.0,9.5,22.1,64.0,10.7,0.0,0.0,0.9,0.9,20.49,0.0,31,2,0,24,0,0,23,0,0,27,0,0
2025-01-08,2025,1,8,8,2,51,0,0.13719,0.99055,0.27178,0.96236,383,1125,3,-0.4832,0.00781,61,0,70,66,86,0,67,0,274,19.3,23.9,15.9,0.0,73.0,8.0,19.1,77.0,10.0,20.8,61.0,11.1,21.0,68.0,9.4,19.9,68.0,9.8,22.4,66.0,10.6,22.5,69.0,10.8,0.0,0.0,0.9,0.9,20.39,0.0,45,0,0,32,1,0,21,0,0,9,0,0
2025-01-09,2025,1,9,9,2,40,0,0.1542,0.98804,0.30472,0.95244,367,1012,3,-0.4303,0.00815,51,0,61,70,56,0,153,4,236,17.9,23.4,13.5,0.0,72.0,9.9,18.2,79.0,10.4,21.7,61.0,10.7,20.3,72.0,11.3,19.0,70.0,10.8,22.1,65.0,11.1,23.2,66.0,10.6,0.0,0.0,0.9,0.9,20.11,0.0,27,0,0,21,0,0,22,0,0,9,0,0
2025-01-10,2025,1,10,10,2,19,0,0.17118,0.98524,0.3373,0.9414,363,978,3,-0.4091,0.00824,40,0,51,61,23,0,53,0,83,18.4,24.4,13.2,0.0,66.0,11.2,18.7,76.0,11.6,21.0,63.0,10.3,20.4,72.0,11.2,19.3,72.0,10.5,21.3,60.0,9.6,24.2,67.0,11.1,0.0,0.0,0.9,0.9,19.93,0.0,19,0,0,7,0,0,7,0,0,5,0,0
2025-01-11,2025,1,11,11,2,45,1,0.1881,0.98215,0.36948,0.92924,352,919,3,-0.3785,0.0085,19,0,40,51,56,1,104,1,141,19.7,26.2,13.9,0.0,66.0,12.3,20.3,76.0,12.2,20.8,66.0,12.4,19.5,77.0,4.4,19.3,70.0,10.5,20.3,57.0,10.6,24.0,71.0,7.2,0.0,0.0,0.0,0.9,19.85,0.0,40,1,0,21,0,0,9,0,0,8,1,0
2025-01-12,2025,1,12,12,2,57,1,0.20497,0.97877,0.40123,0.91598,343,828,4,-0.2922,0.01163,45,1,19,40,66,0,148,2,165,21.2,27.8,15.3,0.0,63.0,12.5,21.1,77.0,12.8,21.1,68.0,10.9,19.7,77.0,10.5,19.3,71.0,11.2,20.0,58.0,11.4,23.8,64.0,8.1,0.0,0.0,0.0,0.9,19.86,0.0,46,0,0,33,0,0,17,0,0,37,0,0
2025-01-13,2025,1,13,13,3,39,0,0.22177,0.9751,0.4325,0.90163,312,753,2,-0.2919,0.00639,57,1,45,19,70,2,114,1,172,21.5,26.6,16.2,0.0,65.0,10.4,21.9,75.0,11.5,21.4,69.0,10.0,19.9,68.0,11.7,19.4,68.0,14.2,20.3,64.0,11.7,23.1,65.0,8.5,0.0,0.0,0.0,0.9,19.86,0.0,39,0,0,34,1,0,13,0,0,29,0,0
2025-01-14,2025,1,14,14,3,31,2,0.23851,0.97114,0.46326,0.88622,282,700,4,-0.3246,0.01413,39,0,57,45,61,0,84,2,125,21.1,27.1,16.0,0.0,65.0,11.1,20.9,69.0,9.3,19.9,71.0,9.1,20.1,65.0,11.6,20.7,62.0,13.1,20.6,72.0,9.9,22.6,69.0,9.5,0.0,0.0,0.0,0.9,19.95,0.0,24,0,0,23,0,0,27,0,0,16,1,0
2025-01-15,2025,1,15,15,3,45,0,0.25518,0.96689,0.49347,0.86976,276,659,4,-0.2786,0.01444,31,2,39,57,51,0,86,0,67,20.8,27.1,15.7,0.0,63.0,11.4,19.3,73.0,8.0,19.1,77.0,10.0,20.8,61.0,11.1,21.0,68.0,9.4,19.9,68.0,9.8,22.4,66.0,10.6,0.0,0.0,0.0,0.9,20.07,0.0,32,1,0,21,0,0,9,0,0,16,0,0
2025-01-16,2025,1,16,16,3,27,0,0.27178,0.96236,0.52309,0.85227,263,630,4,-0.2826,0.01515,45,0,31,39,40,0,56,0,153,21.1,27.8,15.2,0.0,65.0,12.6,17.9,72.0,9.9,18.2,79.0,10.4,21.7,61.0,10.7,20.3,72.0,11.3,19.0,70.0,10.8,22.1,65.0,11.1,0.0,0.0,0.0,0.9,20.28,0.0,21,0,0,22,0,0,9,0,0,18,0,0
2025-01-17,2025,1,17,17,3,19,0,0.28829,0.95754,0.5521,0.83378,263,626,4,-0.2747,0.01515,27,0,45,31,19,0,23,0,53,21.3,27.5,16.0,0.0,62.0,11.5,18.4,66.0,11.2,18.7,76.0,11.6,21.0,63.0,10.3,20.4,72.0,11.2,19.3,72.0,10.5,21.3,60.0,9.6,0.0,0.0,0.0,0.9,20.46,0.0,7,0,0,7,0,0,5,0,0,5,0,0
2025-01-18,2025,1,18,18,3,40,1,0.30472,0.95244,0.58045,0.81429,258,610,4,-0.2663,0.01544,19,0,27,45,45,1,56,1,104,20.8,26.5,15.7,0.0,68.0,10.8,19.7,66.0,12.3,20.3,76.0,12.2,20.8,66.0,12.4,19.5,77.0,4.4,19.3,70.0,10.5,20.3,57.0,10.6,0.0,0.0,0.0,0.0,20.5,0.0,21,0,0,9,0,0,8,1,0,6,0,0
2025-01-19,2025,1,19,19,3,46,0,0.32106,0.94706,0.60812,0.79384,247,590,3,-0.2791,0.0121,40,1,19,27,57,1,66,0,148,20.0,25.4,15.1,0.0,66.0,10.3,21.2,63.0,12.5,21.1,77.0,12.8,21.1,68.0,10.9,19.7,77.0,10.5,19.3,71.0,11.2,20.0,58.0,11.4,0.0,0.0,0.0,0.0,20.42,0.0,33,0,0,17,0,0,37,0,0,21,0,0
2025-01-20,2025,1,20,20,4,39,0,0.3373,0.9414,0.63507,0.77246,247,559,3,-0.2077,0.0121,46,0,40,19,39,0,70,2,114,19.3,24.4,14.4,0.0,71.0,10.0,21.5,65.0,10.4,21.9,75.0,11.5,21.4,69.0,10.0,19.9,68.0,11.7,19.4,68.0,14.2,20.3,64.0,11.7,0.0,0.0,0.0,0.0,20.24,0.0,34,1,0,13,0,0,29,0,0,19,1,0
2025-01-21,2025,1,21,21,4,24,0,0.35344,0.93546,0.66126,0.75015,240,522,1,-0.1484,0.00415,39,0,46,40,31,2,61,0,84,19.8,25.3,14.5,0.0,71.0,10.8,21.1,65.0,11.1,20.9,69.0,9.3,19.9,71.0,9.1,20.1,65.0,11.6,20.7,62.0,13.1,20.6,72.0,9.9,0.0,0.0,0.0,0.0,20.16,0.0,23,0,0,27,0,0,16,1,0,16,0,0
2025-01-22,2025,1,22,22,4,32,1,0.36948,0.92924,0.68668,0.72696,227,503,2,-0.1769,0.00877,24,0,39,46,45,0,51,0,86,20.6,26.2,15.5,0.0,73.0,10.7,20.8,63.0,11.4,19.3,73.0,8.0,19.1,77.0,10.0,20.8,61.0,11.1,21.0,68.0,9.4,19.9,68.0,9.8,0.0,0.0,0.0,0.0,20.25,0.0,21,0,0,9,0,0,16,0,0,17,0,0
2025-01-23,2025,1,23,23,4,21,0,0.38541,0.92274,0.71128,0.70291,221,484,2,-0.1591,0.00901,32,1,24,39,27,0,40,0,56,19.8,26.4,13.8,0.0,72.0,12.6,21.1,65.0,12.6,17.9,72.0,9.9,18.2,79.0,10.4,21.7,61.0,10.7,20.3,72.0,11.3,19.0,70.0,10.8,0.0,0.0,0.0,0.0,20.39,0.0,22,0,0,9,0,0,18,0,0,6,0,0
2025-01-24,2025,1,24,24,4,7,0,0.40123,0.91598,0.73503,0.67803,209,472,2,-0.2045,0.00952,21,0,32,24,19,0,19,0,23,20.4,26.4,14.8,0.0,69.0,11.6,21.3,62.0,11.5,18.4,66.0,11.2,18.7,76.0,11.6,21.0,63.0,10.3,20.4,72.0,11.2,19.3,72.0,10.5,0.0,0.0,0.0,0.0,20.53,0.0,7,0,0,5,0,0,5,0,0,10,0,0
2025-01-25,2025,1,25,25,4,21,0,0.41693,0.90894,0.75792,0.65235,190,448,1,-0.2625,0.00524,7,0,21,32,40,1,45,1,56,20.7,26.3,16.0,0.0,66.0,10.3,20.8,68.0,10.8,19.7,66.0,12.3,20.3,76.0,12.2,20.8,66.0,12.4,19.5,77.0,4.4,19.3,70.0,10.5,0.0,0.0,0.0,0.0,20.6,0.0,9,0,0,8,1,0,6,0,0,10,0,0
2025-01-26,2025,1,26,26,4,33,0,0.4325,0.90163,0.77991,0.62589,177,424,1,-0.2823,0.00562,21,0,7,21,46,0,57,1,66,19.8,25.1,14.4,0.0,61.0,10.7,20.0,66.0,10.3,21.2,63.0,12.5,21.1,77.0,12.8,21.1,68.0,10.9,19.7,77.0,10.5,19.3,71.0,11.2,0.0,0.0,0.0,0.0,20.5,0.0,17,0,0,37,0,0,21,0,0,8,0,0
2025-01-27,2025,1,27,27,5,34,1,0.44794,0.89406,0.80098,0.59869,172,419,2,-0.3024,0.01156,33,0,21,7,39,0,39,0,70,19.9,26.0,14.4,0.0,66.0,11.6,19.3,71.0,10.0,21.5,65.0,10.4,21.9,75.0,11.5,21.4,69.0,10.0,19.9,68.0,11.7,19.4,68.0,14.2,0.0,0.0,0.0,0.0,20.39,0.0,13,0,0,29,0,0,19,1,0,10,0,0
2025-01-28,2025,1,28,28,5,23,0,0.46326,0.88622,0.8211,0.57078,171,411,2,-0.2863,0.01163,34,1,33,21,24,0,31,2,61,20.5,26.2,15.1,0.0,61.0,11.1,19.8,71.0,10.8,21.1,65.0,11.1,20.9,69.0,9.3,19.9,71.0,9.1,20.1,65.0,11.6,20.7,62.0,13.1,0.0,0.0,0.0,0.0,20.34,0.0,27,0,0,16,1,0,16,0,0,11,0,0
2025-01-29,2025,1,29,29,5,21,0,0.47843,0.87812,0.84025,0.5422,160,387,1,-0.2939,0.00621,23,0,34,33,32,1,45,0,51,21.1,26.7,15.9,0.0,56.0,10.8,20.6,73.0,10.7,20.8,63.0,11.4,19.3,73.0,8.0,19.1,77.0,10.0,20.8,61.0,11.1,21.0,68.0,9.4,0.0,0.0,0.0,0.0,20.36,0.0,9,0,0,16,0,0,17,0,0,6,0,0
2025-01-30,2025,1,30,30,5,22,0,0.49347,0.86976,0.8584,0.51298,161,382,1,-0.2703,0.00617,21,0,23,34,21,0,27,0,40,21.6,26.9,16.7,2.0,72.0,10.2,19.8,72.0,12.6,21.1,65.0,12.6,17.9,72.0,9.9,18.2,79.0,10.4,21.7,61.0,10.7,20.3,72.0,11.3,2.0,2.0,2.0,2.0,20.4,1.36,9,0,0,18,0,0,6,0,0,10,0,0
2025-01-31,2025,1,31,31,5,7,0,0.50836,0.86115,0.87554,0.48315,161,370,1,-0.2286,0.00617,22,0,21,23,7,0,19,0,19,22.7,27.7,19.6,1.1,83.0,8.1,20.4,69.0,11.6,21.3,62.0,11.5,18.4,66.0,11.2,18.7,76.0,11.6,21.0,63.0,10.3,20.4,72.0,11.2,3.1,3.1,3.1,3.1,20.5,2.12,5,0,0,5,0,0,10,0,0,6,0,0
2025-02-01,2025,2,1,32,5,9,0,0.52309,0.85227,0.89164,0.45274,149,339,1,-0.2147,0.00667,7,0,22,21,21,0,40,1,45,22.4,27.7,18.8,0.1,82.0,8.9,20.7,66.0,10.3,20.8,68.0,10.8,19.7,66.0,12.3,20.3,76.0,12.2,20.8,66.0,12.4,19.5,77.0,4.4,3.2,3.2,3.2,3.2,20.61,2.2,8,1,0,6,0,0,10,0,0,11,0,0
2025-02-02,2025,2,2,33,5,17,0,0.53768,0.84315,0.90669,0.42181,133,310,1,-0.2472,0.00746,9,0,7,22,33,0,46,0,57,23.0,29.1,18.4,0.0,74.0,10.7,19.8,61.0,10.7,20.0,66.0,10.3,21.2,63.0,12.5,21.1,77.0,12.8,21.1,68.0,10.9,19.7,77.0,10.5,3.2,3.2,3.2,3.2,20.83,2.22,37,0,0,21,0,0,8,0,0,8,0,0
2025-02-03,2025,2,3,34,6,13,0,0.5521,0.83378,0.92066,0.39037,112,284,0,-0.3468,0.0,17,0,9,7,34,1,39,0,39,22.3,28.3,17.1,0.0,68.0,11.2,19.9,66.0,11.6,19.3,71.0,10.0,21.5,65.0,10.4,21.9,75.0,11.5,21.4,69.0,10.0,19.9,68.0,11.7,3.2,3.2,3.2,3.2,21.04,2.24,29,0,0,19,1,0,10,0,0,7,0,0
2025-02-04,2025,2,4,35,6,27,0,0.56636,0.82416,0.93354,0.35847,116,287,0,-0.3198,0.0,13,0,17,9,23,0,24,0,31,21.5,27.1,15.6,0.0,63.0,11.5,20.5,61.0,11.1,19.8,71.0,10.8,21.1,65.0,11.1,20.9,69.0,9.3,19.9,71.0,9.1,20.1,65.0,11.6,3.2,3.2,3.2,3.2,21.16,2.26,16,1,0,16,0,0,11,0,0,11,0,0
2025-02-05,2025,2,5,36,6,9,0,0.58045,0.81429,0.94532,0.32614,104,264,0,-0.3478,0.0,27,0,13,17,21,0,32,1,45,22.6,28.0,16.9,0.0,63.0,11.1,21.1,56.0,10.8,20.6,73.0,10.7,20.8,63.0,11.4,19.3,73.0,8.0,19.1,77.0,10.0,20.8,61.0,11.1,3.2,3.2,3.2,3.2,21.31,2.27,16,0,0,17,0,0,6,0,0,7,0,0
2025-02-06,2025,2,6,37,6,9,0,0.59438,0.80419,0.95598,0.29343,91,252,0,-0.4321,0.0,9,0,27,13,22,0,21,0,27,23.7,29.9,18.7,0.0,63.0,11.2,21.6,72.0,10.2,19.8,72.0,12.6,21.1,65.0,12.6,17.9,72.0,9.9,18.2,79.0,10.4,21.7,61.0,10.7,1.2,3.2,3.2,3.2,21.59,2.3,18,0,0,6,0,0,10,0,0,5,0,0
2025-02-07,2025,2,7,38,6,5,0,0.60812,0.79384,0.96551,0.26038,89,250,0,-0.4444,0.0,9,0,9,27,7,0,7,0,19,21.0,26.2,16.0,0.0,54.0,10.2,22.7,83.0,8.1,20.4,69.0,11.6,21.3,62.0,11.5,18.4,66.0,11.2,18.7,76.0,11.6,21.0,63.0,10.3,0.1,3.2,3.2,3.2,21.63,2.31,5,0,0,10,0,0,6,0,0,5,0,0
2025-02-08,2025,2,8,39,6,8,1,0.62169,0.78327,0.97389,0.22701,88,237,1,-0.4067,0.01124,5,0,9,9,9,0,21,0,40,20.2,26.4,14.6,0.0,55.0,11.8,22.4,82.0,8.9,20.7,66.0,10.3,20.8,68.0,10.8,19.7,66.0,12.3,20.3,76.0,12.2,20.8,66.0,12.4,0.0,3.2,3.2,3.2,21.59,2.3,6,0,0,10,0,0,11,0,0,9,0,0
2025-02-09,2025,2,9,40,6,37,0,0.63507,0.77246,0.98112,0.19338,108,241,1,-0.1866,0.00917,8,1,5,9,17,0,33,0,46,20.3,26.2,14.5,0.0,59.0,11.7,23.0,74.0,10.7,19.8,61.0,10.7,20.0,66.0,10.3,21.2,63.0,12.5,21.1,77.0,12.8,21.1,68.0,10.9,0.0,3.2,3.2,3.2,21.63,2.31,21,0,0,8,0,0,8,0,0,26,0,0
2025-02-10,2025,2,10,41,7,29,0,0.64826,0.76142,0.9872,0.15951,124,236,1,0.1062,0.008,37,0,8,5,13,0,34,1,39,21.8,27.8,16.1,0.0,57.0,11.7,22.3,68.0,11.2,19.9,66.0,11.6,19.3,71.0,10.0,21.5,65.0,10.4,21.9,75.0,11.5,21.4,69.0,10.0,0.0,3.2,3.2,3.2,21.76,2.32,19,1,0,10,0,0,7,0,0,24,0,0
2025-02-11,2025,2,11,42,7,16,1,0.66126,0.75015,0.9921,0.12546,113,229,2,-0.0256,0.01754,29,0,37,8,27,0,23,0,24,22.4,28.1,17.3,0.1,73.0,10.8,21.5,63.0,11.5,20.5,61.0,11.1,19.8,71.0,10.8,21.1,65.0,11.1,20.9,69.0,9.3,19.9,71.0,9.1,0.1,3.3,3.3,3.3,21.9,2.41,16,0,0,11,0,0,11,0,0,13,0,0
2025-02-12,2025,2,12,43,7,16,0,0.67407,0.73867,0.99583,0.09126,120,224,2,0.1524,0.01653,16,1,29,37,9,0,21,0,32,23.7,29.3,18.9,0.0,74.0,10.4,22.6,63.0,11.1,21.1,56.0,10.8,20.6,73.0,10.7,20.8,63.0,11.4,19.3,73.0,8.0,19.1,77.0,10.0,0.1,3.3,3.3,3.3,22.09,2.43,17,0,0,6,0,0,7,0,0,17,0,0
2025-02-13,2025,2,13,44,7,18,0,0.68668,0.72696,0.99838,0.05695,129,220,2,0.413,0.01538,16,0,16,29,9,0,22,0,21,24.4,30.3,20.1,0.0,71.0,10.2,23.7,63.0,11.2,21.6,72.0,10.2,19.8,72.0,12.6,21.1,65.0,12.6,17.9,72.0,9.9,18.2,79.0,10.4,0.1,1.3,3.3,3.3,22.29,0.97,6,0,0,10,0,0,5,0,0,18,0,0
2025-02-14,2025,2,14,45,7,5,0,0.69908,0.71504,0.99975,0.02258,129,218,2,0.4444,0.01538,18,0,16,16,5,0,7,0,7,22.8,28.1,17.0,0.0,46.0,11.1,21.0,54.0,10.2,22.7,83.0,8.1,20.4,69.0,11.6,21.3,62.0,11.5,18.4,66.0,11.2,18.7,76.0,11.6,0.1,0.2,3.3,3.3,22.29,0.15,10,0,0,6,0,0,5,0,0,10,0,0
2025-02-15,2025,2,15,46,7,6,0,0.71128,0.70291,0.99993,-0.01183,127,215,1,0.4382,0.00781,5,0,18,16,8,1,9,0,21,22.6,28.9,15.8,0.0,47.0,13.1,20.2,55.0,11.8,22.4,82.0,8.9,20.7,66.0,10.3,20.8,68.0,10.8,19.7,66.0,12.3,20.3,76.0,12.2,0.1,0.1,3.3,3.3,22.31,0.07,10,0,0,11,0,0,9,0,0,9,0,0
2025-02-16,2025,2,16,47,7,21,0,0.72326,0.69057,0.99893,-0.04622,111,219,1,0.0275,0.00893,6,0,5,18,37,0,17,0,33,23.7,30.4,17.7,0.0,51.0,12.7,20.3,59.0,11.7,23.0,74.0,10.7,19.8,61.0,10.7,20.0,66.0,10.3,21.2,63.0,12.5,21.1,77.0,12.8,0.1,0.1,3.3,3.3,22.36,0.07,8,0,0,8,0,0,26,0,0,22,0,0
2025-02-17,2025,2,17,48,8,19,1,0.73503,0.67803,0.99675,-0.08055,101,225,2,-0.184,0.01961,21,0,6,5,29,0,13,0,34,24.6,31.0,18.7,0.0,62.0,12.3,21.8,57.0,11.7,22.3,68.0,11.2,19.9,66.0,11.6,19.3,71.0,10.0,21.5,65.0,10.4,21.9,75.0,11.5,0.1,0.1,3.3,3.3,22.52,0.08,10,0,0,7,0,0,24,0,0,22,0,0
2025-02-18,2025,2,18,49,8,16,0,0.74659,0.66529,0.99339,-0.11479,101,214,1,-0.1053,0.0098,19,1,21,6,16,1,27,0,23,24.5,30.7,19.2,4.2,70.0,11.5,22.4,73.0,10.8,21.5,63.0,11.5,20.5,61.0,11.1,19.8,71.0,10.8,21.1,65.0,11.1,20.9,69.0,9.3,4.2,4.3,7.5,7.5,22.74,3.26,11,0,0,11,0,0,13,0,0,8,0,0
2025-02-19,2025,2,19,50,8,17,0,0.75792,0.65235,0.98885,-0.14889,102,222,1,-0.1488,0.00971,16,0,19,21,16,0,9,0,21,25.1,30.9,19.2,0.0,63.0,11.7,23.7,74.0,10.4,22.6,63.0,11.1,21.1,56.0,10.8,20.6,73.0,10.7,20.8,63.0,11.4,19.3,73.0,8.0,4.2,4.3,7.5,7.5,22.91,3.28,6,0,0,7,0,0,17,0,0,17,0,0
2025-02-20,2025,2,20,51,8,6,0,0.76903,0.63921,0.98315,-0.18282,90,219,1,-0.3,0.01099,17,0,16,19,18,0,9,0,22,25.2,30.8,19.8,0.0,63.0,11.0,24.4,71.0,10.2,23.7,63.0,11.2,21.6,72.0,10.2,19.8,72.0,12.6,21.1,65.0,12.6,17.9,72.0,9.9,4.2,4.3,5.5,7.5,23.02,3.3,10,0,0,5,0,0,18,0,0,13,0,0
2025-02-21,2025,2,21,52,8,10,0,0.77991,0.62589,0.97628,-0.21653,95,224,1,-0.2615,0.01042,6,0,17,16,5,0,5,0,7,25.7,31.4,20.3,0.0,60.0,11.1,22.8,46.0,11.1,21.0,54.0,10.2,22.7,83.0,8.1,20.4,69.0,11.6,21.3,62.0,11.5,18.4,66.0,11.2,4.2,4.3,4.4,7.5,23.36,3.35,6,0,0,5,0,0,10,0,0,1,0,0
2025-02-22,2025,2,22,53,8,10,0,0.79056,0.61238,0.96825,-0.24998,99,226,1,-0.2188,0.01,10,0,6,17,6,0,8,1,9,25.6,31.7,21.0,1.7,59.0,10.7,22.6,47.0,13.1,20.2,55.0,11.8,22.4,82.0,8.9,20.7,66.0,10.3,20.8,68.0,10.8,19.7,66.0,12.3,5.9,6.0,6.0,9.2,23.74,4.75,11,0,0,9,0,0,9,0,0,13,0,0
2025-02-23,2025,2,23,54,8,8,0,0.80098,0.59869,0.95908,-0.28314,86,197,1,-0.2232,0.01149,10,0,10,6,21,0,37,0,17,24.1,29.6,20.3,1.6,62.0,9.3,23.7,51.0,12.7,20.3,59.0,11.7,23.0,74.0,10.7,19.8,61.0,10.7,20.0,66.0,10.3,21.2,63.0,12.5,7.5,7.6,7.6,10.8,24.01,6.08,8,0,0,26,0,0,22,0,0,12,0,0
2025-02-24,2025,2,24,55,9,10,0,0.81116,0.58482,0.94877,-0.31596,77,178,0,-0.2353,0.0,8,0,10,10,19,1,29,0,13,24.5,30.8,18.5,0.0,60.0,12.3,24.6,62.0,12.3,21.8,57.0,11.7,22.3,68.0,11.2,19.9,66.0,11.6,19.3,71.0,10.0,21.5,65.0,10.4,7.5,7.6,7.6,10.8,24.21,6.13,7,0,0,24,0,0,22,0,0,22,0,0
2025-02-25,2025,2,25,56,9,11,0,0.8211,0.57078,0.93734,-0.34841,72,173,0,-0.2843,0.0,10,0,8,10,16,0,16,1,27,24.8,30.8,18.7,0.0,53.0,12.1,24.5,70.0,11.5,22.4,73.0,10.8,21.5,63.0,11.5,20.5,61.0,11.1,19.8,71.0,10.8,21.1,65.0,11.1,3.3,7.5,7.6,10.8,24.38,6.09,11,0,0,13,0,0,8,0,0,4,0,0
2025-02-26,2025,2,26,57,9,6,0,0.8308,0.55658,0.9248,-0.38045,61,163,0,-0.3981,0.0,11,0,10,8,17,0,16,0,9,24.4,30.4,18.3,0.0,49.0,12.1,25.1,63.0,11.7,23.7,74.0,10.4,22.6,63.0,11.1,21.1,56.0,10.8,20.6,73.0,10.7,20.8,63.0,11.4,3.3,7.5,7.6,10.8,24.43,6.11,7,0,0,17,0,0,17,0,0,2,0,0
2025-02-27,2025,2,27,58,9,10,0,0.84025,0.5422,0.91117,-0.41203,65,155,0,-0.2747,0.0,6,0,11,10,6,0,18,0,9,25.2,30.9,19.2,0.0,50.0,11.7,25.2,63.0,11.0,24.4,71.0,10.2,23.7,63.0,11.2,21.6,72.0,10.2,19.8,72.0,12.6,21.1,65.0,12.6,3.3,7.5,7.6,8.8,24.49,6.12,5,0,0,18,0,0,13,0,0,11,0,0
2025-02-28,2025,2,28,59,9,6,0,0.84945,0.52767,0.89646,-0.44313,61,156,0,-0.3542,0.0,10,0,6,11,10,0,5,0,5,26.1,30.7,20.6,0.1,54.0,10.1,25.7,60.0,11.1,22.8,46.0,11.1,21.0,54.0,10.2,22.7,83.0,8.1,20.4,69.0,11.6,21.3,62.0,11.5,3.4,7.6,7.7,7.8,24.72,6.26,5,0,0,10,0,0,1,0,0,3,0,0
2025-03-01,2025,3,1,60,9,11,0,0.8584,0.51298,0.88068,-0.47371,62,161,0,-0.37,0.0,6,0,10,6,10,0,6,0,8,26.6,33.2,21.5,0.1,61.0,11.7,25.6,59.0,10.7,22.6,47.0,13.1,20.2,55.0,11.8,22.4,82.0,8.9,20.7,66.0,10.3,20.8,68.0,10.8,1.8,7.7,7.8,7.8,25.01,6.42,9,0,0,9,0,0,13,0,0,2,0,0
2025-03-02,2025,3,2,61,9,8,0,0.8671,0.49814,0.86387,-0.50372,62,148,0,-0.2759,0.0,11,0,6,10,8,0,21,0,37,28.3,34.6,22.6,0.0,54.0,12.0,24.1,62.0,9.3,23.7,51.0,12.7,20.3,59.0,11.7,23.0,74.0,10.7,19.8,61.0,10.7,20.0,66.0,10.3,0.2,7.7,7.8,7.8,25.34,6.5,26,0,0,22,0,0,12,0,0,2,0,0
2025-03-03,2025,3,3,62,10,7,0,0.87554,0.48315,0.84603,-0.53314,59,136,0,-0.2308,0.0,8,0,11,6,10,0,19,1,29,28.4,34.4,22.9,0.0,46.0,11.5,24.5,60.0,12.3,24.6,62.0,12.3,21.8,57.0,11.7,22.3,68.0,11.2,19.9,66.0,11.6,19.3,71.0,10.0,0.2,7.7,7.8,7.8,25.61,6.57,24,0,0,22,0,0,22,0,0,2,0,0
2025-03-04,2025,3,4,63,10,11,0,0.88372,0.46802,0.82719,-0.56192,59,131,0,-0.1781,0.0,7,0,8,11,11,0,16,0,16,27.3,33.0,21.9,0.0,38.0,11.1,24.8,53.0,12.1,24.5,70.0,11.5,22.4,73.0,10.8,21.5,63.0,11.5,20.5,61.0,11.1,19.8,71.0,10.8,0.2,3.5,7.7,7.8,25.81,3.01,13,0,0,8,0,0,4,0,0,4,0,0
2025-03-05,2025,3,5,64,10,7,0,0.89164,0.45274,0.80737,-0.59004,60,121,0,-0.0161,0.0,11,0,7,8,6,0,17,0,16,26.9,32.0,22.2,0.0,40.0,9.8,24.4,49.0,12.1,25.1,63.0,11.7,23.7,74.0,10.4,22.6,63.0,11.1,21.1,56.0,10.8,20.6,73.0,10.7,0.2,3.5,7.7,7.8,25.94,3.03,17,0,0,17,0,0,2,0,0,2,0,0
2025-03-06,2025,3,6,65,10,5,0,0.8993,0.43734,0.7866,-0.61747,55,120,0,-0.1515,0.0,7,0,11,7,10,0,6,0,18,25.4,31.1,19.8,0.0,38.0,11.3,25.2,50.0,11.7,25.2,63.0,11.0,24.4,71.0,10.2,23.7,63.0,11.2,21.6,72.0,10.2,19.8,72.0,12.6,0.2,3.5,7.7,7.8,25.95,3.03,18,0,0,13,0,0,11,0,0,13,0,0
2025-03-07,2025,3,7,66,10,5,0,0.90669,0.42181,0.76489,-0.64416,54,115,0,-0.1129,0.0,5,0,7,11,6,0,10,0,5,24.6,30.4,18.1,0.0,43.0,12.3,26.1,54.0,10.1,25.7,60.0,11.1,22.8,46.0,11.1,21.0,54.0,10.2,22.7,83.0,8.1,20.4,69.0,11.6,0.1,3.5,7.7,7.8,25.87,3.02,10,0,0,1,0,0,3,0,0,2,0,0
2025-03-08,2025,3,8,67,10,9,0,0.91381,0.40615,0.74228,-0.67009,52,114,0,-0.1587,0.0,5,0,5,7,11,0,10,0,6,25.8,31.8,18.6,0.0,45.0,13.2,26.6,61.0,11.7,25.6,59.0,10.7,22.6,47.0,13.1,20.2,55.0,11.8,22.4,82.0,8.9,20.7,66.0,10.3,0.0,1.8,7.7,7.8,25.89,1.55,9,0,0,13,0,0,2,0,0,10,1,0
2025-03-09,2025,3,9,68,10,26,0,0.92066,0.39037,0.71879,-0.69523,70,132,0,0.127,0.0,9,0,5,5,8,0,8,0,21,27.2,33.7,20.8,0.0,51.0,12.9,28.3,54.0,12.0,24.1,62.0,9.3,23.7,51.0,12.7,20.3,59.0,11.7,23.0,74.0,10.7,19.8,61.0,10.7,0.0,0.2,7.7,7.8,26.11,0.17,22,0,0,12,0,0,2,0,0,52,0,0
2025-03-10,2025,3,10,69,11,24,0,0.92724,0.37447,0.69445,-0.71954,87,146,0,0.4667,0.0,26,0,9,5,7,0,10,0,19,28.3,34.4,21.1,0.0,40.0,13.3,28.4,46.0,11.5,24.5,60.0,12.3,24.6,62.0,12.3,21.8,57.0,11.7,22.3,68.0,11.2,19.9,66.0,11.6,0.0,0.2,7.7,7.8,26.38,0.18,22,0,0,22,0,0,2,0,0,23,0,0
2025-03-11,2025,3,11,70,11,13,0,0.93354,0.35847,0.66929,-0.743,89,148,0,0.5,0.0,24,0,26,9,11,0,11,0,16,28.9,34.9,22.6,0.0,43.0,12.3,27.3,38.0,11.1,24.8,53.0,12.1,24.5,70.0,11.5,22.4,73.0,10.8,21.5,63.0,11.5,20.5,61.0,11.1,0.0,0.2,3.5,7.7,26.67,0.18,8,0,0,4,0,0,4,0,0,20,0,0
2025-03-12,2025,3,12,71,11,17,0,0.93957,0.34236,0.64334,-0.76558,99,159,0,0.6393,0.0,13,0,24,26,7,0,6,0,17,28.7,34.4,22.8,0.0,44.0,11.6,26.9,40.0,9.8,24.4,49.0,12.1,25.1,63.0,11.7,23.7,74.0,10.4,22.6,63.0,11.1,21.1,56.0,10.8,0.0,0.2,3.5,7.7,26.98,0.18,17,0,0,2,0,0,2,0,0,29,0,0
2025-03-13,2025,3,13,72,11,18,0,0.94532,0.32614,0.61662,-0.78726,112,167,0,1.0179,0.0,17,0,13,24,5,0,10,0,6,29.2,36.6,22.7,0.0,58.0,13.9,25.4,38.0,11.3,25.2,50.0,11.7,25.2,63.0,11.0,24.4,71.0,10.2,23.7,63.0,11.2,21.6,72.0,10.2,0.0,0.2,3.5,7.7,27.26,0.18,13,0,0,11,0,0,13,0,0,18,0,0
2025-03-14,2025,3,14,73,11,10,0,0.95079,0.30983,0.58918,-0.808,117,171,0,1.1455,0.0,18,0,17,13,5,0,6,0,10,29.8,36.3,23.7,0.2,63.0,12.6,24.6,43.0,12.3,26.1,54.0,10.1,25.7,60.0,11.1,22.8,46.0,11.1,21.0,54.0,10.2,22.7,83.0,8.1,0.2,0.3,3.7,7.9,27.53,0.28,1,0,0,3,0,0,2,0,0,8,0,0
2025-03-15,2025,3,15,74,11,9,0,0.95598,0.29343,0.56103,-0.82779,117,169,0,1.2264,0.0,10,0,18,17,9,0,11,0,10,30.2,36.7,24.7,0.0,65.0,12.0,25.8,45.0,13.2,26.6,61.0,11.7,25.6,59.0,10.7,22.6,47.0,13.1,20.2,55.0,11.8,22.4,82.0,8.9,0.2,0.2,2.0,7.9,27.79,0.19,13,0,0,2,0,0,10,1,0,22,2,0
2025-03-16,2025,3,16,75,11,22,0,0.96089,0.27695,0.53223,-0.8466,113,183,0,0.6056,0.0,9,0,10,18,26,0,8,0,8,29.8,37.7,24.1,12.6,65.0,13.6,27.2,51.0,12.9,28.3,54.0,12.0,24.1,62.0,9.3,23.7,51.0,12.7,20.3,59.0,11.7,23.0,74.0,10.7,12.8,12.8,13.0,20.5,27.89,11.9,12,0,0,2,0,0,52,0,0,26,0,0
2025-03-17,2025,3,17,76,12,22,0,0.96551,0.26038,0.50279,-0.86441,111,198,0,0.2727,0.0,22,0,9,10,24,0,7,0,10,29.2,36.2,24.0,1.2,61.0,12.2,28.3,40.0,13.3,28.4,46.0,11.5,24.5,60.0,12.3,24.6,62.0,12.3,21.8,57.0,11.7,22.3,68.0,11.2,14.0,14.0,14.2,21.7,27.95,13.04,22,0,0,2,0,0,23,0,0,7,0,0
2025-03-18,2025,3,18,77,12,8,0,0.96984,0.24373,0.47276,-0.88119,106,195,0,0.1889,0.0,22,0,22,9,13,0,11,0,11,29.8,36.2,24.0,0.0,51.0,12.2,28.9,43.0,12.3,27.3,38.0,11.1,24.8,53.0,12.1,24.5,70.0,11.5,22.4,73.0,10.8,21.5,63.0,11.5,14.0,14.0,14.2,17.5,28.13,13.13,4,0,0,4,0,0,20,0,0,41,0,0
2025-03-19,2025,3,19,78,12,17,0,0.97389,0.22701,0.44217,-0.89693,106,205,0,0.07,0.0,8,0,22,22,17,0,7,0,6,30.2,36.1,23.8,0.0,42.0,12.3,28.7,44.0,11.6,26.9,40.0,9.8,24.4,49.0,12.1,25.1,63.0,11.7,23.7,74.0,10.4,22.6,63.0,11.1,14.0,14.0,14.2,17.5,28.36,13.23,2,0,0,2,0,0,29,0,0,16,0,0
2025-03-20,2025,3,20,79,12,13,0,0.97765,0.21022,0.41105,-0.91161,101,213,0,-0.0973,0.0,17,0,8,22,18,0,5,0,10,27.9,32.2,24.6,1.4,67.0,7.6,29.2,58.0,13.9,25.4,38.0,11.3,25.2,50.0,11.7,25.2,63.0,11.0,24.4,71.0,10.2,23.7,63.0,11.2,15.4,15.4,15.6,18.9,28.54,14.65,11,0,0,13,0,0,18,0,0,18,0,0
2025-03-21,2025,3,21,80,12,1,0,0.98112,0.19338,0.37945,-0.92521,92,209,0,-0.2119,0.0,13,0,17,8,10,0,5,0,6,26.5,30.3,24.0,1.6,59.0,6.3,29.8,63.0,12.6,24.6,43.0,12.3,26.1,54.0,10.1,25.7,60.0,11.1,22.8,46.0,11.1,21.0,54.0,10.2,16.8,17.0,17.1,20.5,28.68,16.25,3,0,0,2,0,0,8,0,0,10,0,0
2025-03-22,2025,3,22,81,12,13,0,0.98431,0.17647,0.3474,-0.93772,96,213,0,-0.178,0.0,1,0,13,17,9,0,9,0,11,24.3,27.0,21.7,1.6,69.0,5.3,30.2,65.0,12.0,25.8,45.0,13.2,26.6,61.0,11.7,25.6,59.0,10.7,22.6,47.0,13.1,20.2,55.0,11.8,18.4,18.6,18.6,20.4,28.57,17.71,2,0,0,10,1,0,22,2,0,35,1,0
2025-03-23,2025,3,23,82,12,12,0,0.9872,0.15951,0.31494,-0.94911,86,199,0,-0.2368,0.0,13,0,1,13,22,0,26,0,8,26.5,33.5,19.5,0.0,53.0,14.0,29.8,65.0,13.6,27.2,51.0,12.9,28.3,54.0,12.0,24.1,62.0,9.3,23.7,51.0,12.7,20.3,59.0,11.7,5.8,18.6,18.6,18.8,28.52,17.68,2,0,0,52,0,0,26,0,0,49,0,0
2025-03-24,2025,3,24,83,13,22,0,0.98979,0.14251,0.28211,-0.95938,86,197,0,-0.2232,0.0,12,0,13,1,22,0,24,0,7,27.4,33.9,20.8,0.0,44.0,13.1,29.2,61.0,12.2,28.3,40.0,13.3,28.4,46.0,11.5,24.5,60.0,12.3,24.6,62.0,12.3,21.8,57.0,11.7,4.6,18.6,18.6,18.8,28.46,17.65,2,0,0,23,0,0,7,0,0,42,1,0
2025-03-25,2025,3,25,84,13,4,0,0.9921,0.12546,0.24894,-0.96852,82,188,0,-0.2243,0.0,22,0,12,13,8,0,13,0,11,28.4,34.3,22.4,0.0,43.0,11.9,29.8,51.0,12.2,28.9,43.0,12.3,27.3,38.0,11.1,24.8,53.0,12.1,24.5,70.0,11.5,22.4,73.0,10.8,4.6,18.6,18.6,18.8,28.42,17.62,4,0,0,20,0,0,41,0,0,31,0,0
2025-03-26,2025,3,26,85,13,2,0,0.99411,0.10838,0.21548,-0.97651,67,173,0,-0.3645,0.0,4,0,22,12,17,0,17,0,7,29.3,36.2,22.0,0.0,43.0,14.2,30.2,42.0,12.3,28.7,44.0,11.6,26.9,40.0,9.8,24.4,49.0,12.1,25.1,63.0,11.7,23.7,74.0,10.4,4.6,18.6,18.6,18.8,28.46,17.65,2,0,0,29,0,0,16,0,0,38,0,0
2025-03-27,2025,3,27,86,13,11,0,0.99583,0.09126,0.18176,-0.98334,65,166,0,-0.3529,0.0,2,0,4,22,13,0,18,0,5,30.6,37.0,23.9,0.0,46.0,13.1,27.9,67.0,7.6,29.2,58.0,13.9,25.4,38.0,11.3,25.2,50.0,11.7,25.2,63.0,11.0,24.4,71.0,10.2,3.2,18.6,18.6,18.8,28.56,17.71,13,0,0,18,0,0,18,0,0,33,0,0
2025-03-28,2025,3,28,87,13,3,0,0.99725,0.07412,0.14783,-0.98901,67,159,0,-0.2688,0.0,11,0,2,4,1,0,10,0,5,31.4,38.6,24.1,0.0,52.0,14.5,26.5,59.0,6.3,29.8,63.0,12.6,24.6,43.0,12.3,26.1,54.0,10.1,25.7,60.0,11.1,22.8,46.0,11.1,1.6,18.4,18.6,18.7,28.68,17.59,2,0,0,8,0,0,10,0,0,9,1,0
2025-03-29,2025,3,29,88,13,2,0,0.99838,0.05695,0.11372,-0.99351,56,152,0,-0.4124,0.0,3,0,11,2,13,0,9,0,9,31.3,39.0,24.9,0.0,51.0,14.1,24.3,69.0,5.3,30.2,65.0,12.0,25.8,45.0,13.2,26.6,61.0,11.7,25.6,59.0,10.7,22.6,47.0,13.1,0.0,18.4,18.6,18.6,28.76,17.64,10,1,0,22,2,0,35,1,0,36,0,0
2025-03-30,2025,3,30,89,13,2,0,0.99921,0.03977,0.07948,-0.99684,46,132,0,-0.4598,0.0,2,0,3,11,12,0,22,0,26,30.3,36.9,24.4,0.1,64.0,12.5,26.5,53.0,14.0,29.8,65.0,13.6,27.2,51.0,12.9,28.3,54.0,12.0,24.1,62.0,9.3,23.7,51.0,12.7,0.1,5.9,18.7,18.7,28.79,5.66,52,0,0,26,0,0,49,0,0,24,0,0
2025-03-31,2025,3,31,90,14,2,0,0.99975,0.02258,0.04514,-0.99898,26,112,0,-0.6897,0.0,2,0,2,3,22,0,22,0,24,31.0,37.1,25.1,0.0,60.0,12.0,27.4,44.0,13.1,29.2,61.0,12.2,28.3,40.0,13.3,28.4,46.0,11.5,24.5,60.0,12.3,24.6,62.0,12.3,0.1,4.7,18.7,18.7,28.92,4.53,23,0,0,7,0,0,42,1,0,35,0,0
2025-04-01,2025,4,1,91,14,4,0,0.99999,0.00538,0.01075,-0.99994,26,108,0,-0.6747,0.0,2,0,2,2,4,0,8,0,13,30.6,36.8,25.0,0.0,61.0,11.8,28.4,43.0,11.9,29.8,51.0,12.2,28.9,43.0,12.3,27.3,38.0,11.1,24.8,53.0,12.1,24.5,70.0,11.5,0.1,4.7,18.7,18.7,28.98,4.54,20,0,0,41,0,0,31,0,0,19,0,0
2025-04-02,2025,4,2,92,14,2,0,0.99993,-0.01183,-0.02365,-0.99972,26,93,0,-0.6029,0.0,4,0,2,2,2,0,17,0,17,30.5,37.1,24.6,0.0,59.0,12.5,29.3,43.0,14.2,30.2,42.0,12.3,28.7,44.0,11.6,26.9,40.0,9.8,24.4,49.0,12.1,25.1,63.0,11.7,0.1,4.7,18.7,18.7,29.0,4.54,29,0,0,16,0,0,38,0,0,29,1,0
2025-04-03,2025,4,3,93,14,13,0,0.99958,-0.02903,-0.05803,-0.99832,28,93,0,-0.5606,0.0,2,0,4,2,11,0,13,0,18,31.9,38.1,26.2,0.0,52.0,11.9,30.6,46.0,13.1,27.9,67.0,7.6,29.2,58.0,13.9,25.4,38.0,11.3,25.2,50.0,11.7,25.2,63.0,11.0,0.1,3.3,18.7,18.7,29.29,3.22,18,0,0,18,0,0,33,0,0,14,0,0
2025-04-04,2025,4,4,94,14,2,0,0.99893,-0.04622,-0.09233,-0.99573,27,94,0,-0.5882,0.0,13,0,2,4,3,0,1,0,10,31.6,37.7,26.5,0.3,50.0,11.2,31.4,52.0,14.5,26.5,59.0,6.3,29.8,63.0,12.6,24.6,43.0,12.3,26.1,54.0,10.1,25.7,60.0,11.1,0.4,2.0,18.8,19.0,29.65,1.98,8,0,0,10,0,0,9,1,0,25,0,0
2025-04-05,2025,4,5,95,14,10,1,0.99799,-0.06339,-0.12653,-0.99196,35,91,1,-0.3684,0.02778,2,0,13,2,2,0,13,0,9,31.0,36.6,25.9,1.2,52.0,10.7,31.3,51.0,14.1,24.3,69.0,5.3,30.2,65.0,12.0,25.8,45.0,13.2,26.6,61.0,11.7,25.6,59.0,10.7,1.6,1.6,20.0,20.2,30.13,1.61,22,2,0,35,1,0,36,0,0,43,0,0
2025-04-06,2025,4,6,96,14,52,0,0.99675,-0.08055,-0.16057,-0.98702,85,131,1,0.8298,0.01163,10,1,2,13,2,0,12,0,22,29.8,36.5,24.3,0.7,59.0,12.2,30.3,64.0,12.5,26.5,53.0,14.0,29.8,65.0,13.6,27.2,51.0,12.9,28.3,54.0,12.0,24.1,62.0,9.3,2.2,2.3,8.1,20.9,30.36,2.33,26,0,0,49,0,0,24,0,0,53,0,0
2025-04-07,2025,4,7,97,15,23,0,0.99522,-0.09768,-0.19443,-0.98092,106,132,1,2.963,0.00935,52,0,10,2,2,0,22,0,22,30.7,37.5,24.8,0.0,52.0,12.7,31.0,60.0,12.0,27.4,44.0,13.1,29.2,61.0,12.2,28.3,40.0,13.3,28.4,46.0,11.5,24.5,60.0,12.3,2.2,2.3,6.9,20.9,30.6,2.35,7,0,0,42,1,0,35,0,0,49,0,0
2025-04-08,2025,4,8,98,15,20,0,0.99339,-0.11479,-0.22806,-0.97365,122,148,1,3.5556,0.00813,23,0,52,10,4,0,4,0,8,30.6,36.1,25.5,0.7,59.0,10.6,30.6,61.0,11.8,28.4,43.0,11.9,29.8,51.0,12.2,28.9,43.0,12.3,27.3,38.0,11.1,24.8,53.0,12.1,2.9,3.0,7.6,21.6,30.76,3.08,41,0,0,31,0,0,19,0,0,60,0,0
2025-04-09,2025,4,9,99,15,29,0,0.99127,-0.13186,-0.26141,-0.96523,149,175,1,4.5556,0.00667,20,0,23,52,2,0,2,0,17,29.4,33.5,25.5,0.1,62.0,8.0,30.5,59.0,12.5,29.3,43.0,14.2,30.2,42.0,12.3,28.7,44.0,11.6,26.9,40.0,9.8,24.4,49.0,12.1,3.0,3.1,7.7,21.7,30.76,3.18,16,0,0,38,0,0,29,1,0,42,0,0
2025-04-10,2025,4,10,100,15,18,0,0.98885,-0.14889,-0.29446,-0.95566,154,182,1,4.3448,0.00645,29,0,20,23,13,0,11,0,13,28.6,35.4,23.4,11.8,63.0,12.0,31.9,52.0,11.9,30.6,46.0,13.1,27.9,67.0,7.6,29.2,58.0,13.9,25.4,38.0,11.3,25.2,50.0,11.7,14.8,14.9,18.1,33.5,30.62,15.21,18,0,0,33,0,0,14,0,0,45,1,0
2025-04-11,2025,4,11,101,15,8,0,0.98615,-0.16588,-0.32716,-0.94497,160,187,1,4.75,0.00621,18,0,29,20,2,0,3,0,1,28.1,33.4,23.4,1.1,65.0,10.0,31.6,50.0,11.2,31.4,52.0,14.5,26.5,59.0,6.3,29.8,63.0,12.6,24.6,43.0,12.3,26.1,54.0,10.1,15.6,16.0,17.6,34.4,30.39,16.21,10,0,0,9,1,0,25,0,0,22,0,0
2025-04-12,2025,4,12,102,15,22,2,0.98315,-0.18282,-0.35947,-0.93316,172,207,2,3.8056,0.01156,8,0,18,29,10,1,2,0,13,29.5,35.5,23.5,0.1,65.0,12.0,31.0,52.0,10.7,31.3,51.0,14.1,24.3,69.0,5.3,30.2,65.0,12.0,25.8,45.0,13.2,26.6,61.0,11.7,14.5,16.1,16.1,34.5,30.26,16.24,35,1,0,36,0,0,43,0,0,47,0,0
2025-04-13,2025,4,13,103,15,26,0,0.97986,-0.1997,-0.39136,-0.92024,146,231,2,0.7093,0.01361,22,2,8,18,52,0,2,0,12,31.2,36.8,25.0,0.0,53.0,11.8,29.8,59.0,12.2,30.3,64.0,12.5,26.5,53.0,14.0,29.8,65.0,13.6,27.2,51.0,12.9,28.3,54.0,12.0,13.8,16.0,16.1,21.9,30.32,16.17,49,0,0,24,0,0,53,0,0,14,0,0
2025-04-14,2025,4,14,104,16,7,0,0.97628,-0.21653,-0.42278,-0.90623,130,236,2,0.2243,0.01527,26,0,22,8,23,0,2,0,22,31.8,37.3,25.9,0.0,47.0,11.4,30.7,52.0,12.7,31.0,60.0,12.0,27.4,44.0,13.1,29.2,61.0,12.2,28.3,40.0,13.3,28.4,46.0,11.5,13.8,16.0,16.1,20.7,30.38,16.2,42,1,0,35,0,0,49,0,0,82,0,0
2025-04-15,2025,4,15,105,16,41,0,0.97241,-0.23329,-0.4537,-0.89115,151,273,2,0.2358,0.01316,7,0,26,22,20,0,4,0,4,30.6,36.0,26.6,0.4,53.0,9.4,30.6,59.0,10.6,30.6,61.0,11.8,28.4,43.0,11.9,29.8,51.0,12.2,28.9,43.0,12.3,27.3,38.0,11.1,13.5,16.4,16.5,21.1,30.38,16.61,31,0,0,19,0,0,60,0,0,48,0,0
2025-04-16,2025,4,16,106,16,16,0,0.96825,-0.24998,-0.48409,-0.87502,138,287,2,-0.0733,0.01439,41,0,7,26,29,0,2,0,2,28.8,35.0,25.3,1.9,64.0,9.7,29.4,62.0,8.0,30.5,59.0,12.5,29.3,43.0,14.2,30.2,42.0,12.3,28.7,44.0,11.6,26.9,40.0,9.8,15.3,18.3,18.4,23.0,30.26,18.46,38,0,0,29,1,0,42,0,0,83,0,0
2025-04-17,2025,4,17,107,16,18,0,0.96381,-0.2666,-0.5139,-0.85785,138,292,2,-0.1032,0.01439,16,0,41,7,18,0,13,0,11,26.7,32.8,23.0,1.8,73.0,9.8,28.6,63.0,12.0,31.9,52.0,11.9,30.6,46.0,13.1,27.9,67.0,7.6,29.2,58.0,13.9,25.4,38.0,11.3,5.3,20.1,20.2,23.4,29.89,20.03,33,0,0,14,0,0,45,1,0,65,0,0
2025-04-18,2025,4,18,108,16,10,0,0.95908,-0.28314,-0.54311,-0.83966,140,300,2,-0.1242,0.01418,18,0,16,41,8,0,2,0,3,25.1,30.4,22.3,4.6,85.0,8.1,28.1,65.0,10.0,31.6,50.0,11.2,31.4,52.0,14.5,26.5,59.0,6.3,29.8,63.0,12.6,24.6,43.0,12.3,8.8,24.4,24.8,26.4,29.42,23.93,9,1,0,25,0,0,22,0,0,23,0,0
2025-04-19,2025,4,19,109,16,35,1,0.95407,-0.29959,-0.57167,-0.82049,153,325,1,-0.1098,0.00649,10,0,18,16,22,2,10,1,2,26.3,30.7,22.2,8.6,82.0,8.5,29.5,65.0,12.0,31.0,52.0,10.7,31.3,51.0,14.1,24.3,69.0,5.3,30.2,65.0,12.0,25.8,45.0,13.2,17.3,31.8,33.4,33.4,29.09,30.84,36,0,0,43,0,0,47,0,0,79,1,0
2025-04-20,2025,4,20,110,16,49,0,0.94877,-0.31596,-0.59955,-0.80034,176,322,1,0.2041,0.00565,35,1,10,18,26,0,52,0,2,27.0,30.4,24.0,2.6,84.0,6.4,31.2,53.0,11.8,29.8,59.0,12.2,30.3,64.0,12.5,26.5,53.0,14.0,29.8,65.0,13.6,27.2,51.0,12.9,19.9,33.7,35.9,36.0,28.89,32.45,24,0,0,53,0,0,14,0,0,86,0,0
2025-04-21,2025,4,21,111,17,42,1,0.9432,-0.33224,-0.62673,-0.77924,211,341,2,0.6183,0.00943,49,0,35,10,7,0,23,0,2,27.1,31.9,23.3,36.6,86.0,8.6,31.8,47.0,11.4,30.7,52.0,12.7,31.0,60.0,12.0,27.4,44.0,13.1,29.2,61.0,12.2,28.3,40.0,13.3,56.5,70.3,72.5,72.6,28.63,67.09,35,0,0,49,0,0,82,0,0,84,0,0
2025-04-22,2025,4,22,112,17,31,0,0.93734,-0.34841,-0.65316,-0.75722,201,352,2,0.3289,0.0099,42,1,49,35,41,0,20,0,4,29.3,34.6,25.6,5.5,80.0,9.0,30.6,53.0,9.4,30.6,59.0,10.6,30.6,61.0,11.8,28.4,43.0,11.9,29.8,51.0,12.2,28.9,43.0,12.3,61.6,75.1,78.0,78.1,28.54,71.45,19,0,0,60,0,0,48,0,0,101,1,0
2025-04-23,2025,4,23,113,17,38,0,0.93121,-0.36448,-0.67882,-0.7343,223,361,2,0.6115,0.00893,31,0,42,49,16,0,29,0,2,30.0,35.0,26.7,0.2,80.0,8.3,28.8,64.0,9.7,29.4,62.0,8.0,30.5,59.0,12.5,29.3,43.0,14.2,30.2,42.0,12.3,28.7,44.0,11.6,59.9,75.2,78.2,78.3,28.58,71.64,29,1,0,42,0,0,83,0,0,67,0,0
2025-04-24,2025,4,24,114,17,33,0,0.9248,-0.38045,-0.70368,-0.71052,238,376,2,0.7194,0.00837,38,0,31,42,18,0,18,0,13,30.0,34.9,26.3,0.3,79.0,8.6,26.7,73.0,9.8,28.6,63.0,12.0,31.9,52.0,11.9,30.6,46.0,13.1,27.9,67.0,7.6,29.2,58.0,13.9,58.4,63.7,78.5,78.6,28.68,60.9,14,0,0,45,1,0,65,0,0,46,0,0
2025-04-25,2025,4,25,115,17,9,1,0.91812,-0.3963,-0.7277,-0.68589,237,377,3,0.6879,0.01261,33,0,38,31,10,0,8,0,2,30.3,35.3,27.0,0.3,78.0,8.3,25.1,85.0,8.1,28.1,65.0,10.0,31.6,50.0,11.2,31.4,52.0,14.5,26.5,59.0,6.3,29.8,63.0,12.6,54.1,62.9,78.5,78.9,28.84,60.47,25,0,0,22,0,0,23,0,0,17,0,0
2025-04-26,2025,4,26,116,17,36,0,0.91117,-0.41203,-0.75086,-0.66046,238,391,2,0.5519,0.00837,9,1,33,38,35,1,22,2,10,30.2,34.7,26.5,0.1,75.0,8.2,26.3,82.0,8.5,29.5,65.0,12.0,31.0,52.0,10.7,31.3,51.0,14.1,24.3,69.0,5.3,30.2,65.0,12.0,45.6,62.9,77.4,79.0,28.89,60.57,43,0,0,47,0,0,79,1,0,90,0,0
2025-04-27,2025,4,27,117,17,24,0,0.90395,-0.42765,-0.77314,-0.63424,213,389,2,0.209,0.00935,36,0,9,33,49,0,26,0,52,30.1,33.9,26.9,0.5,73.0,7.0,27.0,84.0,6.4,31.2,53.0,11.8,29.8,59.0,12.2,30.3,64.0,12.5,26.5,53.0,14.0,29.8,65.0,13.6,43.5,63.4,77.2,79.4,28.81,60.89,53,0,0,14,0,0,86,0,0,115,0,0
2025-04-28,2025,4,28,118,18,35,0,0.89646,-0.44313,-0.7945,-0.60727,206,417,1,-0.0236,0.00483,24,0,36,9,42,1,7,0,23,26.1,28.6,23.0,23.5,86.0,5.6,27.1,86.0,8.6,31.8,47.0,11.4,30.7,52.0,12.7,31.0,60.0,12.0,27.4,44.0,13.1,29.2,61.0,12.2,30.4,86.9,100.7,102.9,28.4,82.27,49,0,0,82,0,0,84,0,0,78,0,0
2025-04-29,2025,4,29,119,18,19,0,0.8887,-0.45849,-0.81492,-0.57958,194,395,1,-0.0347,0.00513,35,0,24,36,31,0,41,0,20,25.3,30.3,22.3,9.7,82.0,8.0,29.3,80.0,9.0,30.6,53.0,9.4,30.6,59.0,10.6,30.6,61.0,11.8,28.4,43.0,11.9,29.8,51.0,12.2,34.6,96.2,109.7,112.6,28.02,89.85,60,0,0,48,0,0,101,1,0,70,0,0
2025-04-30,2025,4,30,120,18,29,1,0.88068,-0.47371,-0.83437,-0.5512,185,408,2,-0.1696,0.01075,19,0,35,24,38,0,16,0,29,26.0,30.8,22.5,1.3,79.0,8.3,30.0,80.0,8.3,28.8,64.0,9.7,29.4,62.0,8.0,30.5,59.0,12.5,29.3,43.0,14.2,30.2,42.0,12.3,35.7,95.6,110.9,113.9,27.82,88.65,42,0,0,83,0,0,67,0,0,120,0,0
2025-05-01,2025,5,1,121,18,14,0,0.8724,-0.48879,-0.85284,-0.52218,166,404,2,-0.3013,0.01198,29,1,19,35,33,0,18,0,18,26.4,30.8,23.1,3.1,78.0,7.7,30.0,79.0,8.6,26.7,73.0,9.8,28.6,63.0,12.0,31.9,52.0,11.9,30.6,46.0,13.1,27.9,67.0,7.6,38.5,96.9,102.2,117.0,27.8,89.79,45,1,0,65,0,0,46,0,0,62,0,0
2025-05-02,2025,5,2,122,18,25,0,0.86387,-0.50372,-0.87029,-0.49253,182,419,1,-0.2311,0.00546,14,0,29,19,9,1,10,0,8,26.5,31.7,21.8,0.2,77.0,9.9,30.3,78.0,8.3,25.1,85.0,8.1,28.1,65.0,10.0,31.6,50.0,11.2,31.4,52.0,14.5,26.5,59.0,6.3,38.4,92.5,101.3,116.9,27.9,86.02,22,0,0,23,0,0,17,0,0,21,0,0
2025-05-03,2025,5,3,123,18,43,0,0.85507,-0.51851,-0.88672,-0.4623,189,427,1,-0.205,0.00526,25,0,14,29,36,0,35,1,22,27.9,33.2,22.9,0.1,70.0,10.3,30.2,75.0,8.2,26.3,82.0,8.5,29.5,65.0,12.0,31.0,52.0,10.7,31.3,51.0,14.1,24.3,69.0,5.3,38.4,84.0,101.3,115.8,28.01,78.43,47,0,0,79,1,0,90,0,0,22,0,0
2025-05-04,2025,5,4,124,18,53,0,0.84603,-0.53314,-0.9021,-0.43153,218,431,1,0.0234,0.00457,43,0,25,14,24,0,49,0,26,28.6,34.2,24.3,0.5,69.0,9.9,30.1,73.0,7.0,27.0,84.0,6.4,31.2,53.0,11.8,29.8,59.0,12.2,30.3,64.0,12.5,26.5,53.0,14.0,38.4,81.9,101.8,115.6,28.13,76.79,14,0,0,86,0,0,115,0,0,147,0,0
2025-05-05,2025,5,5,125,19,49,0,0.83673,-0.54761,-0.91641,-0.40024,232,438,1,0.1256,0.00429,53,0,43,25,35,0,42,1,7,29.9,35.7,24.7,0.0,64.0,11.0,26.1,86.0,5.6,27.1,86.0,8.6,31.8,47.0,11.4,30.7,52.0,12.7,31.0,60.0,12.0,27.4,44.0,13.1,14.9,45.3,101.8,115.6,28.33,42.78,82,0,0,84,0,0,78,0,0,94,0,0
2025-05-06,2025,5,6,126,19,60,0,0.82719,-0.56192,-0.92963,-0.36848,273,467,1,0.4051,0.00365,49,0,53,43,19,0,31,0,41,29.2,35.4,25.9,2.7,68.0,9.5,25.3,82.0,8.0,29.3,80.0,9.0,30.6,53.0,9.4,30.6,59.0,10.6,30.6,61.0,11.8,28.4,43.0,11.9,7.9,42.5,104.1,117.6,28.32,40.12,48,0,0,101,1,0,70,0,0,114,0,0
2025-05-07,2025,5,7,127,19,42,0,0.8174,-0.57607,-0.94176,-0.33629,286,471,0,0.543,0.0,60,0,49,53,29,1,38,0,16,30.8,35.7,25.7,0.0,61.0,10.0,26.0,79.0,8.3,30.0,80.0,8.3,28.8,64.0,9.7,29.4,62.0,8.0,30.5,59.0,12.5,29.3,43.0,14.2,6.6,42.3,102.2,117.5,28.38,40.02,83,0,0,67,0,0,120,0,0,83,0,0
2025-05-08,2025,5,8,128,19,45,1,0.80737,-0.59004,-0.95277,-0.3037,317,483,1,0.9042,0.00314,42,0,60,49,14,0,33,0,18,32.3,38.2,26.9,0.1,59.0,11.3,26.4,78.0,7.7,30.0,79.0,8.6,26.7,73.0,9.8,28.6,63.0,12.0,31.9,52.0,11.9,30.6,46.0,13.1,3.6,42.1,100.5,105.8,28.54,40.05,65,0,0,46,0,0,62,0,0,62,0,0
2025-05-09,2025,5,9,129,19,22,0,0.7971,-0.60385,-0.96265,-0.27074,314,496,1,0.7213,0.00317,45,1,42,60,25,0,9,1,10,33.6,39.7,27.9,0.0,52.0,11.8,26.5,77.0,9.9,30.3,78.0,8.3,25.1,85.0,8.1,28.1,65.0,10.0,31.6,50.0,11.2,31.4,52.0,14.5,3.4,41.8,95.9,104.7,28.78,40.1,23,0,0,17,0,0,21,0,0,59,0,0
2025-05-10,2025,5,10,130,19,47,0,0.7866,-0.61747,-0.9714,-0.23747,318,507,1,0.6789,0.00313,22,0,45,42,43,0,36,0,35,33.6,38.9,29.1,0.0,51.0,9.8,27.9,70.0,10.3,30.2,75.0,8.2,26.3,82.0,8.5,29.5,65.0,12.0,31.0,52.0,10.7,31.3,51.0,14.1,3.3,41.7,87.3,104.6,29.02,40.34,79,1,0,90,0,0,22,0,0,26,0,0
2025-05-11,2025,5,11,131,19,14,0,0.77586,-0.63091,-0.97899,-0.20391,279,497,1,0.2785,0.00357,47,0,22,45,53,0,24,0,49,32.9,38.4,28.8,0.9,54.0,9.6,28.6,69.0,9.9,30.1,73.0,7.0,27.0,84.0,6.4,31.2,53.0,11.8,29.8,59.0,12.2,30.3,64.0,12.5,3.7,42.1,85.6,105.5,29.22,41.01,86,0,0,115,0,0,147,0,0,19,0,0
2025-05-12,2025,5,12,132,20,82,0,0.76489,-0.64416,-0.98542,-0.17012,312,544,1,0.3433,0.00319,14,0,47,22,49,0,35,0,42,30.1,35.8,26.6,10.2,69.0,9.2,29.9,64.0,11.0,26.1,86.0,5.6,27.1,86.0,8.6,31.8,47.0,11.4,30.7,52.0,12.7,31.0,60.0,12.0,13.9,28.8,59.2,115.7,29.51,28.33,84,0,0,78,0,0,94,0,0,28,0,0
2025-05-13,2025,5,13,133,20,48,0,0.7537,-0.65722,-0.99069,-0.13612,300,573,1,0.0985,0.00332,82,0,14,47,60,0,19,0,31,29.5,34.1,27.0,2.6,79.0,7.1,29.2,68.0,9.5,25.3,82.0,8.0,29.3,80.0,9.0,30.6,53.0,9.4,30.6,59.0,10.6,30.6,61.0,11.8,13.8,21.7,56.3,117.9,29.81,21.56,101,1,0,70,0,0,114,0,0,38,0,0
2025-05-14,2025,5,14,134,20,83,0,0.74228,-0.67009,-0.99479,-0.10196,341,627,1,0.1916,0.00292,48,0,82,14,42,0,29,1,38,29.6,34.7,27.2,14.7,79.0,7.5,30.8,61.0,10.0,26.0,79.0,8.3,30.0,80.0,8.3,28.8,64.0,9.7,29.4,62.0,8.0,30.5,59.0,12.5,28.5,35.1,70.8,130.7,30.06,35.17,67,0,0,120,0,0,83,0,0,288,0,0
2025-05-15,2025,5,15,135,20,65,0,0.73064,-0.68276,-0.99771,-0.06768,361,678,0,0.1384,0.0,83,0,48,82,45,1,14,0,33,30.1,34.7,27.1,1.4,75.0,7.6,32.3,59.0,11.3,26.4,78.0,7.7,30.0,79.0,8.6,26.7,73.0,9.8,28.6,63.0,12.0,31.9,52.0,11.9,29.8,33.4,71.9,130.3,30.33,33.77,46,0,0,62,0,0,62,0,0,108,0,0
2025-05-16,2025,5,16,136,20,23,0,0.71879,-0.69523,-0.99944,-0.03332,362,676,0,0.1524,0.0,65,0,83,48,22,0,25,0,9,29.7,33.0,27.1,2.2,78.0,5.9,33.6,52.0,11.8,26.5,77.0,9.9,30.3,78.0,8.3,25.1,85.0,8.1,28.1,65.0,10.0,31.6,50.0,11.2,32.0,35.4,73.8,127.9,30.56,36.06,17,0,0,21,0,0,59,0,0,159,5,0
2025-05-17,2025,5,17,137,20,79,1,0.70673,-0.70749,-1.0,0.00108,394,712,1,0.2382,0.00253,23,0,65,83,47,0,43,0,36,30.1,35.3,26.8,3.9,73.0,8.5,33.6,51.0,9.8,27.9,70.0,10.3,30.2,75.0,8.2,26.3,82.0,8.5,29.5,65.0,12.0,31.0,52.0,10.7,35.9,39.2,77.6,123.2,30.71,40.13,90,0,0,22,0,0,26,0,0,169,1,0
2025-05-18,2025,5,18,138,20,86,0,0.69445,-0.71954,-0.99937,0.03547,466,745,1,0.6679,0.00214,79,1,23,65,14,0,53,0,24,27.4,31.3,25.4,6.0,85.0,5.9,32.9,54.0,9.6,28.6,69.0,9.9,30.1,73.0,7.0,27.0,84.0,6.4,31.2,53.0,11.8,29.8,59.0,12.2,41.0,44.7,83.1,126.6,30.63,45.64,115,0,0,147,0,0,19,0,0,249,1,0
2025-05-19,2025,5,19,139,21,84,0,0.68197,-0.73138,-0.99756,0.06983,468,780,1,0.4984,0.00213,86,0,79,23,82,0,49,0,35,27.3,29.8,25.5,4.9,87.0,4.3,30.1,69.0,9.2,29.9,64.0,11.0,26.1,86.0,5.6,27.1,86.0,8.6,31.8,47.0,11.4,30.7,52.0,12.7,35.7,49.6,64.5,94.9,30.44,50.33,78,0,0,94,0,0,28,0,0,234,0,0
2025-05-20,2025,5,20,140,21,101,1,0.66929,-0.743,-0.99457,0.1041,521,821,2,0.7342,0.00383,84,0,86,79,48,0,60,0,19,27.2,31.9,25.4,15.1,87.0,6.5,29.5,79.0,7.1,29.2,68.0,9.5,25.3,82.0,8.0,29.3,80.0,9.0,30.6,53.0,9.4,30.6,59.0,10.6,48.2,62.0,69.9,104.5,30.3,62.62,70,0,0,114,0,0,38,0,0,244,0,0
2025-05-21,2025,5,21,141,21,67,0,0.65641,-0.7544,-0.9904,0.13825,505,846,2,0.4795,0.00395,101,1,84,86,83,0,42,0,29,27.7,31.4,25.7,3.6,86.0,5.7,29.6,79.0,7.5,30.8,61.0,10.0,26.0,79.0,8.3,30.0,80.0,8.3,28.8,64.0,9.7,29.4,62.0,8.0,37.1,65.6,72.2,107.9,30.08,65.77,120,0,0,83,0,0,288,0,0,212,0,0
2025-05-22,2025,5,22,142,21,46,0,0.64334,-0.76558,-0.98506,0.17224,486,847,2,0.3453,0.00411,67,0,101,84,65,0,45,1,14,27.7,30.5,24.9,2.2,86.0,5.6,30.1,75.0,7.6,32.3,59.0,11.3,26.4,78.0,7.7,30.0,79.0,8.6,26.7,73.0,9.8,28.6,63.0,12.0,37.9,67.7,71.3,109.8,29.75,67.14,62,0,0,62,0,0,108,0,0,248,0,0
2025-05-23,2025,5,23,143,21,17,0,0.63007,-0.77654,-0.97855,0.20602,480,842,2,0.3251,0.00416,46,0,67,101,23,0,22,0,25,28.4,32.1,25.3,0.9,83.0,6.8,29.7,78.0,5.9,33.6,52.0,11.8,26.5,77.0,9.9,30.3,78.0,8.3,25.1,85.0,8.1,28.1,65.0,10.0,36.6,68.6,72.0,110.4,29.38,67.18,21,0,0,59,0,0,159,5,0,151,0,0
2025-05-24,2025,5,24,144,21,90,0,0.61662,-0.78726,-0.97088,0.23956,491,885,1,0.2456,0.00203,17,0,46,67,79,1,47,0,43,28.1,31.8,25.1,6.4,84.0,6.7,30.1,73.0,8.5,33.6,51.0,9.8,27.9,70.0,10.3,30.2,75.0,8.2,26.3,82.0,8.5,29.5,65.0,12.0,39.1,75.0,78.3,116.7,28.99,72.47,22,0,0,26,0,0,169,1,0,352,1,0
2025-05-25,2025,5,25,145,21,115,0,0.60299,-0.79775,-0.96207,0.27281,520,986,1,0.1156,0.00192,90,0,17,46,86,0,14,0,53,28.6,32.3,25.0,13.3,85.0,7.3,27.4,85.0,5.9,32.9,54.0,9.6,28.6,69.0,9.9,30.1,73.0,7.0,27.0,84.0,6.4,31.2,53.0,11.8,46.4,87.4,91.1,129.5,28.68,83.55,147,0,0,19,0,0,249,1,0,329,1,0
2025-05-26,2025,5,26,146,22,78,0,0.58918,-0.808,-0.95211,0.30574,514,982,1,0.0981,0.00194,115,0,90,17,84,0,82,0,49,28.2,32.1,25.6,15.9,86.0,6.5,27.3,87.0,4.3,30.1,69.0,9.2,29.9,64.0,11.0,26.1,86.0,5.6,27.1,86.0,8.6,31.8,47.0,11.4,57.4,93.1,107.0,121.9,28.54,88.57,94,0,0,28,0,0,234,0,0,392,2,1
2025-05-27,2025,5,27,147,22,70,0,0.57519,-0.81802,-0.94103,0.33831,483,1004,0,-0.0728,0.0,78,0,115,90,101,1,48,0,60,29.3,33.3,25.4,6.7,81.0,7.9,27.2,87.0,6.5,29.5,79.0,7.1,29.2,68.0,9.5,25.3,82.0,8.0,29.3,80.0,9.0,30.6,53.0,9.4,49.0,97.2,111.0,118.9,28.53,92.44,114,0,0,38,0,0,244,0,0,394,0,1
2025-05-28,2025,5,28,148,22,120,0,0.56103,-0.82779,-0.92884,0.37048,536,1041,0,0.0613,0.0,70,0,78,115,67,0,83,0,42,28.4,31.1,26.6,13.4,83.0,4.5,27.7,86.0,5.7,29.6,79.0,7.5,30.8,61.0,10.0,26.0,79.0,8.3,30.0,80.0,8.3,28.8,64.0,9.7,58.8,95.9,124.4,131.0,28.44,90.91,83,0,0,288,0,0,212,0,0,326,2,0
2025-05-29,2025,5,29,149,22,62,0,0.54671,-0.83732,-0.91555,0.40221,552,1038,0,0.1355,0.0,120,0,70,78,46,0,65,0,45,26.0,27.0,25.5,88.9,93.0,1.5,27.7,86.0,5.6,30.1,75.0,7.6,32.3,59.0,11.3,26.4,78.0,7.7,30.0,79.0,8.6,26.7,73.0,9.8,145.5,183.4,213.2,216.8,28.15,172.09,62,0,0,108,0,0,248,0,0,191,2,0
2025-05-30,2025,5,30,150,22,21,0,0.53223,-0.8466,-0.90117,0.43347,556,1036,0,0.158,0.0,62,0,120,70,17,0,23,0,22,26.9,29.6,25.3,20.8,90.0,4.3,28.4,83.0,6.8,29.7,78.0,5.9,33.6,52.0,11.8,26.5,77.0,9.9,30.3,78.0,8.3,25.1,85.0,8.1,165.4,202.0,234.0,237.4,27.95,188.2,59,0,0,159,5,0,151,0,0,159,2,0
2025-05-31,2025,5,31,151,22,22,0,0.51759,-0.85563,-0.88572,0.46421,488,979,0,-0.0061,0.0,21,0,62,120,90,0,79,1,47,27.0,31.1,25.4,32.8,92.0,5.7,28.1,84.0,6.7,30.1,73.0,8.5,33.6,51.0,9.8,27.9,70.0,10.3,30.2,75.0,8.2,26.3,82.0,8.5,191.8,230.9,266.8,270.1,27.73,213.43,26,0,0,169,1,0,352,1,0,262,1,0
2025-06-01,2025,6,1,152,22,147,0,0.50279,-0.86441,-0.86923,0.4944,520,1040,0,0.0,0.0,22,0,21,62,115,0,86,0,14,28.0,31.4,26.0,16.2,90.0,5.4,28.6,85.0,7.3,27.4,85.0,5.9,32.9,54.0,9.6,28.6,69.0,9.9,30.1,73.0,7.0,27.0,84.0,6.4,194.7,241.1,282.1,285.8,27.77,223.18,19,0,0,249,1,0,329,1,0,383,1,0
2025-06-02,2025,6,2,153,23,94,0,0.48785,-0.87293,-0.85171,0.52401,536,1050,0,0.0427,0.0,147,0,22,21,78,0,84,0,82,28.1,31.5,25.8,14.9,89.0,5.7,28.2,86.0,6.5,27.3,87.0,4.3,30.1,69.0,9.2,29.9,64.0,11.0,26.1,86.0,5.6,27.1,86.0,8.6,193.7,251.1,286.8,300.7,27.83,232.94,28,0,0,234,0,0,392,2,1,429,0,1
2025-06-03,2025,6,3,154,23,114,0,0.47276,-0.88119,-0.83318,0.553,580,1063,0,0.2004,0.0,94,0,147,22,70,0,101,1,48,28.0,32.0,25.1,2.1,88.0,6.9,29.3,81.0,7.9,27.2,87.0,6.5,29.5,79.0,7.1,29.2,68.0,9.5,25.3,82.0,8.0,29.3,80.0,9.0,189.1,238.1,286.3,300.1,27.89,221.35,38,0,0,244,0,0,394,0,1,386,1,1
2025-06-04,2025,6,4,155,23,83,0,0.45753,-0.88919,-0.81367,0.58133,543,1079,0,0.013,0.0,114,0,94,147,120,0,67,0,83,27.9,30.8,26.0,4.9,86.0,4.8,28.4,83.0,4.5,27.7,86.0,5.7,29.6,79.0,7.5,30.8,61.0,10.0,26.0,79.0,8.3,30.0,80.0,8.3,180.6,239.4,276.5,305.0,27.9,222.64,288,0,0,212,0,0,326,2,0,416,1,1
2025-06-05,2025,6,5,156,23,62,0,0.44217,-0.89693,-0.79319,0.60897,543,1095,0,-0.0163,0.0,83,0,114,94,62,0,46,0,65,27.3,31.3,25.0,5.1,88.0,6.3,26.0,93.0,1.5,27.7,86.0,5.6,30.1,75.0,7.6,32.3,59.0,11.3,26.4,78.0,7.7,30.0,79.0,8.6,96.8,242.3,280.2,310.0,27.87,225.1,108,0,0,248,0,0,191,2,0,358,1,0
2025-06-06,2025,6,6,157,23,59,0,0.42667,-0.90441,-0.77177,0.6359,581,1137,0,0.0449,0.0,62,0,83,114,21,0,17,0,23,28.4,31.9,25.6,1.2,84.0,6.3,26.9,90.0,4.3,28.4,83.0,6.8,29.7,78.0,5.9,33.6,52.0,11.8,26.5,77.0,9.9,30.3,78.0,8.3,77.2,242.6,279.2,311.2,27.87,225.38,159,5,0,151,0,0,159,2,0,204,0,0
2025-06-07,2025,6,7,158,23,26,0,0.41105,-0.91161,-0.74944,0.66207,585,1073,0,0.1984,0.0,59,0,62,83,22,0,90,0,79,29.2,33.0,25.8,1.2,83.0,7.2,27.0,92.0,5.7,28.1,84.0,6.7,30.1,73.0,8.5,33.6,51.0,9.8,27.9,70.0,10.3,30.2,75.0,8.2,45.6,237.4,276.5,312.4,27.95,221.18,169,1,0,352,1,0,262,1,0,294,0,0
2025-06-08,2025,6,8,159,23,19,0,0.39531,-0.91855,-0.72622,0.68746,457,977,0,-0.1209,0.0,26,0,59,62,147,0,115,0,86,29.7,33.3,26.4,0.9,80.0,6.9,28.0,90.0,5.4,28.6,85.0,7.3,27.4,85.0,5.9,32.9,54.0,9.6,28.6,69.0,9.9,30.1,73.0,7.0,30.3,225.0,271.4,312.4,28.03,210.22,249,1,0,329,1,0,383,1,0,317,0,0
2025-06-09,2025,6,9,160,24,28,0,0.37945,-0.92521,-0.70215,0.71203,391,927,0,-0.27,0.0,19,0,26,59,94,0,78,0,84,30.2,33.6,26.5,0.2,78.0,7.1,28.1,89.0,5.7,28.2,86.0,6.5,27.3,87.0,4.3,30.1,69.0,9.2,29.9,64.0,11.0,26.1,86.0,5.6,15.6,209.3,266.7,302.4,28.17,196.53,234,0,0,392,2,1,429,0,1,492,3,1
2025-06-10,2025,6,10,161,24,38,0,0.36348,-0.9316,-0.67724,0.73576,315,895,0,-0.4561,0.0,28,0,19,26,114,0,70,0,101,30.0,34.2,26.3,15.7,80.0,7.9,28.0,88.0,6.9,29.3,81.0,7.9,27.2,87.0,6.5,29.5,79.0,7.1,29.2,68.0,9.5,25.3,82.0,8.0,29.2,218.3,267.3,315.5,28.22,205.35,244,0,0,394,0,1,386,1,1,425,3,1
2025-06-11,2025,6,11,162,24,288,0,0.3474,-0.93772,-0.65153,0.75862,520,1063,0,-0.0423,0.0,38,0,28,19,83,0,120,0,67,30.0,34.3,26.0,0.9,79.0,8.3,27.9,86.0,4.8,28.4,83.0,4.5,27.7,86.0,5.7,29.6,79.0,7.5,30.8,61.0,10.0,26.0,79.0,8.3,25.2,205.8,264.6,301.7,28.34,194.41,212,0,0,326,2,0,416,1,1,406,1,1
2025-06-12,2025,6,12,163,24,108,0,0.33122,-0.94355,-0.62505,0.78058,566,1109,0,0.0423,0.0,288,0,38,28,62,0,62,0,46,30.7,35.2,26.7,1.4,73.0,8.5,27.3,88.0,6.3,26.0,93.0,1.5,27.7,86.0,5.6,30.1,75.0,7.6,32.3,59.0,11.3,26.4,78.0,7.7,21.5,118.3,263.8,301.7,28.67,113.06,248,0,0,191,2,0,358,1,0,337,2,0
2025-06-13,2025,6,13,164,24,159,5,0.31494,-0.94911,-0.59783,0.80162,666,1247,5,0.146,0.0075,108,0,288,38,59,0,21,0,17,31.8,36.0,27.3,0.3,68.0,8.7,28.4,84.0,6.3,26.9,90.0,4.3,28.4,83.0,6.8,29.7,78.0,5.9,33.6,52.0,11.8,26.5,77.0,9.9,20.6,97.8,263.2,299.8,29.02,94.61,151,0,0,159,2,0,204,0,0,138,0,0
2025-06-14,2025,6,14,165,24,169,1,0.29857,-0.95439,-0.5699,0.82171,809,1394,6,0.3823,0.00741,159,5,108,288,26,0,22,0,90,30.5,33.7,28.0,5.6,76.0,5.7,29.2,83.0,7.2,27.0,92.0,5.7,28.1,84.0,6.7,30.1,73.0,8.5,33.6,51.0,9.8,27.9,70.0,10.3,25.0,70.6,262.4,301.5,29.27,68.88,352,1,0,262,1,0,294,0,0,391,1,1
2025-06-15,2025,6,15,166,24,249,1,0.28211,-0.95938,-0.5413,0.84083,1039,1496,7,1.2707,0.00673,169,1,159,108,19,0,147,0,115,29.0,31.9,26.5,10.3,83.0,5.4,29.7,80.0,6.9,28.0,90.0,5.4,28.6,85.0,7.3,27.4,85.0,5.9,32.9,54.0,9.6,28.6,69.0,9.9,34.4,64.7,259.4,305.8,29.34,63.28,329,1,0,383,1,0,317,0,0,420,1,1
2025-06-16,2025,6,16,167,25,234,0,0.26556,-0.96409,-0.51206,0.85895,1245,1636,7,2.1786,0.00562,249,1,169,159,28,0,94,0,78,28.2,31.3,26.1,5.9,85.0,5.2,30.2,78.0,7.1,28.1,89.0,5.7,28.2,86.0,6.5,27.3,87.0,4.3,30.1,69.0,9.2,29.9,64.0,11.0,40.1,55.7,249.4,306.8,29.35,54.49,392,2,1,429,0,1,492,3,1,330,2,0
2025-06-17,2025,6,17,168,25,244,0,0.24894,-0.96852,-0.48221,0.87606,1451,1766,7,3.5949,0.00482,234,0,249,169,38,0,114,0,70,27.6,29.9,25.4,12.8,87.0,4.5,30.0,80.0,7.9,28.0,88.0,6.9,29.3,81.0,7.9,27.2,87.0,6.5,29.5,79.0,7.1,29.2,68.0,9.5,37.2,66.4,255.5,304.5,29.32,64.89,394,0,1,386,1,1,425,3,1,375,0,0
2025-06-18,2025,6,18,169,25,212,0,0.23224,-0.97266,-0.45179,0.89213,1375,1895,7,1.6411,0.00509,244,0,234,249,288,0,83,0,120,27.1,29.1,25.5,9.7,90.0,3.6,30.0,79.0,8.3,27.9,86.0,4.8,28.4,83.0,4.5,27.7,86.0,5.7,29.6,79.0,7.5,30.8,61.0,10.0,46.0,71.2,251.8,310.6,29.26,69.44,326,2,0,416,1,1,406,1,1,321,2,0
2025-06-19,2025,6,19,170,25,248,0,0.21548,-0.97651,-0.42083,0.90714,1515,2081,7,1.6737,0.00462,212,0,244,234,108,0,62,0,62,28.6,32.5,26.1,0.7,80.0,6.4,30.7,73.0,8.5,27.3,88.0,6.3,26.0,93.0,1.5,27.7,86.0,5.6,30.1,75.0,7.6,32.3,59.0,11.3,45.3,66.8,163.6,309.1,29.36,65.37,191,2,0,358,1,0,337,2,0,375,0,0
2025-06-20,2025,6,20,171,25,151,0,0.19865,-0.98007,-0.38938,0.92108,1507,2173,2,1.2609,0.00133,248,0,212,244,159,5,59,0,21,27.2,29.4,25.5,30.4,91.0,3.9,31.8,68.0,8.7,28.4,84.0,6.3,26.9,90.0,4.3,28.4,83.0,6.8,29.7,78.0,5.9,33.6,52.0,11.8,75.4,96.0,173.2,338.6,29.27,93.66,159,2,0,204,0,0,138,0,0,114,1,0
2025-06-21,2025,6,21,172,25,352,1,0.18176,-0.98334,-0.35746,0.93393,1690,2499,2,1.0877,0.00118,151,0,248,212,169,1,26,0,22,28.0,31.6,25.0,23.7,88.0,6.6,30.5,76.0,5.7,29.2,83.0,7.2,27.0,92.0,5.7,28.1,84.0,6.7,30.1,73.0,8.5,33.6,51.0,9.8,93.5,118.5,164.1,355.9,29.19,115.3,262,1,0,294,0,0,391,1,1,394,1,1
2025-06-22,2025,6,22,173,25,329,1,0.16482,-0.98632,-0.32513,0.94567,1770,2809,2,0.7029,0.00113,352,1,151,248,249,1,19,0,147,29.0,32.2,26.1,4.7,84.0,6.1,29.0,83.0,5.4,29.7,80.0,6.9,28.0,90.0,5.4,28.6,85.0,7.3,27.4,85.0,5.9,32.9,54.0,9.6,87.9,122.3,152.6,347.3,29.14,118.79,383,1,0,317,0,0,420,1,1,429,0,1
2025-06-23,2025,6,23,174,26,392,2,0.14783,-0.98901,-0.29241,0.95629,1928,3173,4,0.5482,0.00207,329,1,352,151,234,0,28,0,94,28.7,31.2,26.4,1.6,84.0,4.8,28.2,85.0,5.2,30.2,78.0,7.1,28.1,89.0,5.7,28.2,86.0,6.5,27.3,87.0,4.3,30.1,69.0,9.2,83.6,123.7,139.3,333.0,29.03,119.7,429,0,1,492,3,1,330,2,0,364,0,0
2025-06-24,2025,6,24,175,26,394,0,0.13079,-0.99141,-0.25934,0.96579,2078,3529,4,0.4318,0.00192,392,2,329,352,244,0,38,0,114,28.5,31.5,26.5,15.5,84.0,5.0,27.6,87.0,4.5,30.0,80.0,7.9,28.0,88.0,6.9,29.3,81.0,7.9,27.2,87.0,6.5,29.5,79.0,7.1,86.3,123.5,152.7,341.8,28.92,119.05,386,1,1,425,3,1,375,0,0,444,4,1
2025-06-25,2025,6,25,176,26,326,2,0.11372,-0.99351,-0.22596,0.97414,2192,3567,6,0.5938,0.00274,394,0,392,329,212,0,288,0,83,28.3,31.3,26.1,7.4,85.0,5.2,27.1,90.0,3.6,30.0,79.0,8.3,27.9,86.0,4.8,28.4,83.0,4.5,27.7,86.0,5.7,29.6,79.0,7.5,84.0,130.0,155.2,335.8,28.8,124.8,416,1,1,406,1,1,321,2,0,319,3,0
2025-06-26,2025,6,26,177,26,191,2,0.09661,-0.99532,-0.19232,0.98133,2135,3650,8,0.409,0.00375,326,2,394,392,248,0,108,0,62,28.4,31.4,25.7,12.9,84.0,5.7,28.6,80.0,6.4,30.7,73.0,8.5,27.3,88.0,6.3,26.0,93.0,1.5,27.7,86.0,5.6,30.1,75.0,7.6,96.2,141.5,163.0,259.8,28.64,135.09,358,1,0,337,2,0,375,0,0,280,1,0
2025-06-27,2025,6,27,178,26,159,2,0.07948,-0.99684,-0.15845,0.98737,2143,3650,10,0.4218,0.00466,191,2,326,394,151,0,159,5,59,28.3,31.4,25.5,7.9,83.0,5.9,27.2,91.0,3.9,31.8,68.0,8.7,28.4,84.0,6.3,26.9,90.0,4.3,28.4,83.0,6.8,29.7,78.0,5.9,73.7,149.1,169.7,246.9,28.39,141.1,204,0,0,138,0,0,114,1,0,164,0,0
2025-06-28,2025,6,28,179,26,262,1,0.06232,-0.99806,-0.12439,0.99223,2053,3743,10,0.2147,0.00487,159,2,191,326,352,1,169,1,26,28.4,31.8,25.8,3.4,84.0,6.0,28.0,88.0,6.6,30.5,76.0,5.7,29.2,83.0,7.2,27.0,92.0,5.7,28.1,84.0,6.7,30.1,73.0,8.5,53.4,146.9,171.9,217.5,28.24,138.28,294,0,0,391,1,1,394,1,1,331,3,0
2025-06-29,2025,6,29,180,26,383,1,0.04514,-0.99898,-0.09019,0.99592,2107,3877,10,0.1903,0.00474,262,1,159,191,329,1,249,1,19,28.7,32.2,25.9,3.0,82.0,6.3,29.0,84.0,6.1,29.0,83.0,5.4,29.7,80.0,6.9,28.0,90.0,5.4,28.6,85.0,7.3,27.4,85.0,5.9,51.7,139.6,174.0,204.3,28.21,131.27,317,0,0,420,1,1,429,0,1,409,3,1
2025-06-30,2025,6,30,181,27,429,0,0.02795,-0.99961,-0.05588,0.99844,2144,4072,8,0.112,0.00373,383,1,262,159,392,2,234,0,28,28.7,32.3,26.4,2.5,82.0,5.9,28.7,84.0,4.8,28.2,85.0,5.2,30.2,78.0,7.1,28.1,89.0,5.7,28.2,86.0,6.5,27.3,87.0,4.3,52.6,136.2,176.3,191.9,28.25,128.25,492,3,1,330,2,0,364,0,0,394,2,1
2025-07-01,2025,7,1,182,27,386,1,0.01075,-0.99994,-0.0215,0.99977,2136,4214,9,0.0279,0.00421,429,0,383,262,394,0,244,0,38,28.3,31.1,26.0,4.9,85.0,5.1,28.5,84.0,5.0,27.6,87.0,4.5,30.0,80.0,7.9,28.0,88.0,6.9,29.3,81.0,7.9,27.2,87.0,6.5,42.0,128.3,165.5,194.7,28.3,121.03,425,3,1,375,0,0,444,4,1,393,1,1
2025-07-02,2025,7,2,183,27,416,1,-0.00645,-0.99998,0.0129,0.99992,2226,4418,8,0.0155,0.00359,386,1,429,383,326,2,212,0,288,28.3,31.5,25.9,2.4,84.0,5.6,28.3,85.0,5.2,27.1,90.0,3.6,30.0,79.0,8.3,27.9,86.0,4.8,28.4,83.0,4.5,27.7,86.0,5.7,37.0,121.0,167.0,192.2,28.39,114.51,406,1,1,321,2,0,319,3,0,386,2,1
2025-07-03,2025,7,3,184,27,358,1,-0.02365,-0.99972,0.04729,0.99888,2393,4528,7,0.1208,0.00292,416,1,386,429,191,2,248,0,108,28.3,31.2,26.1,11.3,84.0,5.1,28.4,84.0,5.7,28.6,80.0,6.4,30.7,73.0,8.5,27.3,88.0,6.3,26.0,93.0,1.5,27.7,86.0,5.6,35.4,131.6,176.9,198.4,28.36,124.41,337,2,0,375,0,0,280,1,0,278,2,0
2025-07-04,2025,7,4,185,27,204,0,-0.04084,-0.99917,0.08162,0.99666,2438,4581,5,0.1376,0.00205,358,1,416,386,159,2,151,0,159,27.6,30.7,25.2,14.8,88.0,5.5,28.3,83.0,5.9,27.2,91.0,3.9,31.8,68.0,8.7,28.4,84.0,6.3,26.9,90.0,4.3,28.4,83.0,6.8,42.3,116.0,191.4,212.0,28.39,109.77,138,0,0,114,1,0,164,0,0,138,0,0
2025-07-05,2025,7,5,186,27,294,0,-0.05803,-0.99832,0.11586,0.99327,2470,4523,4,0.203,0.00162,204,0,358,416,262,1,352,1,169,27.3,30.5,25.1,15.6,89.0,5.4,28.4,84.0,6.0,28.0,88.0,6.6,30.5,76.0,5.7,29.2,83.0,7.2,27.0,92.0,5.7,28.1,84.0,6.7,54.5,107.9,201.4,226.4,28.34,101.93,391,1,1,394,1,1,331,3,0,209,1,0
2025-07-06,2025,7,6,187,27,317,0,-0.07519,-0.99717,0.14995,0.98869,2404,4511,3,0.1409,0.00125,294,0,204,358,383,1,329,1,249,27.5,30.8,25.6,3.5,87.0,5.2,28.7,82.0,6.3,29.0,84.0,6.1,29.0,83.0,5.4,29.7,80.0,6.9,28.0,90.0,5.4,28.6,85.0,7.3,55.0,106.7,194.6,229.0,28.24,100.44,420,1,1,429,0,1,409,3,1,343,0,0
2025-07-07,2025,7,7,188,28,492,3,-0.09233,-0.99573,0.18387,0.98295,2467,4611,6,0.1506,0.00243,317,0,294,204,429,0,392,2,234,26.8,29.4,25.2,10.4,90.0,4.2,28.7,82.0,5.9,28.7,84.0,4.8,28.2,85.0,5.2,30.2,78.0,7.1,28.1,89.0,5.7,28.2,86.0,6.5,62.9,115.5,199.1,239.2,28.1,108.19,330,2,0,364,0,0,394,2,1,395,2,1
2025-07-08,2025,7,8,189,28,425,3,-0.10945,-0.99399,0.21758,0.97604,2506,4642,8,0.1731,0.00319,492,3,317,294,386,1,394,0,244,25.8,27.6,24.6,30.1,94.0,3.0,28.3,85.0,5.1,28.5,84.0,5.0,27.6,87.0,4.5,30.0,80.0,7.9,28.0,88.0,6.9,29.3,81.0,7.9,88.1,130.1,216.4,253.6,27.91,121.04,375,0,0,444,4,1,393,1,1,319,3,0
2025-07-09,2025,7,9,190,28,406,1,-0.12653,-0.99196,0.25102,0.96798,2496,4722,8,0.1212,0.0032,425,3,492,317,416,1,326,2,212,25.7,27.7,24.8,44.9,95.0,2.9,28.3,84.0,5.6,28.3,85.0,5.2,27.1,90.0,3.6,30.0,79.0,8.3,27.9,86.0,4.8,28.4,83.0,4.5,130.6,167.6,251.6,297.6,27.72,154.86,321,2,0,319,3,0,386,2,1,428,3,1
2025-07-10,2025,7,10,191,28,337,2,-0.14357,-0.98964,0.28417,0.95877,2475,4868,9,0.0343,0.00363,406,1,425,492,358,1,191,2,248,26.7,29.8,24.4,17.8,89.0,5.4,28.3,84.0,5.1,28.4,84.0,5.7,28.6,80.0,6.4,30.7,73.0,8.5,27.3,88.0,6.3,26.0,93.0,1.5,137.1,172.5,268.7,314.0,27.6,158.7,375,0,0,280,1,0,278,2,0,408,3,1
2025-07-11,2025,7,11,192,28,138,0,-0.16057,-0.98702,0.31698,0.94843,2409,4847,9,-0.0119,0.00373,337,2,406,425,204,0,159,2,151,28.2,31.7,25.2,1.6,84.0,6.5,27.6,88.0,5.5,28.3,83.0,5.9,27.2,91.0,3.9,31.8,68.0,8.7,28.4,84.0,6.3,26.9,90.0,4.3,123.9,166.2,239.9,315.3,27.59,152.85,114,1,0,164,0,0,138,0,0,190,0,0
2025-07-12,2025,7,12,193,28,391,1,-0.17753,-0.98412,0.34942,0.93697,2506,4976,10,0.0146,0.00399,138,0,337,406,294,0,262,1,352,29.5,33.4,26.0,1.2,84.0,7.4,27.3,89.0,5.4,28.4,84.0,6.0,28.0,88.0,6.6,30.5,76.0,5.7,29.2,83.0,7.2,27.0,92.0,5.7,109.5,164.0,217.4,310.9,27.67,151.26,394,1,1,331,3,0,209,1,0,325,3,0
2025-07-13,2025,7,13,194,28,420,1,-0.19443,-0.98092,0.38144,0.92439,2609,5013,11,0.0852,0.00421,391,1,138,337,317,0,383,1,329,28.9,33.1,26.7,6.1,88.0,6.4,27.5,87.0,5.2,28.7,82.0,6.3,29.0,84.0,6.1,29.0,83.0,5.4,29.7,80.0,6.9,28.0,90.0,5.4,112.1,167.1,218.8,306.7,27.69,154.23,429,0,1,409,3,1,343,0,0,448,3,1
2025-07-14,2025,7,14,195,29,330,2,-0.21128,-0.97743,0.41301,0.91073,2447,4914,10,-0.0081,0.00408,420,1,391,138,492,3,429,0,392,27.0,29.9,25.7,11.3,89.0,4.2,26.8,90.0,4.2,28.7,82.0,5.9,28.7,84.0,4.8,28.2,85.0,5.2,30.2,78.0,7.1,28.1,89.0,5.7,113.0,175.9,228.5,312.1,27.56,161.59,364,0,0,394,2,1,395,2,1,434,1,1
2025-07-15,2025,7,15,196,29,375,0,-0.22806,-0.97365,0.4441,0.89598,2397,4903,7,-0.0435,0.00292,330,2,420,391,425,3,386,1,394,27.6,30.8,24.8,25.4,88.0,6.0,25.8,94.0,3.0,28.3,85.0,5.1,28.5,84.0,5.0,27.6,87.0,4.5,30.0,80.0,7.9,28.0,88.0,6.9,108.3,196.4,238.4,324.7,27.51,180.1,444,4,1,393,1,1,319,3,0,382,1,0
2025-07-16,2025,7,16,197,29,321,2,-0.24477,-0.96958,0.47465,0.88017,2312,4808,8,-0.0737,0.00346,375,0,330,420,406,1,416,1,326,28.5,32.5,26.2,2.3,86.0,6.3,25.7,95.0,2.9,28.3,84.0,5.6,28.3,85.0,5.2,27.1,90.0,3.6,30.0,79.0,8.3,27.9,86.0,4.8,65.7,196.3,233.3,317.3,27.53,180.14,319,3,0,386,2,1,428,3,1,325,1,0
2025-07-17,2025,7,17,198,29,375,0,-0.26141,-0.96523,0.50465,0.86333,2350,4825,6,-0.0505,0.00255,321,2,375,330,337,2,358,1,191,28.4,32.0,26.2,4.9,87.0,5.8,26.7,89.0,5.4,28.3,84.0,5.1,28.4,84.0,5.7,28.6,80.0,6.4,30.7,73.0,8.5,27.3,88.0,6.3,52.8,189.9,225.3,321.5,27.54,174.33,280,1,0,278,2,0,408,3,1,252,0,0
2025-07-18,2025,7,18,199,29,114,1,-0.27798,-0.96059,0.53405,0.84546,2326,4735,7,-0.0344,0.00301,375,0,321,375,138,0,204,0,159,28.5,32.2,26.2,10.7,87.0,6.0,28.2,84.0,6.5,27.6,88.0,5.5,28.3,83.0,5.9,27.2,91.0,3.9,31.8,68.0,8.7,28.4,84.0,6.3,61.9,185.8,228.1,301.8,27.6,170.94,164,0,0,138,0,0,190,0,0,134,0,0
2025-07-19,2025,7,19,200,29,394,1,-0.29446,-0.95566,0.56281,0.82658,2329,4835,7,-0.0706,0.003,114,1,375,321,391,1,294,0,262,29.4,32.7,26.4,0.6,83.0,6.3,29.5,84.0,7.4,27.3,89.0,5.4,28.4,84.0,6.0,28.0,88.0,6.6,30.5,76.0,5.7,29.2,83.0,7.2,61.3,170.8,225.3,278.7,27.75,157.99,331,3,0,209,1,0,325,3,0,202,0,0
2025-07-20,2025,7,20,201,29,429,0,-0.31086,-0.95046,0.59091,0.80674,2338,4947,6,-0.1038,0.00257,394,1,114,375,420,1,317,0,383,29.1,31.9,26.8,1.5,83.0,5.1,28.9,88.0,6.4,27.5,87.0,5.2,28.7,82.0,6.3,29.0,84.0,6.1,29.0,83.0,5.4,29.7,80.0,6.9,56.7,168.8,223.8,275.5,27.86,156.76,409,3,1,343,0,0,448,3,1,466,1,1
2025-07-21,2025,7,21,202,30,364,0,-0.32716,-0.94497,0.61831,0.78593,2372,4819,4,-0.0306,0.00169,429,0,394,114,330,2,492,3,429,29.8,33.3,26.8,1.3,84.0,6.5,27.0,89.0,4.2,26.8,90.0,4.2,28.7,82.0,5.9,28.7,84.0,4.8,28.2,85.0,5.2,30.2,78.0,7.1,46.7,159.7,222.6,275.2,28.08,149.48,394,2,1,395,2,1,434,1,1,380,0,0
2025-07-22,2025,7,22,203,30,444,4,-0.34337,-0.9392,0.64498,0.7642,2441,4838,8,0.0183,0.00328,364,0,429,394,375,0,425,3,386,30.1,33.3,27.1,3.0,82.0,6.2,27.6,88.0,6.0,25.8,94.0,3.0,28.3,85.0,5.1,28.5,84.0,5.0,27.6,87.0,4.5,30.0,80.0,7.9,24.3,132.6,220.7,262.7,28.39,125.48,393,1,1,319,3,0,382,1,0,357,0,0
2025-07-23,2025,7,23,204,30,319,3,-0.35947,-0.93316,0.67089,0.74156,2439,4751,9,0.0549,0.00369,444,4,364,429,321,2,406,1,416,30.9,35.1,26.5,3.8,78.0,8.6,28.5,86.0,6.3,25.7,95.0,2.9,28.3,84.0,5.6,28.3,85.0,5.2,27.1,90.0,3.6,30.0,79.0,8.3,25.8,91.5,222.1,259.1,28.76,87.72,386,2,1,428,3,1,325,1,0,356,0,0
2025-07-24,2025,7,24,205,30,280,1,-0.37547,-0.92683,0.696,0.71804,2344,4694,10,-0.0026,0.00426,319,3,444,364,375,0,337,2,358,29.3,33.4,26.3,10.2,84.0,7.1,28.4,87.0,5.8,26.7,89.0,5.4,28.3,84.0,5.1,28.4,84.0,5.7,28.6,80.0,6.4,30.7,73.0,8.5,31.1,83.9,221.0,256.4,28.94,80.94,278,2,0,408,3,1,252,0,0,311,5,0
2025-07-25,2025,7,25,206,30,164,0,-0.39136,-0.92024,0.72029,0.69368,2394,4720,9,0.0292,0.00376,280,1,319,444,114,1,138,0,204,28.6,31.7,26.6,5.7,82.0,5.1,28.5,87.0,6.0,28.2,84.0,6.5,27.6,88.0,5.5,28.3,83.0,5.9,27.2,91.0,3.9,31.8,68.0,8.7,26.1,88.0,211.9,254.2,28.97,84.98,138,0,0,190,0,0,134,0,0,173,0,0
2025-07-26,2025,7,26,207,30,331,3,-0.40713,-0.91337,0.74372,0.66849,2331,4660,11,0.0009,0.00472,164,0,280,319,394,1,391,1,294,28.0,31.0,25.9,8.1,86.0,5.1,29.4,83.0,6.3,29.5,84.0,7.4,27.3,89.0,5.4,28.4,84.0,6.0,28.0,88.0,6.6,30.5,76.0,5.7,33.6,94.9,204.4,258.9,28.86,91.29,209,1,0,325,3,0,202,0,0,247,4,0
2025-07-27,2025,7,27,208,30,409,3,-0.42278,-0.90623,0.76627,0.64251,2311,4649,14,-0.0115,0.00606,331,3,164,280,429,0,420,1,317,28.0,31.9,26.2,14.4,89.0,5.7,29.1,83.0,5.1,28.9,88.0,6.4,27.5,87.0,5.2,28.7,82.0,6.3,29.0,84.0,6.1,29.0,83.0,5.4,46.5,103.2,215.3,270.3,28.8,99.07,343,0,0,448,3,1,466,1,1,430,1,1
2025-07-28,2025,7,28,209,31,394,2,-0.43831,-0.89883,0.78792,0.61577,2341,4713,16,-0.0131,0.00683,409,3,331,164,364,0,330,2,492,27.4,31.3,25.2,18.8,90.0,6.1,29.8,84.0,6.5,27.0,89.0,4.2,26.8,90.0,4.2,28.7,82.0,5.9,28.7,84.0,4.8,28.2,85.0,5.2,64.0,110.7,223.7,286.6,28.83,106.38,395,2,1,434,1,1,380,0,0,412,3,1
2025-07-29,2025,7,29,210,31,393,1,-0.4537,-0.89115,0.80864,0.58831,2290,4731,13,-0.0618,0.00567,394,2,409,331,444,4,375,0,425,27.6,30.7,25.2,22.5,88.0,5.5,30.1,82.0,6.2,27.6,88.0,6.0,25.8,94.0,3.0,28.3,85.0,5.1,28.5,84.0,5.0,27.6,87.0,4.5,83.5,107.8,216.1,304.2,28.83,103.6,319,3,0,382,1,0,357,0,0,470,0,1
2025-07-30,2025,7,30,211,31,386,2,-0.46897,-0.88322,0.8284,0.56014,2357,4796,12,-0.0336,0.00509,393,1,394,409,319,3,321,2,406,27.9,30.6,26.0,6.3,87.0,4.6,30.9,78.0,8.6,28.5,86.0,6.3,25.7,95.0,2.9,28.3,84.0,5.6,28.3,85.0,5.2,27.1,90.0,3.6,86.0,111.8,177.5,308.1,28.79,107.29,428,3,1,325,1,0,356,0,0,430,0,1
2025-07-31,2025,7,31,212,31,278,2,-0.48409,-0.87502,0.84717,0.53132,2355,4699,13,0.0047,0.00552,386,2,393,394,280,1,375,0,337,27.2,30.4,25.0,9.3,88.0,5.4,29.3,84.0,7.1,28.4,87.0,5.8,26.7,89.0,5.4,28.3,84.0,5.1,28.4,84.0,5.7,28.6,80.0,6.4,85.1,116.2,169.0,306.1,28.7,111.16,408,3,1,252,0,0,311,5,0,432,0,1
2025-08-01,2025,8,1,213,31,138,0,-0.49907,-0.86656,0.86495,0.50186,2329,4723,13,-0.0271,0.00558,278,2,386,393,164,0,114,1,138,28.1,31.7,25.2,11.7,87.0,6.5,28.6,82.0,5.1,28.5,87.0,6.0,28.2,84.0,6.5,27.6,88.0,5.5,28.3,83.0,5.9,27.2,91.0,3.9,91.1,117.2,179.1,303.0,28.67,112.0,190,0,0,134,0,0,173,0,0,165,0,0
2025-08-02,2025,8,2,214,31,209,1,-0.5139,-0.85785,0.8817,0.47181,2207,4538,11,-0.0532,0.00498,138,0,278,386,331,3,394,1,391,28.0,31.4,24.8,27.3,88.0,6.6,28.0,86.0,5.1,29.4,83.0,6.3,29.5,84.0,7.4,27.3,89.0,5.4,28.4,84.0,6.0,28.0,88.0,6.6,110.3,143.9,205.2,314.7,28.57,137.04,325,3,0,202,0,0,247,4,0,367,0,0
2025-08-03,2025,8,3,215,31,343,0,-0.52858,-0.84888,0.89741,0.4412,2141,4452,8,-0.0735,0.00373,209,1,138,278,409,3,429,0,420,28.6,32.5,26.2,7.6,85.0,6.3,28.0,89.0,5.7,29.1,83.0,5.1,28.9,88.0,6.4,27.5,87.0,5.2,28.7,82.0,6.3,29.0,84.0,6.1,103.5,150.0,206.7,318.8,28.54,142.7,448,3,1,466,1,1,430,1,1,568,4,1
2025-08-04,2025,8,4,216,32,395,2,-0.54311,-0.83966,0.91205,0.41007,2142,4483,8,-0.085,0.00373,343,0,209,138,394,2,364,0,330,27.5,29.7,25.8,11.7,91.0,3.9,27.4,90.0,6.1,29.8,84.0,6.5,27.0,89.0,4.2,26.8,90.0,4.2,28.7,82.0,5.9,28.7,84.0,4.8,96.4,160.4,207.1,320.1,28.37,151.68,434,1,1,380,0,0,412,3,1,552,0,1
2025-08-05,2025,8,5,217,32,319,3,-0.55747,-0.8302,0.92562,0.37846,2068,4358,10,-0.0969,0.00483,395,2,343,209,393,1,444,4,375,27.1,32.1,25.0,22.1,90.0,7.1,27.6,88.0,5.5,30.1,82.0,6.2,27.6,88.0,6.0,25.8,94.0,3.0,28.3,85.0,5.1,28.5,84.0,5.0,96.0,179.5,203.8,312.1,28.16,168.49,382,1,0,357,0,0,470,0,1,473,3,1
2025-08-06,2025,8,6,218,32,428,3,-0.57167,-0.82049,0.93809,0.34639,2110,4467,11,-0.1047,0.00521,319,3,395,343,386,2,319,3,321,28.1,31.8,24.6,5.4,85.0,7.2,27.9,87.0,4.6,30.9,78.0,8.6,28.5,86.0,6.3,25.7,95.0,2.9,28.3,84.0,5.6,28.3,85.0,5.2,95.1,181.1,206.9,272.6,27.96,168.79,325,1,0,356,0,0,430,0,1,445,2,1
2025-08-07,2025,8,7,219,32,408,3,-0.5857,-0.81053,0.94945,0.31392,2240,4595,12,-0.0488,0.00535,428,3,319,395,278,2,280,1,375,28.0,31.4,25.5,3.2,86.0,5.9,27.2,88.0,5.4,29.3,84.0,7.1,28.4,87.0,5.8,26.7,89.0,5.4,28.3,84.0,5.1,28.4,84.0,5.7,89.0,174.1,205.2,258.0,27.86,161.68,252,0,0,311,5,0,432,0,1,363,3,0
2025-08-08,2025,8,8,220,32,190,0,-0.59955,-0.80034,0.95969,0.28108,2292,4621,12,-0.0159,0.00523,408,3,428,319,138,0,164,0,114,26.6,28.3,25.4,10.1,88.0,2.9,28.1,87.0,6.5,28.6,82.0,5.1,28.5,87.0,6.0,28.2,84.0,6.5,27.6,88.0,5.5,28.3,83.0,5.9,87.4,178.5,204.6,266.5,27.72,164.93,134,0,0,173,0,0,165,0,0,158,0,0
2025-08-09,2025,8,9,221,32,325,3,-0.61323,-0.7899,0.96879,0.2479,2408,4615,14,0.091,0.00581,190,0,408,428,209,1,331,3,394,27.8,30.6,25.2,5.1,85.0,5.4,28.0,88.0,6.6,28.0,86.0,5.1,29.4,83.0,6.3,29.5,84.0,7.4,27.3,89.0,5.4,28.4,84.0,6.0,65.2,175.5,209.1,270.4,27.71,162.1,202,0,0,247,4,0,367,0,0,364,2,0
2025-08-10,2025,8,10,222,32,448,3,-0.62673,-0.77924,0.97674,0.21443,2513,4654,17,0.1737,0.00676,325,3,190,408,343,0,409,3,429,29.2,32.7,26.2,1.3,80.0,6.5,28.6,85.0,6.3,28.0,89.0,5.7,29.1,83.0,5.1,28.9,88.0,6.4,27.5,87.0,5.2,28.7,82.0,6.3,58.9,162.4,208.9,265.6,27.79,150.44,466,1,1,430,1,1,568,4,1,580,3,1
2025-08-11,2025,8,11,223,33,434,1,-0.64004,-0.76834,0.98354,0.1807,2552,4694,16,0.1913,0.00627,448,3,325,190,395,2,394,2,364,29.8,33.6,26.4,0.0,77.0,7.2,27.5,91.0,3.9,27.4,90.0,6.1,29.8,84.0,6.5,27.0,89.0,4.2,26.8,90.0,4.2,28.7,82.0,5.9,47.2,143.6,207.6,254.3,27.96,133.84,380,0,0,412,3,1,552,0,1,573,2,1
2025-08-12,2025,8,12,224,33,382,1,-0.65316,-0.75722,0.98917,0.14676,2615,4683,14,0.2644,0.00535,434,1,448,325,319,3,393,1,444,29.7,33.8,26.6,2.0,79.0,7.2,27.1,90.0,7.1,27.6,88.0,5.5,30.1,82.0,6.2,27.6,88.0,6.0,25.8,94.0,3.0,28.3,85.0,5.1,27.1,123.1,206.6,230.9,28.11,115.34,357,0,0,470,0,1,473,3,1,487,0,1
2025-08-13,2025,8,13,225,33,325,1,-0.66609,-0.74587,0.99363,0.11265,2512,4622,12,0.1904,0.00478,382,1,434,448,428,3,386,2,319,27.6,30.9,26.3,16.1,89.0,4.6,28.1,85.0,7.2,27.9,87.0,4.6,30.9,78.0,8.6,28.5,86.0,6.3,25.7,95.0,2.9,28.3,84.0,5.6,37.8,132.9,218.9,244.7,28.09,124.44,356,0,0,430,0,1,445,2,1,625,2,1
2025-08-14,2025,8,14,226,33,252,0,-0.67882,-0.7343,0.99692,0.07841,2356,4596,9,0.0518,0.00382,325,1,382,434,408,3,278,2,280,27.7,30.7,25.2,5.3,87.0,5.5,28.0,86.0,5.9,27.2,88.0,5.4,29.3,84.0,7.1,28.4,87.0,5.8,26.7,89.0,5.4,28.3,84.0,5.1,39.9,128.9,214.0,245.1,28.13,120.87,311,5,0,432,0,1,363,3,0,586,6,1
2025-08-15,2025,8,15,227,33,134,0,-0.69135,-0.72252,0.99903,0.04407,2300,4592,9,0.0035,0.00391,252,0,325,382,190,0,138,0,164,28.5,32.3,25.6,7.2,86.0,6.7,26.6,88.0,2.9,28.1,87.0,6.5,28.6,82.0,5.1,28.5,87.0,6.0,28.2,84.0,6.5,27.6,88.0,5.5,37.0,124.4,215.5,241.6,28.16,116.77,173,0,0,165,0,0,158,0,0,245,0,0
2025-08-16,2025,8,16,228,33,202,0,-0.70368,-0.71052,0.99995,0.00968,2177,4585,6,-0.0959,0.00275,134,0,252,325,325,3,209,1,331,29.4,32.9,26.2,0.3,81.0,6.7,27.8,85.0,5.4,28.0,88.0,6.6,28.0,86.0,5.1,29.4,83.0,6.3,29.5,84.0,7.4,27.3,89.0,5.4,32.2,97.4,207.7,241.3,28.26,91.75,247,4,0,367,0,0,364,2,0,279,2,0
2025-08-17,2025,8,17,229,33,466,1,-0.7158,-0.69831,0.99969,-0.02473,2195,4708,4,-0.1265,0.00182,202,0,134,252,448,3,343,0,409,28.8,31.9,26.1,9.9,85.0,5.8,29.2,80.0,6.5,28.6,85.0,6.3,28.0,89.0,5.7,29.1,83.0,5.1,28.9,88.0,6.4,27.5,87.0,5.2,40.8,99.7,203.2,249.7,28.27,93.95,430,1,1,568,4,1,580,3,1,685,3,1
2025-08-18,2025,8,18,230,34,380,0,-0.7277,-0.68589,0.99825,-0.0591,2141,4693,3,-0.161,0.0014,466,1,202,134,434,1,395,2,394,29.3,32.6,26.5,0.4,78.0,6.1,29.8,77.0,7.2,27.5,91.0,3.9,27.4,90.0,6.1,29.8,84.0,6.5,27.0,89.0,4.2,26.8,90.0,4.2,41.2,88.4,184.8,248.8,28.4,83.69,412,3,1,552,0,1,573,2,1,636,5,1
2025-08-19,2025,8,19,231,34,357,0,-0.73939,-0.67327,0.99563,-0.0934,2116,4731,2,-0.1907,0.00094,380,0,466,202,382,1,319,3,393,28.3,31.7,25.9,8.3,82.0,5.8,29.7,79.0,7.2,27.1,90.0,7.1,27.6,88.0,5.5,30.1,82.0,6.2,27.6,88.0,6.0,25.8,94.0,3.0,47.5,74.6,170.6,254.1,28.49,70.85,470,0,1,473,3,1,487,0,1,665,1,1
2025-08-20,2025,8,20,232,34,356,0,-0.75086,-0.66046,0.99183,-0.12759,2147,4659,1,-0.1452,0.00047,357,0,380,466,325,1,428,3,386,27.5,29.7,25.5,7.6,85.0,4.2,27.6,89.0,4.6,28.1,85.0,7.2,27.9,87.0,4.6,30.9,78.0,8.6,28.5,86.0,6.3,25.7,95.0,2.9,39.0,76.8,171.9,257.9,28.44,72.81,430,0,1,445,2,1,625,2,1,622,5,1
2025-08-21,2025,8,21,233,34,311,5,-0.76211,-0.64744,0.98685,-0.16164,2206,4562,6,-0.0636,0.00272,356,0,357,380,252,0,408,3,278,27.3,29.9,24.9,6.4,86.0,5.0,27.7,87.0,5.5,28.0,86.0,5.9,27.2,88.0,5.4,29.3,84.0,7.1,28.4,87.0,5.8,26.7,89.0,5.4,40.1,80.0,169.0,254.1,28.39,75.71,432,0,1,363,3,0,586,6,1,647,6,1
2025-08-22,2025,8,22,234,34,173,0,-0.77314,-0.63424,0.98071,-0.19549,2245,4545,6,-0.0239,0.00267,311,5,356,357,134,0,190,0,138,27.0,30.2,24.5,6.8,88.0,5.7,28.5,86.0,6.7,26.6,88.0,2.9,28.1,87.0,6.5,28.6,82.0,5.1,28.5,87.0,6.0,28.2,84.0,6.5,39.7,76.7,164.1,255.2,28.42,72.66,165,0,0,158,0,0,245,0,0,248,0,0
2025-08-23,2025,8,23,235,34,247,4,-0.78393,-0.62084,0.9734,-0.2291,2290,4467,10,0.0519,0.00436,173,0,311,356,202,0,325,3,209,27.1,30.1,25.1,7.2,87.0,5.0,29.4,81.0,6.7,27.8,85.0,5.4,28.0,88.0,6.6,28.0,86.0,5.1,29.4,83.0,6.3,29.5,84.0,7.4,46.6,78.8,144.0,254.3,28.37,74.52,367,0,0,364,2,0,279,2,0,382,0,0
2025-08-24,2025,8,24,236,34,430,1,-0.7945,-0.60727,0.96495,-0.26245,2254,4449,10,0.0269,0.00443,247,4,173,311,466,1,448,3,343,27.7,31.2,24.7,3.1,85.0,6.5,28.8,85.0,5.8,29.2,80.0,6.5,28.6,85.0,6.3,28.0,89.0,5.7,29.1,83.0,5.1,28.9,88.0,6.4,39.8,80.6,139.5,243.0,28.26,75.93,568,4,1,580,3,1,685,3,1,740,12,1
2025-08-25,2025,8,25,237,35,412,3,-0.80483,-0.59351,0.95535,-0.29549,2286,4427,13,0.0677,0.00568,430,1,247,173,380,0,434,1,395,28.8,32.8,25.2,1.0,80.0,7.6,29.3,78.0,6.1,29.8,77.0,7.2,27.5,91.0,3.9,27.4,90.0,6.1,29.8,84.0,6.5,27.0,89.0,4.2,40.4,81.6,128.8,225.2,28.19,76.68,552,0,1,573,2,1,636,5,1,678,2,1
2025-08-26,2025,8,26,238,35,470,0,-0.81492,-0.57958,0.94462,-0.32818,2399,4515,13,0.1337,0.00542,412,3,430,247,357,0,382,1,319,29.6,33.5,25.9,1.4,79.0,7.6,28.3,82.0,5.8,29.7,79.0,7.2,27.1,90.0,7.1,27.6,88.0,5.5,30.1,82.0,6.2,27.6,88.0,6.0,33.5,81.0,108.1,204.1,28.19,76.11,473,3,1,487,0,1,665,1,1,664,1,1
2025-08-27,2025,8,27,239,35,430,0,-0.82477,-0.56548,0.93277,-0.36047,2473,4620,13,0.1518,0.00525,470,0,412,430,356,0,325,1,428,29.6,33.5,26.3,1.9,76.0,7.2,27.5,85.0,4.2,27.6,89.0,4.6,28.1,85.0,7.2,27.9,87.0,4.6,30.9,78.0,8.6,28.5,86.0,6.3,27.8,66.8,104.6,199.7,28.33,63.08,445,2,1,625,2,1,622,5,1,668,5,1
2025-08-28,2025,8,28,240,35,432,0,-0.83437,-0.5512,0.91982,-0.39235,2594,4800,8,0.1758,0.00308,430,0,470,412,311,5,252,0,408,28.5,31.8,25.3,4.5,80.0,6.5,27.3,86.0,5.0,27.7,87.0,5.5,28.0,86.0,5.9,27.2,88.0,5.4,29.3,84.0,7.1,28.4,87.0,5.8,25.9,66.0,105.9,194.9,28.39,62.46,363,3,0,586,6,1,647,6,1,632,1,1
2025-08-29,2025,8,29,241,35,165,0,-0.84373,-0.53677,0.90578,-0.42375,2586,4831,8,0.1518,0.00309,432,0,430,470,173,0,134,0,190,28.0,31.8,25.9,22.9,85.0,5.9,27.0,88.0,5.7,28.5,86.0,6.7,26.6,88.0,2.9,28.1,87.0,6.5,28.6,82.0,5.1,28.5,87.0,6.0,42.0,81.7,118.7,206.1,28.35,77.21,158,0,0,245,0,0,248,0,0,219,0,0
2025-08-30,2025,8,30,242,35,367,0,-0.85284,-0.52218,0.89066,-0.45466,2706,4996,4,0.1816,0.00148,165,0,432,430,247,4,202,0,325,28.2,31.9,25.7,7.2,86.0,6.2,27.1,87.0,5.0,29.4,81.0,6.7,27.8,85.0,5.4,28.0,88.0,6.6,28.0,86.0,5.1,29.4,83.0,6.3,42.0,88.6,120.8,186.0,28.26,83.46,364,2,0,279,2,0,382,0,0,514,0,1
2025-08-31,2025,8,31,243,35,568,4,-0.86169,-0.50743,0.8745,-0.48503,2844,5098,7,0.2616,0.00246,367,0,165,432,430,1,466,1,448,29.5,33.6,26.0,1.1,81.0,7.6,27.7,85.0,6.5,28.8,85.0,5.8,29.2,80.0,6.5,28.6,85.0,6.3,28.0,89.0,5.7,29.1,83.0,5.1,40.0,79.8,120.6,179.5,28.31,75.3,580,3,1,685,3,1,740,12,1,845,4,1
2025-09-01,2025,9,1,244,36,552,0,-0.87029,-0.49253,0.8573,-0.51482,2984,5270,4,0.3052,0.00134,568,4,367,165,412,3,380,0,434,32.1,37.5,26.6,0.0,70.0,10.9,28.8,80.0,7.6,29.3,78.0,6.1,29.8,77.0,7.2,27.5,91.0,3.9,27.4,90.0,6.1,29.8,84.0,6.5,39.0,79.4,120.6,167.8,28.51,75.46,573,2,1,636,5,1,678,2,1,734,3,1
2025-09-02,2025,9,2,245,36,473,3,-0.87864,-0.47749,0.83908,-0.54401,2987,5386,7,0.245,0.00234,552,0,568,367,470,0,357,0,382,30.5,34.1,26.9,2.2,70.0,7.2,29.6,79.0,7.6,28.3,82.0,5.8,29.7,79.0,7.2,27.1,90.0,7.1,27.6,88.0,5.5,30.1,82.0,6.2,39.8,73.3,120.8,147.9,28.67,70.05,487,0,1,665,1,1,664,1,1,553,3,1
2025-09-03,2025,9,3,246,36,445,2,-0.88672,-0.4623,0.81987,-0.57255,3002,5475,9,0.2138,0.003,473,3,552,568,430,0,356,0,325,30.5,35.1,27.4,2.3,69.0,7.7,29.6,76.0,7.2,27.5,85.0,4.2,27.6,89.0,4.6,28.1,85.0,7.2,27.9,87.0,4.6,30.9,78.0,8.6,40.2,68.0,107.0,144.8,28.89,65.48,625,2,1,622,5,1,668,5,1,490,2,1
2025-09-04,2025,9,4,247,36,363,3,-0.89454,-0.44698,0.79969,-0.60041,2933,5527,12,0.1306,0.00409,445,2,473,552,432,0,311,5,252,28.7,32.2,25.6,8.4,81.0,6.6,28.5,80.0,6.5,27.3,86.0,5.0,27.7,87.0,5.5,28.0,86.0,5.9,27.2,88.0,5.4,29.3,84.0,7.1,44.1,70.0,110.1,150.0,28.99,67.64,586,6,1,647,6,1,632,1,1,396,2,1
2025-09-05,2025,9,5,248,36,158,0,-0.9021,-0.43153,0.77856,-0.62756,2926,5512,12,0.1314,0.0041,363,3,445,473,165,0,173,0,134,30.1,34.6,26.1,0.9,75.0,8.5,28.0,85.0,5.9,27.0,88.0,5.7,28.5,86.0,6.7,26.6,88.0,2.9,28.1,87.0,6.5,28.6,82.0,5.1,22.1,64.1,103.8,140.8,29.21,62.41,245,0,0,248,0,0,219,0,0,263,0,0
2025-09-06,2025,9,6,249,36,364,2,-0.90939,-0.41595,0.75652,-0.65397,2923,5629,14,0.0802,0.00479,158,0,363,445,367,0,247,4,202,31.9,36.8,26.9,0.2,65.0,9.9,28.2,86.0,6.2,27.1,87.0,5.0,29.4,81.0,6.7,27.8,85.0,5.4,28.0,88.0,6.6,28.0,86.0,5.1,15.1,57.1,103.7,135.9,29.55,56.24,279,2,0,382,0,0,514,0,1,374,1,0
2025-09-07,2025,9,7,250,36,580,3,-0.91641,-0.40024,0.73357,-0.67961,2935,5779,13,0.032,0.00443,364,2,158,363,568,4,430,1,466,30.1,34.0,27.7,2.2,73.0,6.3,29.5,81.0,7.6,27.7,85.0,6.5,28.8,85.0,5.8,29.2,80.0,6.5,28.6,85.0,6.3,28.0,89.0,5.7,16.2,56.2,96.0,136.8,29.72,55.68,685,3,1,740,12,1,845,4,1,1042,9,1
2025-09-08,2025,9,8,251,37,573,2,-0.92316,-0.38442,0.70976,-0.70444,2956,5940,15,-0.0094,0.00507,580,3,364,158,552,0,412,3,380,30.4,35.9,27.4,10.7,73.0,8.5,32.1,70.0,10.9,28.8,80.0,7.6,29.3,78.0,6.1,29.8,77.0,7.2,27.5,91.0,3.9,27.4,90.0,6.1,26.9,65.9,106.3,147.5,29.84,65.55,636,5,1,678,2,1,734,3,1,782,3,1
2025-09-09,2025,9,9,252,37,487,0,-0.92963,-0.36848,0.68511,-0.72844,2970,5957,12,-0.0057,0.00404,573,2,580,364,473,3,470,0,357,31.4,35.7,28.0,0.6,69.0,7.7,30.5,70.0,7.2,29.6,79.0,7.6,28.3,82.0,5.8,29.7,79.0,7.2,27.1,90.0,7.1,27.6,88.0,5.5,25.3,65.1,98.6,146.1,29.96,65.01,665,1,1,664,1,1,553,3,1,715,2,1
2025-09-10,2025,9,10,253,37,625,2,-0.93583,-0.35244,0.65965,-0.75157,3150,6152,12,0.0493,0.00381,487,0,573,580,445,2,430,0,356,30.5,35.0,26.0,8.8,72.0,9.0,30.5,69.0,7.7,29.6,76.0,7.2,27.5,85.0,4.2,27.6,89.0,4.6,28.1,85.0,7.2,27.9,87.0,4.6,31.8,72.0,99.8,138.8,30.03,72.07,622,5,1,668,5,1,490,2,1,700,3,1
2025-09-11,2025,9,11,254,37,586,6,-0.94176,-0.33629,0.63341,-0.77382,3373,6306,15,0.15,0.00445,625,2,487,573,363,3,432,0,311,29.3,33.0,26.8,3.4,82.0,6.2,28.7,81.0,6.6,28.5,80.0,6.5,27.3,86.0,5.0,27.7,87.0,5.5,28.0,86.0,5.9,27.2,88.0,5.4,26.8,70.9,96.8,136.9,30.09,71.11,647,6,1,632,1,1,396,2,1,781,4,1
2025-09-12,2025,9,12,255,37,245,0,-0.9474,-0.32004,0.60641,-0.79515,3460,6386,15,0.1824,0.00433,586,6,625,487,158,0,165,0,173,28.0,31.3,25.5,9.8,87.0,5.8,30.1,75.0,8.5,28.0,85.0,5.9,27.0,88.0,5.7,28.5,86.0,6.7,26.6,88.0,2.9,28.1,87.0,6.5,35.7,57.8,99.8,139.5,30.09,57.97,248,0,0,219,0,0,263,0,0,308,0,0
2025-09-13,2025,9,13,256,37,279,2,-0.95277,-0.3037,0.5787,-0.81554,3375,6298,15,0.1546,0.00444,245,0,586,625,364,2,367,0,247,28.2,32.2,25.7,3.9,87.0,6.5,31.9,65.0,9.9,28.2,86.0,6.2,27.1,87.0,5.0,29.4,81.0,6.7,27.8,85.0,5.4,28.0,88.0,6.6,39.4,54.5,96.5,143.1,30.09,54.66,382,0,0,514,0,1,374,1,0,413,1,1
2025-09-14,2025,9,14,257,37,685,3,-0.95785,-0.28726,0.55031,-0.83496,3480,6415,15,0.1856,0.00431,279,2,245,586,580,3,568,4,430,27.0,28.2,25.5,13.7,92.0,2.7,30.1,73.0,6.3,29.5,81.0,7.6,27.7,85.0,6.5,28.8,85.0,5.8,29.2,80.0,6.5,28.6,85.0,6.3,50.9,67.1,107.1,146.9,29.91,66.9,740,12,1,845,4,1,1042,9,1,953,5,1
2025-09-15,2025,9,15,258,38,636,5,-0.96265,-0.27074,0.52126,-0.8534,3543,6499,18,0.1985,0.00508,685,3,279,245,573,2,552,0,412,26.5,29.5,24.3,4.8,90.0,5.2,30.4,73.0,8.5,32.1,70.0,10.9,28.8,80.0,7.6,29.3,78.0,6.1,29.8,77.0,7.2,27.5,91.0,3.9,45.0,71.9,110.9,151.3,29.51,70.73,678,2,1,734,3,1,782,3,1,857,3,1
2025-09-16,2025,9,16,259,38,665,1,-0.96717,-0.25414,0.4916,-0.87082,3721,6691,19,0.2528,0.0051,636,5,685,279,487,0,473,3,470,26.6,30.2,25.1,6.7,90.0,5.1,31.4,69.0,7.7,30.5,70.0,7.2,29.6,79.0,7.6,28.3,82.0,5.8,29.7,79.0,7.2,27.1,90.0,7.1,51.1,76.4,116.2,149.7,29.23,74.44,664,1,1,553,3,1,715,2,1,841,5,1
2025-09-17,2025,9,17,260,38,622,5,-0.9714,-0.23747,0.46135,-0.88722,3718,6868,22,0.1803,0.00592,665,1,636,685,625,2,445,2,430,27.6,31.4,25.3,10.2,87.0,6.1,30.5,72.0,9.0,30.5,69.0,7.7,29.6,76.0,7.2,27.5,85.0,4.2,27.6,89.0,4.6,28.1,85.0,7.2,52.5,84.3,124.5,152.3,29.02,81.55,668,5,1,490,2,1,700,3,1,758,4,1
2025-09-18,2025,9,18,261,38,647,6,-0.97534,-0.22072,0.43056,-0.90256,3779,7152,22,0.1203,0.00582,622,5,665,636,586,6,363,3,432,27.9,31.4,26.0,9.2,87.0,5.4,29.3,82.0,6.2,28.7,81.0,6.6,28.5,80.0,6.5,27.3,86.0,5.0,27.7,87.0,5.5,28.0,86.0,5.9,58.3,85.1,129.2,155.1,28.96,82.15,632,1,1,396,2,1,781,4,1,755,1,1
2025-09-19,2025,9,19,262,38,248,0,-0.97899,-0.20391,0.39926,-0.91684,3782,7242,22,0.093,0.00582,647,6,622,665,245,0,158,0,165,28.4,31.6,25.5,7.8,87.0,6.1,28.0,87.0,5.8,30.1,75.0,8.5,28.0,85.0,5.9,27.0,88.0,5.7,28.5,86.0,6.7,26.6,88.0,2.9,56.3,92.0,114.1,156.1,28.84,88.44,219,0,0,263,0,0,308,0,0,510,0,1
2025-09-20,2025,9,20,263,38,382,0,-0.98235,-0.18704,0.36748,-0.93003,3885,7260,20,0.1511,0.00515,248,0,647,622,279,2,364,2,367,28.6,32.3,25.8,4.2,87.0,6.5,28.2,87.0,6.5,31.9,65.0,9.9,28.2,86.0,6.2,27.1,87.0,5.0,29.4,81.0,6.7,27.8,85.0,5.4,56.6,96.0,111.1,153.1,28.61,91.55,514,0,1,374,1,0,413,1,1,619,1,1
2025-09-21,2025,9,21,264,38,740,12,-0.98542,-0.17012,0.33528,-0.94212,3940,7420,29,0.1321,0.00736,382,0,248,647,685,3,580,3,568,29.6,33.7,25.9,6.2,84.0,7.8,27.0,92.0,2.7,30.1,73.0,6.3,29.5,81.0,7.6,27.7,85.0,6.5,28.8,85.0,5.8,29.2,80.0,6.5,49.1,100.0,116.2,156.2,28.57,95.23,845,4,1,1042,9,1,953,5,1,950,1,1
2025-09-22,2025,9,22,265,39,678,2,-0.9882,-0.15314,0.30267,-0.9531,3982,7525,26,0.1239,0.00653,740,12,382,248,636,5,573,2,552,27.5,30.2,25.7,18.6,88.0,4.5,26.5,90.0,5.2,30.4,73.0,8.5,32.1,70.0,10.9,28.8,80.0,7.6,29.3,78.0,6.1,29.8,77.0,7.2,62.9,107.9,134.8,173.8,28.36,102.0,734,3,1,782,3,1,857,3,1,942,4,1
2025-09-23,2025,9,23,266,39,664,1,-0.99069,-0.13612,0.26971,-0.96294,3981,7702,26,0.0699,0.00653,678,2,740,382,665,1,487,0,473,28.4,31.7,25.6,1.6,83.0,6.1,26.6,90.0,5.1,31.4,69.0,7.7,30.5,70.0,7.2,29.6,79.0,7.6,28.3,82.0,5.8,29.7,79.0,7.2,57.8,108.9,134.2,174.0,28.15,102.18,553,3,1,715,2,1,841,5,1,814,4,1
2025-09-24,2025,9,24,267,39,668,5,-0.99289,-0.11906,0.23642,-0.97165,4027,7745,26,0.0831,0.00645,664,1,678,740,622,5,625,2,445,28.6,33.1,25.7,13.9,85.0,7.4,27.6,87.0,6.1,30.5,72.0,9.0,30.5,69.0,7.7,29.6,76.0,7.2,27.5,85.0,4.2,27.6,89.0,4.6,61.5,114.0,145.8,186.0,28.01,106.44,490,2,1,700,3,1,758,4,1,762,2,1
2025-09-25,2025,9,25,268,39,632,1,-0.99479,-0.10196,0.20286,-0.97921,4012,7791,21,0.0616,0.00523,668,5,664,678,647,6,586,6,363,29.1,33.6,24.7,3.4,82.0,8.9,27.9,87.0,5.4,29.3,82.0,6.2,28.7,81.0,6.6,28.5,80.0,6.5,27.3,86.0,5.0,27.7,87.0,5.5,55.7,114.0,140.8,184.9,28.0,106.4,396,2,1,781,4,1,755,1,1,803,4,1
2025-09-26,2025,9,26,269,39,219,0,-0.9964,-0.08483,0.16906,-0.98561,3983,7765,21,0.0531,0.00527,632,1,668,664,248,0,245,0,158,29.6,33.7,26.6,5.0,81.0,7.1,28.4,87.0,6.1,28.0,87.0,5.8,30.1,75.0,8.5,28.0,85.0,5.9,27.0,88.0,5.7,28.5,86.0,6.7,52.9,109.2,144.9,167.0,28.11,102.32,263,0,0,308,0,0,510,0,1,468,0,1
2025-09-27,2025,9,27,270,39,514,0,-0.99771,-0.06768,0.13506,-0.99084,4115,8000,21,0.0592,0.0051,219,0,632,668,382,0,279,2,364,28.8,32.7,26.5,4.5,83.0,6.2,28.6,87.0,6.5,28.2,87.0,6.5,31.9,65.0,9.9,28.2,86.0,6.2,27.1,87.0,5.0,29.4,81.0,6.7,53.2,109.8,149.2,164.3,28.16,103.07,374,1,0,413,1,1,619,1,1,659,0,1
2025-09-28,2025,9,28,271,39,845,4,-0.99872,-0.05051,0.10089,-0.9949,4220,8160,13,0.071,0.00308,514,0,219,632,740,12,685,3,580,29.7,33.9,26.3,0.8,79.0,7.6,29.6,84.0,7.8,27.0,92.0,2.7,30.1,73.0,6.3,29.5,81.0,7.6,27.7,85.0,6.5,28.8,85.0,5.8,47.8,96.9,147.8,164.0,28.35,91.57,1042,9,1,953,5,1,950,1,1,1143,4,1
2025-09-29,2025,9,29,272,40,734,3,-0.99944,-0.03332,0.06661,-0.99778,4276,8258,14,0.0738,0.00327,845,4,514,219,678,2,636,5,573,31.0,35.2,26.9,1.1,71.0,8.3,27.5,88.0,4.5,26.5,90.0,5.2,30.4,73.0,8.5,32.1,70.0,10.9,28.8,80.0,7.6,29.3,78.0,6.1,30.3,93.2,138.2,165.1,28.67,89.07,782,3,1,857,3,1,942,4,1,983,6,1
2025-09-30,2025,9,30,273,40,553,3,-0.99987,-0.01613,0.03225,-0.99948,4165,8146,16,0.0462,0.00384,734,3,845,514,664,1,665,1,487,30.2,34.9,27.6,9.9,77.0,7.3,28.4,83.0,6.1,26.6,90.0,5.1,31.4,69.0,7.7,30.5,70.0,7.2,29.6,79.0,7.6,28.3,82.0,5.8,38.6,96.4,147.5,172.8,28.93,92.96,715,2,1,841,5,1,814,4,1,1041,4,1
2025-10-01,2025,10,1,274,40,490,2,-1.0,0.00108,-0.00215,-1.0,3987,8014,13,-0.0099,0.00326,553,3,734,845,668,5,622,5,625,26.5,30.6,25.0,23.2,89.0,5.6,28.6,85.0,7.4,27.6,87.0,6.1,30.5,72.0,9.0,30.5,69.0,7.7,29.6,76.0,7.2,27.5,85.0,4.2,47.9,109.4,161.9,193.7,28.85,105.21,700,3,1,758,4,1,762,2,1,964,2,1
2025-10-02,2025,10,2,275,40,396,2,-0.99983,0.01828,-0.03655,-0.99933,3751,7763,14,-0.065,0.00373,490,2,553,734,632,1,647,6,586,26.2,28.6,24.5,37.3,91.0,4.1,29.1,82.0,8.9,27.9,87.0,5.4,29.3,82.0,6.2,28.7,81.0,6.6,28.5,80.0,6.5,27.3,86.0,5.0,81.8,137.5,195.8,222.6,28.73,131.68,781,4,1,755,1,1,803,4,1,928,3,1
2025-10-03,2025,10,3,276,40,263,0,-0.99937,0.03547,-0.0709,-0.99748,3795,7778,14,-0.0472,0.00369,396,2,490,553,219,0,248,0,245,26.8,30.9,25.3,19.4,90.0,5.6,29.6,81.0,7.1,28.4,87.0,6.1,28.0,87.0,5.8,30.1,75.0,8.5,28.0,85.0,5.9,27.0,88.0,5.7,96.2,149.1,205.4,241.1,28.61,142.19,308,0,0,510,0,1,468,0,1,506,0,1
2025-10-04,2025,10,4,277,40,374,1,-0.99861,0.05266,-0.10517,-0.99445,3655,7770,15,-0.1118,0.0041,263,0,396,490,514,0,382,0,279,27.6,31.9,25.3,4.4,86.0,6.6,28.8,83.0,6.2,28.6,87.0,6.5,28.2,87.0,6.5,31.9,65.0,9.9,28.2,86.0,6.2,27.1,87.0,5.0,96.1,149.3,205.9,245.3,28.54,142.03,413,1,1,619,1,1,659,0,1,651,0,1
2025-10-05,2025,10,5,278,40,1042,9,-0.99756,0.06983,-0.13932,-0.99025,3852,8072,20,-0.0872,0.00519,374,1,263,396,845,4,740,12,685,27.1,31.4,25.0,21.3,89.0,6.4,29.7,79.0,7.6,29.6,84.0,7.8,27.0,92.0,2.7,30.1,73.0,6.3,29.5,81.0,7.6,27.7,85.0,6.5,116.6,164.4,213.5,264.4,28.36,155.41,953,5,1,950,1,1,1143,4,1,1162,5,1
2025-10-06,2025,10,6,279,41,782,3,-0.99621,0.08698,-0.1733,-0.98487,3900,8176,20,-0.0879,0.00513,1042,9,374,263,734,3,678,2,636,26.6,31.1,25.1,13.9,90.0,6.0,31.0,71.0,8.3,27.5,88.0,4.5,26.5,90.0,5.2,30.4,73.0,8.5,32.1,70.0,10.9,28.8,80.0,7.6,129.4,159.7,222.6,267.6,28.3,150.65,857,3,1,942,4,1,983,6,1,1147,5,1
2025-10-07,2025,10,7,280,41,715,2,-0.99457,0.1041,-0.20707,-0.97833,4062,8227,19,-0.0247,0.00468,782,3,1042,374,553,3,664,1,665,26.3,30.7,24.7,19.5,91.0,6.0,30.2,77.0,7.3,28.4,83.0,6.1,26.6,90.0,5.1,31.4,69.0,7.7,30.5,70.0,7.2,29.6,79.0,7.6,139.0,177.6,235.4,286.5,28.15,166.65,841,5,1,814,4,1,1041,4,1,1101,4,1
2025-10-08,2025,10,8,281,41,700,3,-0.99263,0.12119,-0.2406,-0.97062,4272,8259,20,0.0715,0.00468,715,2,782,1042,490,2,668,5,622,27.3,31.1,24.1,4.3,86.0,7.0,26.5,89.0,5.6,28.6,85.0,7.4,27.6,87.0,6.1,30.5,72.0,9.0,30.5,69.0,7.7,29.6,76.0,7.2,120.1,168.0,229.5,282.0,28.06,157.14,758,4,1,762,2,1,964,2,1,1069,10,1
2025-10-09,2025,10,9,282,41,781,4,-0.9904,0.13825,-0.27385,-0.96177,4657,8408,22,0.2415,0.00472,700,3,715,782,396,2,632,1,647,27.3,30.6,25.1,4.8,88.0,5.5,26.2,91.0,4.1,29.1,82.0,8.9,27.9,87.0,5.4,29.3,82.0,6.2,28.7,81.0,6.6,28.5,80.0,6.5,87.6,169.4,225.1,283.4,27.93,157.71,755,1,1,803,4,1,928,3,1,1034,5,1
2025-10-10,2025,10,10,283,41,308,0,-0.98787,0.15527,-0.30677,-0.95178,4702,8497,22,0.2389,0.00468,781,4,700,715,263,0,219,0,248,27.2,31.3,25.2,17.1,88.0,6.1,26.8,90.0,5.6,29.6,81.0,7.1,28.4,87.0,6.1,28.0,87.0,5.8,30.1,75.0,8.5,28.0,85.0,5.9,85.3,181.5,234.4,290.7,27.76,167.95,510,0,1,468,0,1,506,0,1,488,0,1
2025-10-11,2025,10,11,284,41,413,1,-0.98506,0.17224,-0.33932,-0.94067,4741,8396,22,0.297,0.00464,308,0,781,700,374,1,514,0,382,26.5,30.2,24.6,10.3,90.0,5.6,27.6,86.0,6.6,28.8,83.0,6.2,28.6,87.0,6.5,28.2,87.0,6.5,31.9,65.0,9.9,28.2,86.0,6.2,91.2,187.3,240.5,297.1,27.59,172.25,619,1,1,659,0,1,651,0,1,834,0,1
2025-10-12,2025,10,12,285,41,953,5,-0.98195,0.18916,-0.37148,-0.92844,4652,8504,18,0.2076,0.00387,413,1,308,781,1042,9,845,4,740,27.1,30.8,24.2,0.3,82.0,6.6,27.1,89.0,6.4,29.7,79.0,7.6,29.6,84.0,7.8,27.0,92.0,2.7,30.1,73.0,6.3,29.5,81.0,7.6,70.2,186.8,234.6,283.7,27.41,170.67,950,1,1,1143,4,1,1162,5,1,1195,6,1
2025-10-13,2025,10,13,286,42,857,3,-0.97855,0.20602,-0.4032,-0.91511,4727,8627,18,0.212,0.00381,953,5,413,308,782,3,734,3,678,27.4,31.4,23.9,0.0,78.0,7.5,26.6,90.0,6.0,31.0,71.0,8.3,27.5,88.0,4.5,26.5,90.0,5.2,30.4,73.0,8.5,32.1,70.0,10.9,56.3,185.7,216.0,278.9,27.15,168.06,942,4,1,983,6,1,1147,5,1,1179,2,1
2025-10-14,2025,10,14,287,42,841,5,-0.97486,0.22282,-0.43444,-0.9007,4853,8915,21,0.1947,0.00433,857,3,953,413,715,2,553,3,664,27.6,31.8,23.8,0.0,77.0,8.0,26.3,91.0,6.0,30.2,77.0,7.3,28.4,83.0,6.1,26.6,90.0,5.1,31.4,69.0,7.7,30.5,70.0,7.2,36.8,175.8,214.4,272.2,26.96,157.99,814,4,1,1041,4,1,1101,4,1,912,3,1
2025-10-15,2025,10,15,288,42,758,4,-0.97088,0.23956,-0.46516,-0.88523,4911,9183,22,0.1495,0.00448,841,5,857,953,700,3,490,2,668,27.8,32.1,24.3,0.0,78.0,7.8,27.3,86.0,7.0,26.5,89.0,5.6,28.6,85.0,7.4,27.6,87.0,6.1,30.5,72.0,9.0,30.5,69.0,7.7,32.5,152.6,200.5,262.0,27.06,137.65,762,2,1,964,2,1,1069,10,1,1139,5,1
2025-10-16,2025,10,16,289,42,755,1,-0.96662,0.25622,-0.49534,-0.8687,4885,9542,19,0.0489,0.00389,758,4,841,857,781,4,396,2,632,28.3,32.3,24.6,0.0,76.0,7.7,27.3,88.0,5.5,26.2,91.0,4.1,29.1,82.0,8.9,27.9,87.0,5.4,29.3,82.0,6.2,28.7,81.0,6.6,27.7,115.3,197.1,252.8,27.21,104.58,803,4,1,928,3,1,1034,5,1,833,3,1
2025-10-17,2025,10,17,290,42,510,0,-0.96207,0.27281,-0.52493,-0.85115,5087,9789,19,0.0819,0.00373,755,1,758,841,308,0,263,0,219,28.5,32.6,24.8,1.4,79.0,7.8,27.2,88.0,6.1,26.8,90.0,5.6,29.6,81.0,7.1,28.4,87.0,6.1,28.0,87.0,5.8,30.1,75.0,8.5,12.0,97.3,193.5,246.4,27.33,88.64,468,0,1,506,0,1,488,0,1,460,0,1
2025-10-18,2025,10,18,291,42,619,1,-0.95723,0.28932,-0.55389,-0.83259,5293,10034,19,0.1164,0.00359,510,0,755,758,413,1,374,1,514,29.0,33.8,24.8,1.6,74.0,9.0,26.5,90.0,5.6,27.6,86.0,6.6,28.8,83.0,6.2,28.6,87.0,6.5,28.2,87.0,6.5,31.9,65.0,9.9,3.3,94.5,190.6,243.8,27.43,86.4,659,0,1,651,0,1,834,0,1,792,5,1
2025-10-19,2025,10,19,292,42,950,1,-0.95211,0.30574,-0.5822,-0.81304,5290,9942,15,0.1371,0.00284,619,1,510,755,953,5,1042,9,845,29.3,34.0,25.3,0.0,70.0,8.7,27.1,82.0,6.6,27.1,89.0,6.4,29.7,79.0,7.6,29.6,84.0,7.8,27.0,92.0,2.7,30.1,73.0,6.3,3.0,73.2,189.8,237.6,27.59,67.32,1143,4,1,1162,5,1,1195,6,1,1139,5,1
2025-10-20,2025,10,20,293,43,942,4,-0.94671,0.32208,-0.60983,-0.79253,5375,10102,16,0.1371,0.00298,950,1,619,510,857,3,782,3,734,29.2,34.5,25.0,0.0,69.0,9.5,27.4,78.0,7.5,26.6,90.0,6.0,31.0,71.0,8.3,27.5,88.0,4.5,26.5,90.0,5.2,30.4,73.0,8.5,3.0,59.3,188.7,219.0,27.77,54.89,983,6,1,1147,5,1,1179,2,1,1007,3,1
2025-10-21,2025,10,21,294,43,814,4,-0.94103,0.33831,-0.63673,-0.77109,5348,10201,15,0.102,0.0028,942,4,950,619,841,5,715,2,553,29.0,34.1,24.1,0.0,68.0,10.0,27.6,77.0,8.0,26.3,91.0,6.0,30.2,77.0,7.3,28.4,83.0,6.1,26.6,90.0,5.1,31.4,69.0,7.7,3.0,39.8,178.8,217.4,27.96,37.09,1041,4,1,1101,4,1,912,3,1,920,4,1
2025-10-22,2025,10,22,295,43,762,2,-0.93507,0.35445,-0.66288,-0.74873,5352,10263,13,0.0898,0.00243,814,4,942,950,758,4,700,3,490,29.3,34.1,24.6,0.0,69.0,9.5,27.8,78.0,7.8,27.3,86.0,7.0,26.5,89.0,5.6,28.6,85.0,7.4,27.6,87.0,6.1,30.5,72.0,9.0,3.0,35.5,155.6,203.5,28.11,33.26,964,2,1,1069,10,1,1139,5,1,783,6,1
2025-10-23,2025,10,23,296,43,803,4,-0.92884,0.37048,-0.68824,-0.72549,5400,10285,16,0.1054,0.00296,762,2,814,942,755,1,781,4,396,29.2,34.1,24.9,0.0,69.0,9.2,28.3,76.0,7.7,27.3,88.0,5.5,26.2,91.0,4.1,29.1,82.0,8.9,27.9,87.0,5.4,29.3,82.0,6.2,3.0,30.7,118.3,200.1,28.24,28.9,928,3,1,1034,5,1,833,3,1,745,4,1
2025-10-24,2025,10,24,297,43,468,0,-0.92233,0.38641,-0.71279,-0.70138,5358,10445,16,0.0533,0.00299,803,4,762,814,510,0,308,0,263,29.5,33.5,25.5,0.0,65.0,8.0,28.5,79.0,7.8,27.2,88.0,6.1,26.8,90.0,5.6,29.6,81.0,7.1,28.4,87.0,6.1,28.0,87.0,5.8,1.6,13.6,98.9,195.1,28.41,12.88,506,0,1,488,0,1,460,0,1,436,0,1
2025-10-25,2025,10,25,298,43,659,0,-0.91555,0.40221,-0.73649,-0.67645,5398,10691,15,0.0198,0.00278,468,0,803,762,619,1,413,1,374,29.5,34.1,24.6,0.0,64.0,9.5,29.0,74.0,9.0,26.5,90.0,5.6,27.6,86.0,6.6,28.8,83.0,6.2,28.6,87.0,6.5,28.2,87.0,6.5,0.0,3.3,94.5,190.6,28.62,3.15,651,0,1,834,0,1,792,5,1,593,3,1
2025-10-26,2025,10,26,299,43,1143,4,-0.90849,0.4179,-0.75932,-0.65071,5591,10881,18,0.0569,0.00322,659,0,468,803,950,1,953,5,1042,29.7,33.8,25.4,0.0,64.0,8.4,29.3,70.0,8.7,27.1,82.0,6.6,27.1,89.0,6.4,29.7,79.0,7.6,29.6,84.0,7.8,27.0,92.0,2.7,0.0,3.0,73.2,189.8,28.81,2.88,1162,5,1,1195,6,1,1139,5,1,778,8,1
2025-10-27,2025,10,27,300,44,983,6,-0.90117,0.43347,-0.78126,-0.62421,5632,11007,20,0.0478,0.00355,1143,4,659,468,942,4,857,3,782,30.1,34.7,25.6,0.0,59.0,9.1,29.2,69.0,9.5,27.4,78.0,7.5,26.6,90.0,6.0,31.0,71.0,8.3,27.5,88.0,4.5,26.5,90.0,5.2,0.0,3.0,59.3,188.7,29.0,2.9,1147,5,1,1179,2,1,1007,3,1,705,2,1
2025-10-28,2025,10,28,301,44,1041,4,-0.89358,0.44891,-0.80227,-0.59697,5859,11207,20,0.0955,0.00341,983,6,1143,659,814,4,841,5,715,29.6,34.4,25.7,1.0,67.0,8.7,29.0,68.0,10.0,27.6,77.0,8.0,26.3,91.0,6.0,30.2,77.0,7.3,28.4,83.0,6.1,26.6,90.0,5.1,1.0,4.0,40.8,179.8,29.14,3.89,1101,4,1,912,3,1,920,4,1,633,1,1
2025-10-29,2025,10,29,302,44,964,2,-0.88572,0.46421,-0.82233,-0.56902,6061,11413,20,0.1324,0.0033,1041,4,983,1143,762,2,758,4,700,28.9,33.4,25.8,3.7,73.0,7.6,29.3,69.0,9.5,27.8,78.0,7.8,27.3,86.0,7.0,26.5,89.0,5.6,28.6,85.0,7.4,27.6,87.0,6.1,4.7,7.7,40.2,160.3,29.22,7.5,1069,10,1,1139,5,1,783,6,1,615,3,1
2025-10-30,2025,10,30,303,44,928,3,-0.87761,0.47938,-0.84141,-0.54039,6186,11586,19,0.1455,0.00307,964,2,1041,983,803,4,755,1,781,27.6,32.3,24.7,1.4,81.0,7.6,29.2,69.0,9.2,28.3,76.0,7.7,27.3,88.0,5.5,26.2,91.0,4.1,29.1,82.0,8.9,27.9,87.0,5.4,6.1,9.1,36.8,124.4,29.17,8.85,1034,5,1,833,3,1,745,4,1,567,7,1
2025-10-31,2025,10,31,304,44,506,0,-0.86923,0.4944,-0.8595,-0.51113,6224,11582,19,0.1616,0.00305,928,3,964,1041,468,0,510,0,308,28.9,33.3,25.3,0.3,76.0,8.0,29.5,65.0,8.0,28.5,79.0,7.8,27.2,88.0,6.1,26.8,90.0,5.6,29.6,81.0,7.1,28.4,87.0,6.1,6.4,8.0,20.0,105.3,29.2,7.79,488,0,1,460,0,1,436,0,1,410,0,1
2025-11-01,2025,11,1,305,44,651,0,-0.8606,0.50928,-0.87658,-0.48126,6216,11614,19,0.1515,0.00306,506,0,928,964,659,0,619,1,413,27.9,32.0,25.3,2.3,79.0,6.7,29.5,64.0,9.5,29.0,74.0,9.0,26.5,90.0,5.6,27.6,86.0,6.6,28.8,83.0,6.2,28.6,87.0,6.5,8.7,8.7,12.0,103.2,29.12,8.44,834,0,1,792,5,1,593,3,1,572,0,1
2025-11-02,2025,11,2,306,44,1162,5,-0.85171,0.52401,-0.89261,-0.45083,6235,11826,20,0.1152,0.00321,651,0,506,928,1143,4,950,1,953,26.7,30.3,24.5,5.0,82.0,5.8,29.7,64.0,8.4,29.3,70.0,8.7,27.1,82.0,6.6,27.1,89.0,6.4,29.7,79.0,7.6,29.6,84.0,7.8,13.7,13.7,16.7,86.9,28.94,13.22,1195,6,1,1139,5,1,778,8,1,636,5,1
2025-11-03,2025,11,3,307,45,1147,5,-0.84257,0.53858,-0.90759,-0.41986,6399,12031,19,0.1362,0.00297,1162,5,651,506,983,6,942,4,857,26.2,29.9,23.1,0.1,78.0,6.8,30.1,59.0,9.1,29.2,69.0,9.5,27.4,78.0,7.5,26.6,90.0,6.0,31.0,71.0,8.3,27.5,88.0,4.5,13.8,13.8,16.8,73.1,28.72,13.21,1179,2,1,1007,3,1,705,2,1,610,2,1
2025-11-04,2025,11,4,308,45,1101,4,-0.83318,0.553,-0.9215,-0.38839,6459,12318,19,0.1024,0.00294,1147,5,1162,651,1041,4,814,4,841,26.8,31.6,22.4,0.2,75.0,9.2,29.6,67.0,8.7,29.0,68.0,10.0,27.6,77.0,8.0,26.3,91.0,6.0,30.2,77.0,7.3,28.4,83.0,6.1,13.0,14.0,17.0,53.8,28.56,13.33,912,3,1,920,4,1,633,1,1,565,2,1
2025-11-05,2025,11,5,309,45,1069,10,-0.82355,0.56725,-0.93431,-0.35646,6564,12625,27,0.083,0.00411,1101,4,1147,1162,964,2,762,2,758,26.7,30.3,24.9,2.3,84.0,5.4,28.9,73.0,7.6,29.3,69.0,9.5,27.8,78.0,7.8,27.3,86.0,7.0,26.5,89.0,5.6,28.6,85.0,7.4,11.6,16.3,19.3,51.8,28.38,15.42,1139,5,1,783,6,1,615,3,1,490,5,1
2025-11-06,2025,11,6,310,45,1034,5,-0.81367,0.58133,-0.94602,-0.32411,6670,12856,29,0.0782,0.00435,1069,10,1101,1147,928,3,803,4,755,26.7,30.6,23.7,2.4,82.0,6.9,27.6,81.0,7.6,29.2,69.0,9.2,28.3,76.0,7.7,27.3,88.0,5.5,26.2,91.0,4.1,29.1,82.0,8.9,12.6,18.7,21.7,49.4,28.2,17.58,833,3,1,745,4,1,567,7,1,565,3,1
2025-11-07,2025,11,7,311,45,488,0,-0.80355,0.59524,-0.95661,-0.29138,6652,12876,29,0.0688,0.00436,1034,5,1069,1101,506,0,468,0,510,27.1,31.7,23.6,0.1,76.0,8.1,28.9,76.0,8.0,29.5,65.0,8.0,28.5,79.0,7.8,27.2,88.0,6.1,26.8,90.0,5.6,29.6,81.0,7.1,12.4,18.8,20.4,32.4,28.03,17.57,460,0,1,436,0,1,410,0,1,200,0,0
2025-11-08,2025,11,8,312,45,834,0,-0.79319,0.60897,-0.96606,-0.2583,6835,13051,29,0.0996,0.00424,488,0,1034,1069,651,0,659,0,619,26.6,31.8,23.0,0.0,66.0,8.8,27.9,79.0,6.7,29.5,64.0,9.5,29.0,74.0,9.0,26.5,90.0,5.6,27.6,86.0,6.6,28.8,83.0,6.2,10.1,18.8,18.8,22.1,27.82,17.43,792,5,1,593,3,1,572,0,1,486,0,1
2025-11-09,2025,11,9,313,45,1195,6,-0.7826,0.62253,-0.97438,-0.22492,6868,13103,30,0.1015,0.00437,834,0,488,1034,1162,5,1143,4,950,25.8,30.8,21.4,0.0,67.0,9.4,26.7,82.0,5.8,29.7,64.0,8.4,29.3,70.0,8.7,27.1,82.0,6.6,27.1,89.0,6.4,29.7,79.0,7.6,5.1,18.8,18.8,21.8,27.54,17.26,1139,5,1,778,8,1,636,5,1,516,2,1
2025-11-10,2025,11,10,314,46,1179,2,-0.77177,0.6359,-0.98154,-0.19127,6900,13299,27,0.0783,0.00391,1195,6,834,488,1147,5,983,6,942,26.3,31.0,23.1,0.0,66.0,7.9,26.2,78.0,6.8,30.1,59.0,9.1,29.2,69.0,9.5,27.4,78.0,7.5,26.6,90.0,6.0,31.0,71.0,8.3,5.0,18.8,18.8,21.8,27.27,17.09,1007,3,1,705,2,1,610,2,1,455,2,1
2025-11-11,2025,11,11,315,46,912,3,-0.76072,0.64908,-0.98754,-0.15739,6711,13170,26,0.039,0.00387,1179,2,1195,834,1101,4,1041,4,814,25.0,30.2,20.7,0.0,60.0,9.5,26.8,75.0,9.2,29.6,67.0,8.7,29.0,68.0,10.0,27.6,77.0,8.0,26.3,91.0,6.0,30.2,77.0,7.3,4.8,17.8,18.8,21.8,26.94,15.98,920,4,1,633,1,1,565,2,1,421,3,1
2025-11-12,2025,11,12,316,46,1139,5,-0.74944,0.66207,-0.99237,-0.12333,6781,13345,21,0.0331,0.0031,912,3,1179,1195,1069,10,964,2,762,24.2,29.9,19.5,0.0,58.0,10.4,26.7,84.0,5.4,28.9,73.0,7.6,29.3,69.0,9.5,27.8,78.0,7.8,27.3,86.0,7.0,26.5,89.0,5.6,2.5,14.1,18.8,21.8,26.61,12.51,783,6,1,615,3,1,490,5,1,377,0,0
2025-11-13,2025,11,13,317,46,833,3,-0.73794,0.67486,-0.99602,-0.08912,6580,13250,19,-0.0135,0.00289,1139,5,912,1179,1034,5,928,3,803,24.4,29.7,19.2,0.0,59.0,10.5,26.7,82.0,6.9,27.6,81.0,7.6,29.2,69.0,9.2,28.3,76.0,7.7,27.3,88.0,5.5,26.2,91.0,4.1,0.1,12.7,18.8,21.8,26.38,11.17,745,4,1,567,7,1,565,3,1,411,3,1
2025-11-14,2025,11,14,318,46,460,0,-0.72622,0.68746,-0.9985,-0.05481,6552,13204,19,-0.015,0.0029,833,3,1139,912,488,0,506,0,468,24.3,29.6,19.5,0.0,58.0,10.1,27.1,76.0,8.1,28.9,76.0,8.0,29.5,65.0,8.0,28.5,79.0,7.8,27.2,88.0,6.1,26.8,90.0,5.6,0.0,12.4,18.8,20.4,26.05,10.77,436,0,1,410,0,1,200,0,0,200,0,0
2025-11-15,2025,11,15,319,46,792,5,-0.71429,0.69985,-0.99979,-0.02043,6510,13345,24,-0.0475,0.00369,460,0,833,1139,834,0,651,0,659,24.2,29.2,19.3,0.0,60.0,9.9,26.6,66.0,8.8,27.9,79.0,6.7,29.5,64.0,9.5,29.0,74.0,9.0,26.5,90.0,5.6,27.6,86.0,6.6,0.0,10.1,18.8,18.8,25.79,8.68,593,3,1,572,0,1,486,0,1,397,0,1
2025-11-16,2025,11,16,320,46,1139,5,-0.70215,0.71203,-0.9999,0.01398,6454,13322,23,-0.0603,0.00356,792,5,460,833,1195,6,1162,5,1143,24.4,29.4,19.2,0.0,61.0,10.2,25.8,67.0,9.4,26.7,82.0,5.8,29.7,64.0,8.4,29.3,70.0,8.7,27.1,82.0,6.6,27.1,89.0,6.4,0.0,5.1,18.8,18.8,25.62,4.36,778,8,1,636,5,1,516,2,1,387,5,1
2025-11-17,2025,11,17,321,47,1007,3,-0.6898,0.724,-0.99883,0.04836,6282,13182,24,-0.0896,0.00382,1139,5,792,460,1179,2,1147,5,983,24.7,30.3,19.0,0.0,60.0,11.3,26.3,66.0,7.9,26.2,78.0,6.8,30.1,59.0,9.1,29.2,69.0,9.5,27.4,78.0,7.5,26.6,90.0,6.0,0.0,5.0,18.8,18.8,25.51,4.25,705,2,1,610,2,1,455,2,1,288,0,0
2025-11-18,2025,11,18,322,47,920,4,-0.67724,0.73576,-0.99658,0.08269,6290,13001,25,-0.0627,0.00397,1007,3,1139,792,912,3,1101,4,1041,25.4,31.2,19.6,0.0,58.0,11.6,25.0,60.0,9.5,26.8,75.0,9.2,29.6,67.0,8.7,29.0,68.0,10.0,27.6,77.0,8.0,26.3,91.0,6.0,0.0,4.8,17.8,18.8,25.41,4.07,633,1,1,565,2,1,421,3,1,116,0,0
2025-11-19,2025,11,19,323,47,783,6,-0.66448,0.7473,-0.99314,0.11692,5934,12715,26,-0.1249,0.00438,920,4,1007,1139,1139,5,1069,10,964,25.6,30.9,20.3,0.0,55.0,10.6,24.2,58.0,10.4,26.7,84.0,5.4,28.9,73.0,7.6,29.3,69.0,9.5,27.8,78.0,7.8,27.3,86.0,7.0,0.0,2.5,14.1,18.8,25.34,2.11,615,3,1,490,5,1,377,0,0,172,0,0
2025-11-20,2025,11,20,324,47,745,4,-0.65153,0.75862,-0.98853,0.15102,5846,12426,27,-0.1115,0.00462,783,6,920,1007,833,3,1034,5,928,25.2,30.3,20.7,0.0,53.0,9.6,24.4,59.0,10.5,26.7,82.0,6.9,27.6,81.0,7.6,29.2,69.0,9.2,28.3,76.0,7.7,27.3,88.0,5.5,0.0,0.1,12.7,18.8,25.23,0.08,567,7,1,565,3,1,411,3,1,240,1,0
2025-11-21,2025,11,21,325,47,436,0,-0.63838,0.76972,-0.98275,0.18493,5822,12374,27,-0.1114,0.00464,745,4,783,920,460,0,488,0,506,24.5,29.4,19.5,0.0,55.0,9.9,24.3,58.0,10.1,27.1,76.0,8.1,28.9,76.0,8.0,29.5,65.0,8.0,28.5,79.0,7.8,27.2,88.0,6.1,0.0,0.0,12.4,18.8,25.04,0.0,410,0,1,200,0,0,200,0,0,114,0,0
2025-11-22,2025,11,22,326,47,593,3,-0.62505,0.78058,-0.97581,0.21863,5623,12133,25,-0.1362,0.00445,436,0,745,783,792,5,834,0,651,24.1,29.2,19.2,0.0,62.0,10.0,24.2,60.0,9.9,26.6,66.0,8.8,27.9,79.0,6.7,29.5,64.0,9.5,29.0,74.0,9.0,26.5,90.0,5.6,0.0,0.0,10.1,18.8,24.86,0.0,572,0,1,486,0,1,397,0,1,190,0,0
2025-11-23,2025,11,23,327,47,778,8,-0.61153,0.79122,-0.96771,0.25206,5262,11716,28,-0.1847,0.00532,593,3,436,745,1139,5,1195,6,1162,23.9,29.1,19.2,0.0,59.0,9.9,24.4,61.0,10.2,25.8,67.0,9.4,26.7,82.0,5.8,29.7,64.0,8.4,29.3,70.0,8.7,27.1,82.0,6.6,0.0,0.0,5.1,18.8,24.73,0.0,636,5,1,516,2,1,387,5,1,194,2,0
2025-11-24,2025,11,24,328,48,705,2,-0.59783,0.80162,-0.95847,0.2852,4960,11242,27,-0.2104,0.00544,778,8,593,436,1007,3,1179,2,1147,23.4,28.9,18.2,0.0,58.0,10.7,24.7,60.0,11.3,26.3,66.0,7.9,26.2,78.0,6.8,30.1,59.0,9.1,29.2,69.0,9.5,27.4,78.0,7.5,0.0,0.0,5.0,18.8,24.52,0.0,610,2,1,455,2,1,288,0,0,165,0,0
2025-11-25,2025,11,25,329,48,633,1,-0.58395,0.81179,-0.94809,0.318,4673,10963,24,-0.257,0.00513,705,2,778,593,920,4,912,3,1101,23.1,28.9,18.1,0.0,68.0,10.8,25.4,58.0,11.6,25.0,60.0,9.5,26.8,75.0,9.2,29.6,67.0,8.7,29.0,68.0,10.0,27.6,77.0,8.0,0.0,0.0,4.8,17.8,24.39,0.0,565,2,1,421,3,1,116,0,0,126,0,0
2025-11-26,2025,11,26,330,48,615,3,-0.5699,0.82171,-0.93659,0.35043,4505,10439,21,-0.2408,0.00466,633,1,705,778,783,6,1139,5,1069,23.6,28.8,18.8,0.0,61.0,10.0,25.6,55.0,10.6,24.2,58.0,10.4,26.7,84.0,5.4,28.9,73.0,7.6,29.3,69.0,9.5,27.8,78.0,7.8,0.0,0.0,2.5,14.1,24.34,0.0,490,5,1,377,0,0,172,0,0,133,0,0
2025-11-27,2025,11,27,331,48,567,7,-0.55568,0.83139,-0.92398,0.38244,4327,10173,24,-0.2598,0.00555,615,3,633,705,745,4,833,3,1034,23.9,29.9,18.4,0.0,60.0,11.5,25.2,53.0,9.6,24.4,59.0,10.5,26.7,82.0,6.9,27.6,81.0,7.6,29.2,69.0,9.2,28.3,76.0,7.7,0.0,0.0,0.1,12.7,24.31,0.0,565,3,1,411,3,1,240,1,0,71,0,0
2025-11-28,2025,11,28,332,48,410,0,-0.5413,0.84083,-0.91028,0.41399,4301,10123,24,-0.2612,0.00558,567,7,615,633,436,0,460,0,488,23.8,30.2,17.9,0.0,56.0,12.3,24.5,55.0,9.9,24.3,58.0,10.1,27.1,76.0,8.1,28.9,76.0,8.0,29.5,65.0,8.0,28.5,79.0,7.8,0.0,0.0,0.0,12.4,24.27,0.0,200,0,0,200,0,0,114,0,0,66,0,0
2025-11-29,2025,11,29,333,48,572,0,-0.52675,0.85002,-0.8955,0.44506,4280,9903,21,-0.2388,0.00491,410,0,567,615,593,3,792,5,834,23.4,29.3,18.0,0.0,55.0,11.3,24.1,62.0,10.0,24.2,60.0,9.9,26.6,66.0,8.8,27.9,79.0,6.7,29.5,64.0,9.5,29.0,74.0,9.0,0.0,0.0,0.0,10.1,24.21,0.0,486,0,1,397,0,1,190,0,0,96,0,0
2025-11-30,2025,11,30,334,48,636,5,-0.51206,0.85895,-0.87966,0.4756,4138,9400,18,-0.2136,0.00435,572,0,410,567,778,8,1139,5,1195,23.7,29.6,18.8,0.0,53.0,10.8,23.9,59.0,9.9,24.4,61.0,10.2,25.8,67.0,9.4,26.7,82.0,5.8,29.7,64.0,8.4,29.3,70.0,8.7,0.0,0.0,0.0,5.1,24.16,0.0,516,2,1,387,5,1,194,2,0,114,0,0
2025-12-01,2025,12,1,335,49,610,2,-0.4972,0.86763,-0.86278,0.50558,4043,9003,18,-0.1848,0.00445,636,5,572,410,705,2,1007,3,1179,23.7,28.8,18.6,0.0,58.0,10.2,23.4,58.0,10.7,24.7,60.0,11.3,26.3,66.0,7.9,26.2,78.0,6.8,30.1,59.0,9.1,29.2,69.0,9.5,0.0,0.0,0.0,5.0,24.09,0.0,455,2,1,288,0,0,165,0,0,111,0,0
2025-12-02,2025,12,2,336,49,565,2,-0.48221,0.87606,-0.84488,0.53496,3975,8648,19,-0.1493,0.00478,610,2,636,572,633,1,920,4,912,23.4,27.9,19.2,0.0,57.0,8.7,23.1,68.0,10.8,25.4,58.0,11.6,25.0,60.0,9.5,26.8,75.0,9.2,29.6,67.0,8.7,29.0,68.0,10.0,0.0,0.0,0.0,4.8,23.95,0.0,421,3,1,116,0,0,126,0,0,120,1,0
2025-12-03,2025,12,3,337,49,490,5,-0.46706,0.88422,-0.82598,0.5637,3850,8355,21,-0.1454,0.00545,565,2,610,636,615,3,783,6,1139,22.0,27.7,17.4,0.0,54.0,10.3,23.6,61.0,10.0,25.6,55.0,10.6,24.2,58.0,10.4,26.7,84.0,5.4,28.9,73.0,7.6,29.3,69.0,9.5,0.0,0.0,0.0,2.5,23.69,0.0,377,0,0,172,0,0,133,0,0,68,0,0
2025-12-04,2025,12,4,338,49,565,3,-0.45179,0.89213,-0.8061,0.59178,3848,8175,17,-0.1107,0.00442,490,5,565,610,567,7,745,4,833,22.0,27.8,16.8,0.0,65.0,11.0,23.9,60.0,11.5,25.2,53.0,9.6,24.4,59.0,10.5,26.7,82.0,6.9,27.6,81.0,7.6,29.2,69.0,9.2,0.0,0.0,0.0,0.1,23.46,0.0,411,3,1,240,1,0,71,0,0,76,0,0
2025-12-05,2025,12,5,339,49,200,0,-0.43637,0.89977,-0.78527,0.61916,3638,7939,17,-0.1541,0.00467,565,3,490,565,410,0,436,0,460,22.3,28.5,17.4,0.0,68.0,11.1,23.8,56.0,12.3,24.5,55.0,9.9,24.3,58.0,10.1,27.1,76.0,8.1,28.9,76.0,8.0,29.5,65.0,8.0,0.0,0.0,0.0,0.0,23.31,0.0,200,0,0,114,0,0,66,0,0,63,0,0
2025-12-06,2025,12,6,340,49,486,0,-0.42083,0.90714,-0.7635,0.6458,3552,7832,17,-0.1701,0.00478,200,0,565,490,572,0,593,3,792,21.5,27.1,16.7,0.0,61.0,10.4,23.4,55.0,11.3,24.1,62.0,10.0,24.2,60.0,9.9,26.6,66.0,8.8,27.9,79.0,6.7,29.5,64.0,9.5,0.0,0.0,0.0,0.0,23.12,0.0,397,0,1,190,0,0,96,0,0,53,0,0
2025-12-07,2025,12,7,341,49,516,2,-0.40516,0.91424,-0.74084,0.67168,3432,7570,14,-0.1706,0.00408,486,0,200,565,636,5,778,8,1139,21.5,27.2,16.5,0.0,63.0,10.7,23.7,53.0,10.8,23.9,59.0,9.9,24.4,61.0,10.2,25.8,67.0,9.4,26.7,82.0,5.8,29.7,64.0,8.4,0.0,0.0,0.0,0.0,22.95,0.0,387,5,1,194,2,0,114,0,0,69,0,0
2025-12-08,2025,12,8,342,50,455,2,-0.38938,0.92108,-0.7173,0.69677,3277,7320,14,-0.1894,0.00427,516,2,486,200,610,2,705,2,1007,21.8,27.2,17.0,0.0,65.0,10.2,23.7,58.0,10.2,23.4,58.0,10.7,24.7,60.0,11.3,26.3,66.0,7.9,26.2,78.0,6.8,30.1,59.0,9.1,0.0,0.0,0.0,0.0,22.84,0.0,288,0,0,165,0,0,111,0,0,68,0,0
2025-12-09,2025,12,9,343,50,421,3,-0.37348,0.92764,-0.6929,0.72103,3133,7108,15,-0.2118,0.00479,455,2,516,486,565,2,633,1,920,21.8,27.0,17.1,0.0,66.0,9.9,23.4,57.0,8.7,23.1,68.0,10.8,25.4,58.0,11.6,25.0,60.0,9.5,26.8,75.0,9.2,29.6,67.0,8.7,0.0,0.0,0.0,0.0,22.74,0.0,116,0,0,126,0,0,120,1,0,55,0,0
2025-12-10,2025,12,10,344,50,377,0,-0.35746,0.93393,-0.66769,0.74444,3020,6870,10,-0.2155,0.00331,421,3,455,516,490,5,615,3,783,21.8,27.7,16.6,0.0,64.0,11.1,22.0,54.0,10.3,23.6,61.0,10.0,25.6,55.0,10.6,24.2,58.0,10.4,26.7,84.0,5.4,28.9,73.0,7.6,0.0,0.0,0.0,0.0,22.61,0.0,172,0,0,133,0,0,68,0,0,46,0,0
2025-12-11,2025,12,11,345,50,411,3,-0.34135,0.93994,-0.64169,0.76697,2866,6714,10,-0.2551,0.00349,377,0,421,455,565,3,567,7,745,21.4,27.4,16.0,0.0,61.0,11.4,22.0,65.0,11.0,23.9,60.0,11.5,25.2,53.0,9.6,24.4,59.0,10.5,26.7,82.0,6.9,27.6,81.0,7.6,0.0,0.0,0.0,0.0,22.44,0.0,240,1,0,71,0,0,76,0,0,35,0,0
2025-12-12,2025,12,12,346,50,200,0,-0.32513,0.94567,-0.61493,0.78858,2866,6504,10,-0.2121,0.00349,411,3,377,421,200,0,410,0,436,21.6,27.6,16.0,0.0,58.0,11.6,22.3,68.0,11.1,23.8,56.0,12.3,24.5,55.0,9.9,24.3,58.0,10.1,27.1,76.0,8.1,28.9,76.0,8.0,0.0,0.0,0.0,0.0,22.28,0.0,114,0,0,66,0,0,63,0,0,29,0,0
2025-12-13,2025,12,13,347,50,397,0,-0.30881,0.95112,-0.58744,0.80927,2777,6329,10,-0.2181,0.0036,200,0,411,377,486,0,572,0,593,22.5,28.7,16.6,0.0,58.0,12.1,21.5,61.0,10.4,23.4,55.0,11.3,24.1,62.0,10.0,24.2,60.0,9.9,26.6,66.0,8.8,27.9,79.0,6.7,0.0,0.0,0.0,0.0,22.21,0.0,190,0,0,96,0,0,53,0,0,31,0,0
2025-12-14,2025,12,14,348,50,387,5,-0.29241,0.95629,-0.55925,0.829,2648,6080,13,-0.2284,0.00491,397,0,200,411,516,2,636,5,778,22.7,28.9,16.9,0.0,59.0,12.0,21.5,63.0,10.7,23.7,53.0,10.8,23.9,59.0,9.9,24.4,61.0,10.2,25.8,67.0,9.4,26.7,82.0,5.8,0.0,0.0,0.0,0.0,22.14,0.0,194,2,0,114,0,0,69,0,0,52,0,0
2025-12-15,2025,12,15,349,51,288,0,-0.27591,0.96118,-0.53041,0.84774,2481,5758,11,-0.2428,0.00443,387,5,397,200,455,2,610,2,705,22.4,28.0,17.0,0.0,58.0,11.0,21.8,65.0,10.2,23.7,58.0,10.2,23.4,58.0,10.7,24.7,60.0,11.3,26.3,66.0,7.9,26.2,78.0,6.8,0.0,0.0,0.0,0.0,22.05,0.0,165,0,0,111,0,0,68,0,0,33,1,0
2025-12-16,2025,12,16,350,51,116,0,-0.25934,0.96579,-0.50093,0.86549,2176,5309,8,-0.3054,0.00367,288,0,387,397,421,3,565,2,633,21.9,27.0,17.0,0.0,62.0,10.0,21.8,66.0,9.9,23.4,57.0,8.7,23.1,68.0,10.8,25.4,58.0,11.6,25.0,60.0,9.5,26.8,75.0,9.2,0.0,0.0,0.0,0.0,21.94,0.0,126,0,0,120,1,0,55,0,0,36,0,0
2025-12-17,2025,12,17,351,51,172,0,-0.24269,0.9701,-0.47086,0.88221,1971,4991,8,-0.3472,0.00406,116,0,288,387,377,0,490,5,615,22.2,28.3,16.8,0.0,59.0,11.5,21.8,64.0,11.1,22.0,54.0,10.3,23.6,61.0,10.0,25.6,55.0,10.6,24.2,58.0,10.4,26.7,84.0,5.4,0.0,0.0,0.0,0.0,21.96,0.0,133,0,0,68,0,0,46,0,0,35,0,0
2025-12-18,2025,12,18,352,51,240,1,-0.22596,0.97414,-0.44024,0.89788,1800,4666,6,-0.3718,0.00333,172,0,116,288,411,3,565,3,567,22.9,29.2,17.0,0.0,61.0,12.2,21.4,61.0,11.4,22.0,65.0,11.0,23.9,60.0,11.5,25.2,53.0,9.6,24.4,59.0,10.5,26.7,82.0,6.9,0.0,0.0,0.0,0.0,22.02,0.0,71,0,0,76,0,0,35,0,0,34,0,0
2025-12-19,2025,12,19,353,51,114,0,-0.20917,0.97788,-0.40909,0.91249,1714,4580,6,-0.4018,0.0035,240,1,172,116,200,0,200,0,410,23.0,28.5,17.5,0.0,61.0,11.0,21.6,58.0,11.6,22.3,68.0,11.1,23.8,56.0,12.3,24.5,55.0,9.9,24.3,58.0,10.1,27.1,76.0,8.1,0.0,0.0,0.0,0.0,22.07,0.0,66,0,0,63,0,0,29,0,0,12,0,0
2025-12-20,2025,12,20,354,51,190,0,-0.19232,0.98133,-0.37746,0.92602,1507,4284,6,-0.4572,0.00398,114,0,240,172,397,0,486,0,572,22.7,26.1,19.1,0.0,61.0,7.0,22.5,58.0,12.1,21.5,61.0,10.4,23.4,55.0,11.3,24.1,62.0,10.0,24.2,60.0,9.9,26.6,66.0,8.8,0.0,0.0,0.0,0.0,22.16,0.0,96,0,0,53,0,0,31,0,0,18,0,0
2025-12-21,2025,12,21,355,51,194,2,-0.17541,0.9845,-0.34539,0.93846,1314,3962,3,-0.5036,0.00228,190,0,114,240,387,5,516,2,636,21.7,26.2,17.3,0.0,63.0,8.9,22.7,59.0,12.0,21.5,63.0,10.7,23.7,53.0,10.8,23.9,59.0,9.9,24.4,61.0,10.2,25.8,67.0,9.4,0.0,0.0,0.0,0.0,22.17,0.0,114,0,0,69,0,0,52,0,0,35,0,0
2025-12-22,2025,12,22,356,52,165,0,-0.15845,0.98737,-0.3129,0.94979,1191,3672,3,-0.5197,0.00252,194,2,190,114,288,0,455,2,610,21.8,27.5,16.3,0.0,64.0,11.2,22.4,58.0,11.0,21.8,65.0,10.2,23.7,58.0,10.2,23.4,58.0,10.7,24.7,60.0,11.3,26.3,66.0,7.9,0.0,0.0,0.0,0.0,22.17,0.0,111,0,0,68,0,0,33,1,0,29,1,0
2025-12-23,2025,12,23,357,52,126,0,-0.14144,0.98995,-0.28004,0.95999,1201,3377,3,-0.4479,0.0025,165,0,194,190,116,0,421,3,565,20.8,26.2,15.9,0.0,66.0,10.3,21.9,62.0,10.0,21.8,66.0,9.9,23.4,57.0,8.7,23.1,68.0,10.8,25.4,58.0,11.6,25.0,60.0,9.5,0.0,0.0,0.0,0.0,22.1,0.0,120,1,0,55,0,0,36,0,0,26,0,0
2025-12-24,2025,12,24,358,52,133,0,-0.12439,0.99223,-0.24686,0.96905,1162,3133,3,-0.4102,0.00258,126,0,165,194,172,0,377,0,490,19.8,25.2,15.4,0.0,68.0,9.8,22.2,59.0,11.5,21.8,64.0,11.1,22.0,54.0,10.3,23.6,61.0,10.0,25.6,55.0,10.6,24.2,58.0,10.4,0.0,0.0,0.0,0.0,21.96,0.0,68,0,0,46,0,0,35,0,0,39,0,0
2025-12-25,2025,12,25,359,52,71,0,-0.10731,0.99423,-0.21338,0.97697,993,2793,2,-0.4481,0.00201,133,0,126,165,240,1,411,3,565,18.6,23.8,13.5,0.0,69.0,10.3,22.9,61.0,12.2,21.4,61.0,11.4,22.0,65.0,11.0,23.9,60.0,11.5,25.2,53.0,9.6,24.4,59.0,10.5,0.0,0.0,0.0,0.0,21.76,0.0,76,0,0,35,0,0,34,0,0,19,0,0
2025-12-26,2025,12,26,360,52,66,0,-0.09019,0.99592,-0.17964,0.98373,945,2659,2,-0.4484,0.00211,71,0,133,126,114,0,200,0,200,18.6,24.3,13.4,0.0,67.0,10.9,23.0,61.0,11.0,21.6,58.0,11.6,22.3,68.0,11.1,23.8,56.0,12.3,24.5,55.0,9.9,24.3,58.0,10.1,0.0,0.0,0.0,0.0,21.54,0.0,63,0,0,29,0,0,12,0,0,11,0,0
2025-12-27,2025,12,27,361,52,96,0,-0.07305,0.99733,-0.1457,0.98933,851,2358,2,-0.435,0.00235,66,0,71,133,190,0,397,0,486,19.0,24.5,13.8,0.0,68.0,10.7,22.7,61.0,7.0,22.5,58.0,12.1,21.5,61.0,10.4,23.4,55.0,11.3,24.1,62.0,10.0,24.2,60.0,9.9,0.0,0.0,0.0,0.0,21.29,0.0,53,0,0,31,0,0,18,0,0,24,0,0
2025-12-28,2025,12,28,362,52,114,0,-0.05588,0.99844,-0.11158,0.99376,771,2085,0,-0.4129,0.0,96,0,66,71,194,2,387,5,516,18.5,23.9,14.1,0.0,73.0,9.8,21.7,63.0,8.9,22.7,59.0,12.0,21.5,63.0,10.7,23.7,53.0,10.8,23.9,59.0,9.9,24.4,61.0,10.2,0.0,0.0,0.0,0.0,20.99,0.0,69,0,0,52,0,0,35,0,0,31,0,0
2025-12-29,2025,12,29,363,1,111,0,-0.0387,0.99925,-0.07733,0.99701,717,1908,0,-0.3977,0.0,114,0,96,66,165,0,288,0,455,17.5,22.4,13.8,0.0,75.0,8.6,21.8,64.0,11.2,22.4,58.0,11.0,21.8,65.0,10.2,23.7,58.0,10.2,23.4,58.0,10.7,24.7,60.0,11.3,0.0,0.0,0.0,0.0,20.64,0.0,68,0,0,33,1,0,29,1,0,22,0,0
2025-12-30,2025,12,30,364,1,120,1,-0.0215,0.99977,-0.04299,0.99908,711,1912,1,-0.4077,0.0014,111,0,114,96,126,0,116,0,421,15.8,20.2,12.7,0.0,76.0,7.5,20.8,66.0,10.3,21.9,62.0,10.0,21.8,66.0,9.9,23.4,57.0,8.7,23.1,68.0,10.8,25.4,58.0,11.6,0.0,0.0,0.0,0.0,20.21,0.0,55,0,0,36,0,0,26,0,0,19,0,0
2025-12-31,2025,12,31,365,1,68,0,-0.0043,0.99999,-0.0086,0.99996,646,1808,1,-0.4437,0.00155,120,1,111,114,133,0,172,0,377,16.3,21.4,11.7,0.0,72.0,9.7,19.8,68.0,9.8,22.2,59.0,11.5,21.8,64.0,11.1,22.0,54.0,10.3,23.6,61.0,10.0,25.6,55.0,10.6,0.0,0.0,0.0,0.0,19.79,0.0,46,0,0,35,0,0,39,0,0,25,0,0
2026-01-01,2026,1,1,1,1,76,0,0.0172,0.99985,0.0344,0.99941,651,1644,1,-0.3441,0.00153,68,0,120,111,71,0,240,1,411,17.6,23.6,12.4,0.0,74.0,11.2,18.6,69.0,10.3,22.9,61.0,12.2,21.4,61.0,11.4,22.0,65.0,11.0,23.9,60.0,11.5,25.2,53.0,9.6,0.0,0.0,0.0,0.0,19.41,0.0,35,0,0,34,0,0,19,0,0,25,0,0
2026-01-02,2026,1,2,2,1,63,0,0.0344,0.99941,0.06876,0.99763,648,1593,1,-0.314,0.00154,76,0,68,120,66,0,114,0,200,18.0,23.6,12.7,0.0,72.0,10.9,18.6,67.0,10.9,23.0,61.0,11.0,21.6,58.0,11.6,22.3,68.0,11.1,23.8,56.0,12.3,24.5,55.0,9.9,0.0,0.0,0.0,0.0,19.05,0.0,29,0,0,12,0,0,11,0,0,14,0,0
2026-01-03,2026,1,3,3,1,53,0,0.05158,0.99867,0.10303,0.99468,605,1456,1,-0.2887,0.00165,63,0,76,68,96,0,190,0,397,17.4,23.1,12.3,0.0,72.0,10.8,19.0,68.0,10.7,22.7,61.0,7.0,22.5,58.0,12.1,21.5,61.0,10.4,23.4,55.0,11.3,24.1,62.0,10.0,0.0,0.0,0.0,0.0,18.67,0.0,31,0,0,18,0,0,24,0,0,17,0,0
2026-01-04,2026,1,4,4,1,69,0,0.06876,0.99763,0.13719,0.99055,560,1331,1,-0.2733,0.00178,53,0,63,76,114,0,194,2,387,16.8,23.1,11.6,0.0,74.0,11.5,18.5,73.0,9.8,21.7,63.0,8.9,22.7,59.0,12.0,21.5,63.0,10.7,23.7,53.0,10.8,23.9,59.0,9.9,0.0,0.0,0.0,0.0,18.32,0.0,52,0,0,35,0,0,31,0,0,14,0,0
2026-01-05,2026,1,5,5,2,68,0,0.08591,0.9963,0.17118,0.98524,517,1234,1,-0.2786,0.00193,69,0,53,63,111,0,165,0,288,15.8,21.0,12.2,0.0,76.0,8.8,17.5,75.0,8.6,21.8,64.0,11.2,22.4,58.0,11.0,21.8,65.0,10.2,23.7,58.0,10.2,23.4,58.0,10.7,0.0,0.0,0.0,0.0,17.89,0.0,33,1,0,29,1,0,22,0,0,18,1,0
2026-01-06,2026,1,6,6,2,55,0,0.10303,0.99468,0.20497,0.97877,452,1163,0,-0.3638,0.0,68,0,69,53,120,1,126,0,116,16.4,21.7,12.1,0.0,73.0,9.6,15.8,76.0,7.5,20.8,66.0,10.3,21.9,62.0,10.0,21.8,66.0,9.9,23.4,57.0,8.7,23.1,68.0,10.8,0.0,0.0,0.0,0.0,17.58,0.0,36,0,0,26,0,0,19,0,0,17,0,0
2026-01-07,2026,1,7,7,2,46,0,0.12013,0.99276,0.23851,0.97114,430,1076,0,-0.3338,0.0,55,0,68,69,68,0,133,0,172,17.3,23.4,11.8,0.0,73.0,11.6,16.3,72.0,9.7,19.8,68.0,9.8,22.2,59.0,11.5,21.8,64.0,11.1,22.0,54.0,10.3,23.6,61.0,10.0,0.0,0.0,0.0,0.0,17.4,0.0,35,0,0,39,0,0,25,0,0,12,0,0
2026-01-08,2026,1,8,8,2,35,0,0.13719,0.99055,0.27178,0.96236,389,1040,0,-0.4018,0.0,46,0,55,68,76,0,71,0,240,17.9,24.6,11.9,0.0,67.0,12.7,17.6,74.0,11.2,18.6,69.0,10.3,22.9,61.0,12.2,21.4,61.0,11.4,22.0,65.0,11.0,23.9,60.0,11.5,0.0,0.0,0.0,0.0,17.35,0.0,34,0,0,19,0,0,25,0,0,16,0,0
2026-01-09,2026,1,9,9,2,29,0,0.1542,0.98804,0.30472,0.95244,355,1003,0,-0.4515,0.0,35,0,46,55,63,0,66,0,114,19.0,26.3,12.7,0.0,68.0,13.6,18.0,72.0,10.9,18.6,67.0,10.9,23.0,61.0,11.0,21.6,58.0,11.6,22.3,68.0,11.1,23.8,56.0,12.3,0.0,0.0,0.0,0.0,17.38,0.0,12,0,0,11,0,0,14,0,0,10,0,0
2026-01-10,2026,1,10,10,2,31,0,0.17118,0.98524,0.3373,0.9414,333,938,0,-0.4488,0.0,29,0,35,46,53,0,96,0,190,18.9,25.3,13.5,0.0,68.0,11.8,17.4,72.0,10.8,19.0,68.0,10.7,22.7,61.0,7.0,22.5,58.0,12.1,21.5,61.0,10.4,23.4,55.0,11.3,0.0,0.0,0.0,0.0,17.37,0.0,18,0,0,24,0,0,17,0,0,14,0,0
2026-01-11,2026,1,11,11,2,52,0,0.1881,0.98215,0.36948,0.92924,316,876,0,-0.4349,0.0,31,0,29,35,69,0,114,0,194,19.7,25.8,14.8,0.0,66.0,11.0,16.8,74.0,11.5,18.5,73.0,9.8,21.7,63.0,8.9,22.7,59.0,12.0,21.5,63.0,10.7,23.7,53.0,10.8,0.0,0.0,0.0,0.0,17.46,0.0,35,0,0,31,0,0,14,0,0,21,0,0
2026-01-12,2026,1,12,12,3,33,1,0.20497,0.97877,0.40123,0.91598,281,798,1,-0.4556,0.00355,52,0,31,29,68,0,111,0,165,20.0,26.4,13.9,0.0,63.0,12.5,15.8,76.0,8.8,17.5,75.0,8.6,21.8,64.0,11.2,22.4,58.0,11.0,21.8,65.0,10.2,23.7,58.0,10.2,0.0,0.0,0.0,0.0,17.64,0.0,29,1,0,22,0,0,18,1,0,23,1,0
2026-01-13,2026,1,13,13,3,36,0,0.22177,0.9751,0.4325,0.90163,262,714,1,-0.4194,0.0038,33,1,52,31,55,0,120,1,126,20.3,26.7,14.7,0.0,64.0,12.0,16.4,73.0,9.6,15.8,76.0,7.5,20.8,66.0,10.3,21.9,62.0,10.0,21.8,66.0,9.9,23.4,57.0,8.7,0.0,0.0,0.0,0.0,17.96,0.0,26,0,0,19,0,0,17,0,0,17,0,0
2026-01-14,2026,1,14,14,3,35,0,0.23851,0.97114,0.46326,0.88622,251,681,1,-0.4153,0.00397,36,0,33,52,46,0,68,0,133,20.4,26.9,14.7,0.0,62.0,12.2,17.3,73.0,11.6,16.3,72.0,9.7,19.8,68.0,9.8,22.2,59.0,11.5,21.8,64.0,11.1,22.0,54.0,10.3,0.0,0.0,0.0,0.0,18.25,0.0,39,0,0,25,0,0,12,0,0,9,0,0
2026-01-15,2026,1,15,15,3,34,0,0.25518,0.96689,0.49347,0.86976,250,639,1,-0.3564,0.00398,35,0,36,33,35,0,76,0,71,20.4,26.0,15.3,0.0,63.0,10.7,17.9,67.0,12.7,17.6,74.0,11.2,18.6,69.0,10.3,22.9,61.0,12.2,21.4,61.0,11.4,22.0,65.0,11.0,0.0,0.0,0.0,0.0,18.45,0.0,19,0,0,25,0,0,16,0,0,8,0,0
2026-01-16,2026,1,16,16,3,12,0,0.27178,0.96236,0.52309,0.85227,233,588,1,-0.3427,0.00427,34,0,35,36,29,0,63,0,66,20.6,26.6,15.2,0.0,59.0,11.4,19.0,68.0,13.6,18.0,72.0,10.9,18.6,67.0,10.9,23.0,61.0,11.0,21.6,58.0,11.6,22.3,68.0,11.1,0.0,0.0,0.0,0.0,18.64,0.0,11,0,0,14,0,0,10,0,0,6,0,0
2026-01-17,2026,1,17,17,3,18,0,0.28829,0.95754,0.5521,0.83378,220,553,1,-0.3383,0.00452,12,0,34,35,31,0,53,0,96,21.4,27.5,15.6,0.0,59.0,11.9,18.9,68.0,11.8,17.4,72.0,10.8,19.0,68.0,10.7,22.7,61.0,7.0,22.5,58.0,12.1,21.5,61.0,10.4,0.0,0.0,0.0,0.0,18.92,0.0,24,0,0,17,0,0,14,0,0,12,0,0
2026-01-18,2026,1,18,18,3,35,0,0.30472,0.95244,0.58045,0.81429,203,519,1,-0.3565,0.0049,18,0,12,34,52,0,69,0,114,21.6,27.7,15.9,0.0,60.0,11.8,19.7,66.0,11.0,16.8,74.0,11.5,18.5,73.0,9.8,21.7,63.0,8.9,22.7,59.0,12.0,21.5,63.0,10.7,0.0,0.0,0.0,0.0,19.26,0.0,31,0,0,14,0,0,21,0,0,31,0,0
2026-01-19,2026,1,19,19,4,29,1,0.32106,0.94706,0.60812,0.79384,199,480,1,-0.2908,0.005,35,0,18,12,33,1,68,0,111,21.7,27.8,16.4,0.0,60.0,11.4,20.0,63.0,12.5,15.8,76.0,8.8,17.5,75.0,8.6,21.8,64.0,11.2,22.4,58.0,11.0,21.8,65.0,10.2,0.0,0.0,0.0,0.0,19.69,0.0,22,0,0,18,1,0,23,1,0,38,0,0
2026-01-20,2026,1,20,20,4,26,0,0.3373,0.9414,0.63507,0.77246,189,451,1,-0.2776,0.00526,29,1,35,18,36,0,55,0,120,21.9,28.6,15.9,0.0,58.0,12.7,20.3,64.0,12.0,16.4,73.0,9.6,15.8,76.0,7.5,20.8,66.0,10.3,21.9,62.0,10.0,21.8,66.0,9.9,0.0,0.0,0.0,0.0,20.08,0.0,19,0,0,17,0,0,17,0,0,14,0,0
2026-01-21,2026,1,21,21,4,39,0,0.35344,0.93546,0.66126,0.75015,193,444,1,-0.2302,0.00515,26,0,29,35,35,0,46,0,68,22.1,28.3,16.1,0.0,58.0,12.2,20.4,62.0,12.2,17.3,73.0,11.6,16.3,72.0,9.7,19.8,68.0,9.8,22.2,59.0,11.5,21.8,64.0,11.1,0.0,0.0,0.0,0.0,20.42,0.0,25,0,0,12,0,0,9,0,0,14,0,0
2026-01-22,2026,1,22,22,4,19,0,0.36948,0.92924,0.68668,0.72696,178,428,1,-0.2869,0.00559,39,0,26,29,34,0,35,0,76,21.4,27.3,16.2,0.0,53.0,11.1,20.4,63.0,10.7,17.9,67.0,12.7,17.6,74.0,11.2,18.6,69.0,10.3,22.9,61.0,12.2,21.4,61.0,11.4,0.0,0.0,0.0,0.0,20.67,0.0,25,0,0,16,0,0,8,0,0,16,0,0
2026-01-23,2026,1,23,23,4,11,0,0.38541,0.92274,0.71128,0.70291,177,410,1,-0.2393,0.00562,19,0,39,26,12,0,29,0,63,21.2,27.7,15.4,0.0,51.0,12.3,20.6,59.0,11.4,19.0,68.0,13.6,18.0,72.0,10.9,18.6,67.0,10.9,23.0,61.0,11.0,21.6,58.0,11.6,0.0,0.0,0.0,0.0,20.83,0.0,14,0,0,10,0,0,6,0,0,7,0,0
2026-01-24,2026,1,24,24,4,24,0,0.40123,0.91598,0.73503,0.67803,183,403,1,-0.1674,0.00543,11,0,19,39,18,0,31,0,53,21.2,27.5,15.4,0.0,52.0,12.1,21.4,59.0,11.9,18.9,68.0,11.8,17.4,72.0,10.8,19.0,68.0,10.7,22.7,61.0,7.0,22.5,58.0,12.1,0.0,0.0,0.0,0.0,20.99,0.0,17,0,0,14,0,0,12,0,0,12,0,0
2026-01-25,2026,1,25,25,4,31,0,0.41693,0.90894,0.75792,0.65235,179,382,1,-0.1176,0.00556,24,0,11,19,35,0,52,0,69,21.6,27.8,16.0,0.0,59.0,11.8,21.6,60.0,11.8,19.7,66.0,11.0,16.8,74.0,11.5,18.5,73.0,9.8,21.7,63.0,8.9,22.7,59.0,12.0,0.0,0.0,0.0,0.0,21.13,0.0,14,0,0,21,0,0,31,0,0,22,0,0
2026-01-26,2026,1,26,26,5,22,0,0.4325,0.90163,0.77991,0.62589,172,371,0,-0.135,0.0,31,0,24,11,29,1,33,1,68,21.6,27.8,16.1,0.0,58.0,11.7,21.7,60.0,11.4,20.0,63.0,12.5,15.8,76.0,8.8,17.5,75.0,8.6,21.8,64.0,11.2,22.4,58.0,11.0,0.0,0.0,0.0,0.0,21.24,0.0,18,1,0,23,1,0,38,0,0,7,0,0
2026-01-27,2026,1,27,27,5,19,0,0.44794,0.89406,0.80098,0.59869,165,354,0,-0.1263,0.0,22,0,31,24,26,0,36,0,55,21.3,27.8,15.5,0.0,60.0,12.3,21.9,58.0,12.7,20.3,64.0,12.0,16.4,73.0,9.6,15.8,76.0,7.5,20.8,66.0,10.3,21.9,62.0,10.0,0.0,0.0,0.0,0.0,21.31,0.0,17,0,0,17,0,0,14,0,0,12,0,0
2026-01-28,2026,1,28,28,5,25,0,0.46326,0.88622,0.8211,0.57078,151,344,0,-0.2165,0.0,19,0,22,31,39,0,35,0,46,22.0,28.5,16.0,0.0,61.0,12.5,22.1,58.0,12.2,20.4,62.0,12.2,17.3,73.0,11.6,16.3,72.0,9.7,19.8,68.0,9.8,22.2,59.0,11.5,0.0,0.0,0.0,0.0,21.43,0.0,12,0,0,9,0,0,14,0,0,14,0,0
2026-01-29,2026,1,29,29,5,25,0,0.47843,0.87812,0.84025,0.5422,157,335,0,-0.1173,0.0,25,0,19,22,19,0,34,0,35,22.5,28.9,16.7,0.0,62.0,12.2,21.4,53.0,11.1,20.4,63.0,10.7,17.9,67.0,12.7,17.6,74.0,11.2,18.6,69.0,10.3,22.9,61.0,12.2,0.0,0.0,0.0,0.0,21.58,0.0,16,0,0,8,0,0,16,0,0,9,0,0
2026-01-30,2026,1,30,30,5,14,0,0.49347,0.86976,0.8584,0.51298,160,337,0,-0.0955,0.0,25,0,25,19,11,0,12,0,29,21.7,27.2,16.8,0.0,59.0,10.4,21.2,51.0,12.3,20.6,59.0,11.4,19.0,68.0,13.6,18.0,72.0,10.9,18.6,67.0,10.9,23.0,61.0,11.0,0.0,0.0,0.0,0.0,21.66,0.0,10,0,0,6,0,0,7,0,0,7,0,0
2026-01-31,2026,1,31,31,5,17,0,0.50836,0.86115,0.87554,0.48315,153,336,0,-0.163,0.0,14,0,25,25,24,0,18,0,31,21.2,27.4,15.8,0.0,59.0,11.6,21.2,52.0,12.1,21.4,59.0,11.9,18.9,68.0,11.8,17.4,72.0,10.8,19.0,68.0,10.7,22.7,61.0,7.0,0.0,0.0,0.0,0.0,21.64,0.0,14,0,0,12,0,0,12,0,0,9,0,0
2026-02-01,2026,2,1,32,5,14,0,0.52309,0.85227,0.89164,0.45274,136,315,0,-0.2389,0.0,17,0,14,25,31,0,35,0,52,21.3,27.4,15.9,0.0,64.0,11.5,21.6,59.0,11.8,21.6,60.0,11.8,19.7,66.0,11.0,16.8,74.0,11.5,18.5,73.0,9.8,21.7,63.0,8.9,0.0,0.0,0.0,0.0,21.62,0.0,21,0,0,31,0,0,22,0,0,10,0,0
2026-02-02,2026,2,2,33,6,18,1,0.53768,0.84315,0.90669,0.42181,132,304,1,-0.2312,0.00752,14,0,17,14,22,0,29,1,33,22.1,28.3,16.9,0.0,63.0,11.4,21.6,58.0,11.7,21.7,60.0,11.4,20.0,63.0,12.5,15.8,76.0,8.8,17.5,75.0,8.6,21.8,64.0,11.2,0.0,0.0,0.0,0.0,21.65,0.0,23,1,0,38,0,0,7,0,0,11,0,0
2026-02-03,2026,2,3,34,6,17,0,0.5521,0.83378,0.92066,0.39037,130,295,1,-0.2108,0.00763,18,1,14,17,19,0,26,0,36,22.9,29.7,16.9,0.0,59.0,12.8,21.3,60.0,12.3,21.9,58.0,12.7,20.3,64.0,12.0,16.4,73.0,9.6,15.8,76.0,7.5,20.8,66.0,10.3,0.0,0.0,0.0,0.0,21.72,0.0,17,0,0,14,0,0,12,0,0,12,0,0
2026-02-04,2026,2,4,35,6,12,0,0.56636,0.82416,0.93354,0.35847,117,268,1,-0.2237,0.00847,17,0,18,14,25,0,39,0,35,23.1,28.7,18.0,0.0,60.0,10.7,22.0,61.0,12.5,22.1,58.0,12.2,20.4,62.0,12.2,17.3,73.0,11.6,16.3,72.0,9.7,19.8,68.0,9.8,0.0,0.0,0.0,0.0,21.79,0.0,9,0,0,14,0,0,14,0,0,9,0,0
2026-02-05,2026,2,5,36,6,16,0,0.58045,0.81429,0.94532,0.32614,108,265,1,-0.3101,0.00917,12,0,17,18,25,0,19,0,34,22.1,28.3,16.5,0.0,52.0,11.8,22.5,62.0,12.2,21.4,53.0,11.1,20.4,63.0,10.7,17.9,67.0,12.7,17.6,74.0,11.2,18.6,69.0,10.3,0.0,0.0,0.0,0.0,21.84,0.0,8,0,0,16,0,0,9,0,0,10,0,0
2026-02-06,2026,2,6,37,6,10,0,0.59438,0.80419,0.95598,0.29343,104,264,1,-0.3478,0.00952,16,0,12,17,14,0,11,0,12,20.7,26.9,14.8,0.0,51.0,12.1,21.7,59.0,10.4,21.2,51.0,12.3,20.6,59.0,11.4,19.0,68.0,13.6,18.0,72.0,10.9,18.6,67.0,10.9,0.0,0.0,0.0,0.0,21.81,0.0,6,0,0,7,0,0,7,0,0,6,0,0
2026-02-07,2026,2,7,38,6,14,0,0.60812,0.79384,0.96551,0.26038,101,254,1,-0.3377,0.0098,10,0,16,12,17,0,24,0,18,20.3,26.4,14.6,0.0,56.0,11.8,21.2,59.0,11.6,21.2,52.0,12.1,21.4,59.0,11.9,18.9,68.0,11.8,17.4,72.0,10.8,19.0,68.0,10.7,0.0,0.0,0.0,0.0,21.74,0.0,12,0,0,12,0,0,9,0,0,14,0,0
2026-02-08,2026,2,8,39,6,21,0,0.62169,0.78327,0.97389,0.22701,108,244,1,-0.2044,0.00917,14,0,10,16,14,0,31,0,35,21.0,27.2,15.1,0.0,55.0,12.1,21.3,64.0,11.5,21.6,59.0,11.8,21.6,60.0,11.8,19.7,66.0,11.0,16.8,74.0,11.5,18.5,73.0,9.8,0.0,0.0,0.0,0.0,21.7,0.0,31,0,0,22,0,0,10,0,0,9,0,0
2026-02-09,2026,2,9,40,7,23,1,0.63507,0.77246,0.98112,0.19338,113,245,1,-0.1429,0.00877,21,0,14,10,18,1,22,0,29,21.7,28.1,15.6,0.0,51.0,12.5,22.1,63.0,11.4,21.6,58.0,11.7,21.7,60.0,11.4,20.0,63.0,12.5,15.8,76.0,8.8,17.5,75.0,8.6,0.0,0.0,0.0,0.0,21.71,0.0,38,0,0,7,0,0,11,0,0,11,0,0
2026-02-10,2026,2,10,41,7,17,0,0.64826,0.76142,0.9872,0.15951,113,243,1,-0.1298,0.00877,23,1,21,14,17,0,19,0,26,22.5,28.8,16.7,0.0,55.0,12.1,22.9,59.0,12.8,21.3,60.0,12.3,21.9,58.0,12.7,20.3,64.0,12.0,16.4,73.0,9.6,15.8,76.0,7.5,0.0,0.0,0.0,0.0,21.79,0.0,14,0,0,12,0,0,12,0,0,8,0,0
2026-02-11,2026,2,11,42,7,9,0,0.66126,0.75015,0.9921,0.12546,110,227,1,-0.0593,0.00901,17,0,23,21,12,0,25,0,39,23.5,30.2,17.6,0.0,53.0,12.6,23.1,60.0,10.7,22.0,61.0,12.5,22.1,58.0,12.2,20.4,62.0,12.2,17.3,73.0,11.6,16.3,72.0,9.7,0.0,0.0,0.0,0.0,21.9,0.0,14,0,0,14,0,0,9,0,0,9,0,0
2026-02-12,2026,2,12,43,7,8,0,0.67407,0.73867,0.99583,0.09126,102,210,1,-0.055,0.00971,9,0,17,23,16,0,25,0,19,23.0,29.3,16.9,0.0,48.0,12.4,22.1,52.0,11.8,22.5,62.0,12.2,21.4,53.0,11.1,20.4,63.0,10.7,17.9,67.0,12.7,17.6,74.0,11.2,0.0,0.0,0.0,0.0,21.94,0.0,16,0,0,9,0,0,10,0,0,17,0,0
2026-02-13,2026,2,13,44,7,6,0,0.68668,0.72696,0.99838,0.05695,98,202,1,-0.0571,0.0101,8,0,9,17,10,0,14,0,11,23.0,29.7,16.5,0.0,51.0,13.2,20.7,51.0,12.1,21.7,59.0,10.4,21.2,51.0,12.3,20.6,59.0,11.4,19.0,68.0,13.6,18.0,72.0,10.9,0.0,0.0,0.0,0.0,22.03,0.0,7,0,0,7,0,0,6,0,0,6,0,0
2026-02-14,2026,2,14,45,7,12,0,0.69908,0.71504,0.99975,0.02258,96,197,1,-0.049,0.01031,6,0,8,9,14,0,17,0,24,23.0,29.5,17.9,0.0,47.0,11.6,20.3,56.0,11.8,21.2,59.0,11.6,21.2,52.0,12.1,21.4,59.0,11.9,18.9,68.0,11.8,17.4,72.0,10.8,0.0,0.0,0.0,0.0,22.16,0.0,12,0,0,9,0,0,14,0,0,8,0,0
2026-02-15,2026,2,15,46,7,31,0,0.71128,0.70291,0.99993,-0.01183,106,214,1,-0.0183,0.00935,12,0,6,8,21,0,14,0,31,22.7,29.2,16.7,0.0,49.0,12.5,21.0,55.0,12.1,21.3,64.0,11.5,21.6,59.0,11.8,21.6,60.0,11.8,19.7,66.0,11.0,16.8,74.0,11.5,0.0,0.0,0.0,0.0,22.26,0.0,22,0,0,10,0,0,9,0,0,24,0,0
2026-02-16,2026,2,16,47,8,38,0,0.72326,0.69057,0.99893,-0.04622,121,234,0,0.0702,0.0,31,0,12,6,23,1,18,1,22,23.3,29.6,17.2,0.0,52.0,12.4,21.7,51.0,12.5,22.1,63.0,11.4,21.6,58.0,11.7,21.7,60.0,11.4,20.0,63.0,12.5,15.8,76.0,8.8,0.0,0.0,0.0,0.0,22.34,0.0,7,0,0,11,0,0,11,0,0,14,0,0
2026-02-17,2026,2,17,48,8,14,0,0.73503,0.67803,0.99675,-0.08055,118,231,0,0.0439,0.0,38,0,31,12,17,0,17,0,19,24.4,31.7,17.8,0.0,49.0,13.9,22.5,55.0,12.1,22.9,59.0,12.8,21.3,60.0,12.3,21.9,58.0,12.7,20.3,64.0,12.0,16.4,73.0,9.6,0.0,0.0,0.0,0.0,22.45,0.0,12,0,0,12,0,0,8,0,0,4,0,0
2026-02-18,2026,2,18,49,8,14,0,0.74659,0.66529,0.99339,-0.11479,123,233,0,0.1171,0.0,14,0,38,31,9,0,12,0,25,25.3,32.7,18.6,0.0,46.0,14.1,23.5,53.0,12.6,23.1,60.0,10.7,22.0,61.0,12.5,22.1,58.0,12.2,20.4,62.0,12.2,17.3,73.0,11.6,0.0,0.0,0.0,0.0,22.61,0.0,14,0,0,9,0,0,9,0,0,5,0,0
2026-02-19,2026,2,19,50,8,16,0,0.75792,0.65235,0.98885,-0.14889,131,233,0,0.2816,0.0,14,0,14,38,8,0,16,0,25,26.1,32.6,19.5,0.0,44.0,13.1,23.0,48.0,12.4,22.1,52.0,11.8,22.5,62.0,12.2,21.4,53.0,11.1,20.4,63.0,10.7,17.9,67.0,12.7,0.0,0.0,0.0,0.0,22.89,0.0,9,0,0,10,0,0,17,0,0,9,0,0
2026-02-20,2026,2,20,51,8,7,0,0.76903,0.63921,0.98315,-0.18282,132,230,0,0.3434,0.0,16,0,14,14,6,0,10,0,14,26.4,32.5,20.6,0.0,46.0,11.9,23.0,51.0,13.2,20.7,51.0,12.1,21.7,59.0,10.4,21.2,51.0,12.3,20.6,59.0,11.4,19.0,68.0,13.6,0.0,0.0,0.0,0.0,23.3,0.0,7,0,0,6,0,0,6,0,0,5,0,0
2026-02-21,2026,2,21,52,8,12,0,0.77991,0.62589,0.97628,-0.21653,132,228,0,0.3711,0.0,7,0,16,14,12,0,14,0,17,26.3,32.5,20.2,0.0,47.0,12.3,23.0,47.0,11.6,20.3,56.0,11.8,21.2,59.0,11.6,21.2,52.0,12.1,21.4,59.0,11.9,18.9,68.0,11.8,0.0,0.0,0.0,0.0,23.73,0.0,9,0,0,14,0,0,8,0,0,5,0,0
2026-02-22,2026,2,22,53,8,22,0,0.79056,0.61238,0.96825,-0.24998,123,229,0,0.1589,0.0,12,0,7,16,31,0,21,0,14,25.8,31.0,20.6,0.0,49.0,10.4,22.7,49.0,12.5,21.0,55.0,12.1,21.3,64.0,11.5,21.6,59.0,11.8,21.6,60.0,11.8,19.7,66.0,11.0,0.0,0.0,0.0,0.0,24.07,0.0,10,0,0,9,0,0,24,0,0,7,0,0
2026-02-23,2026,2,23,54,9,7,0,0.80098,0.59869,0.95908,-0.28314,92,213,0,-0.2377,0.0,22,0,12,7,38,0,23,1,18,26.3,31.7,20.5,0.0,48.0,11.2,23.3,52.0,12.4,21.7,51.0,12.5,22.1,63.0,11.4,21.6,58.0,11.7,21.7,60.0,11.4,20.0,63.0,12.5,0.0,0.0,0.0,0.0,24.4,0.0,11,0,0,11,0,0,14,0,0,7,0,0
2026-02-24,2026,2,24,55,9,12,0,0.81116,0.58482,0.94877,-0.31596,90,208,0,-0.2353,0.0,7,0,22,12,14,0,17,0,17,25.0,29.2,21.1,0.0,58.0,8.1,24.4,49.0,13.9,22.5,55.0,12.1,22.9,59.0,12.8,21.3,60.0,12.3,21.9,58.0,12.7,20.3,64.0,12.0,0.0,0.0,0.0,0.0,24.58,0.0,12,0,0,8,0,0,4,0,0,7,0,0
2026-02-25,2026,2,25,56,9,14,0,0.8211,0.57078,0.93734,-0.34841,90,213,0,-0.2661,0.0,12,0,7,22,14,0,9,0,12,25.7,30.6,20.7,0.0,54.0,9.9,25.3,46.0,14.1,23.5,53.0,12.6,23.1,60.0,10.7,22.0,61.0,12.5,22.1,58.0,12.2,20.4,62.0,12.2,0.0,0.0,0.0,0.0,24.74,0.0,9,0,0,9,0,0,5,0,0,9,0,0
2026-02-26,2026,2,26,57,9,9,0,0.8308,0.55658,0.9248,-0.38045,83,214,0,-0.3636,0.0,14,0,12,7,16,0,8,0,16,25.4,30.9,19.9,0.0,48.0,11.0,26.1,44.0,13.1,23.0,48.0,12.4,22.1,52.0,11.8,22.5,62.0,12.2,21.4,53.0,11.1,20.4,63.0,10.7,0.0,0.0,0.0,0.0,24.91,0.0,10,0,0,17,0,0,9,0,0,8,0,0
2026-02-27,2026,2,27,58,9,7,0,0.84025,0.5422,0.91117,-0.41203,83,215,0,-0.3684,0.0,9,0,14,12,7,0,6,0,10,25.2,30.9,20.3,0.0,45.0,10.6,26.4,46.0,11.9,23.0,51.0,13.2,20.7,51.0,12.1,21.7,59.0,10.4,21.2,51.0,12.3,20.6,59.0,11.4,0.0,0.0,0.0,0.0,25.06,0.0,6,0,0,6,0,0,5,0,0,7,0,0
2026-02-28,2026,2,28,59,9,9,0,0.84945,0.52767,0.89646,-0.44313,80,212,0,-0.391,0.0,7,0,9,14,12,0,12,0,14,25.5,31.3,18.9,0.0,43.0,12.4,26.3,47.0,12.3,23.0,47.0,11.6,20.3,56.0,11.8,21.2,59.0,11.6,21.2,52.0,12.1,21.4,59.0,11.9,0.0,0.0,0.0,0.0,25.24,0.0,14,0,0,8,0,0,5,0,0,11,0,0
2026-03-01,2026,3,1,60,9,10,0,0.8584,0.51298,0.88068,-0.47371,68,191,0,-0.4435,0.0,9,0,7,9,22,0,31,0,21,26.1,32.2,19.9,0.0,55.0,12.3,25.8,49.0,10.4,22.7,49.0,12.5,21.0,55.0,12.1,21.3,64.0,11.5,21.6,59.0,11.8,21.6,60.0,11.8,0.0,0.0,0.0,0.0,25.49,0.0,9,0,0,24,0,0,7,0,0,41,0,0
2026-03-02,2026,3,2,61,10,11,0,0.8671,0.49814,0.86387,-0.50372,72,164,0,-0.2151,0.0,10,0,9,7,7,0,38,0,23,26.0,30.1,22.7,0.4,69.0,7.4,26.3,48.0,11.2,23.3,52.0,12.4,21.7,51.0,12.5,22.1,63.0,11.4,21.6,58.0,11.7,21.7,60.0,11.4,0.4,0.4,0.4,0.4,25.68,0.34,11,0,0,14,0,0,7,0,0,23,0,0
2026-03-03,2026,3,3,62,10,12,0,0.87554,0.48315,0.84603,-0.53314,72,162,0,-0.1978,0.0,11,0,10,9,12,0,14,0,17,25.9,32.3,21.2,0.0,62.0,11.1,25.0,58.0,8.1,24.4,49.0,13.9,22.5,55.0,12.1,22.9,59.0,12.8,21.3,60.0,12.3,21.9,58.0,12.7,0.4,0.4,0.4,0.4,25.79,0.34,8,0,0,4,0,0,7,0,0,27,0,0
2026-03-04,2026,3,4,63,10,9,0,0.88372,0.46802,0.82719,-0.56192,67,157,0,-0.2527,0.0,12,0,11,10,14,0,14,0,9,26.1,32.1,19.9,0.0,47.0,12.2,25.7,54.0,9.9,25.3,46.0,14.1,23.5,53.0,12.6,23.1,60.0,10.7,22.0,61.0,12.5,22.1,58.0,12.2,0.4,0.4,0.4,0.4,25.84,0.34,9,0,0,5,0,0,9,0,0,25,0,0
2026-03-05,2026,3,5,64,10,10,0,0.89164,0.45274,0.80737,-0.59004,68,151,0,-0.1786,0.0,9,0,12,11,9,0,16,0,8,27.1,33.5,20.2,0.0,47.0,13.3,25.4,48.0,11.0,26.1,44.0,13.1,23.0,48.0,12.4,22.1,52.0,11.8,22.5,62.0,12.2,21.4,53.0,11.1,0.4,0.4,0.4,0.4,25.91,0.35,17,0,0,9,0,0,8,0,0,25,0,0
2026-03-06,2026,3,6,65,10,6,0,0.8993,0.43734,0.7866,-0.61747,67,150,0,-0.1905,0.0,10,0,9,12,7,0,7,0,6,27.9,34.0,22.1,0.0,47.0,11.9,25.2,45.0,10.6,26.4,46.0,11.9,23.0,51.0,13.2,20.7,51.0,12.1,21.7,59.0,10.4,21.2,51.0,12.3,0.4,0.4,0.4,0.4,26.02,0.35,6,0,0,5,0,0,7,0,0,7,0,0
2026-03-07,2026,3,7,66,10,14,0,0.90669,0.42181,0.76489,-0.64416,72,152,0,-0.0988,0.0,6,0,10,9,9,0,12,0,12,27.1,32.4,21.1,0.0,54.0,11.3,25.5,43.0,12.4,26.3,47.0,12.3,23.0,47.0,11.6,20.3,56.0,11.8,21.2,59.0,11.6,21.2,52.0,12.1,0.4,0.4,0.4,0.4,26.08,0.35,8,0,0,5,0,0,11,0,0,10,0,0
2026-03-08,2026,3,8,67,10,9,0,0.91381,0.40615,0.74228,-0.67009,71,139,0,0.0435,0.0,14,0,6,10,10,0,22,0,31,26.5,30.2,22.1,1.0,65.0,8.1,26.1,55.0,12.3,25.8,49.0,10.4,22.7,49.0,12.5,21.0,55.0,12.1,21.3,64.0,11.5,21.6,59.0,11.8,1.4,1.4,1.4,1.4,26.13,1.22,24,0,0,7,0,0,41,0,0,30,0,0
2026-03-09,2026,3,9,68,11,11,0,0.92066,0.39037,0.71879,-0.69523,71,143,0,-0.0137,0.0,9,0,14,6,11,0,7,0,38,26.4,31.5,22.3,0.4,70.0,9.2,26.0,69.0,7.4,26.3,48.0,11.2,23.3,52.0,12.4,21.7,51.0,12.5,22.1,63.0,11.4,21.6,58.0,11.7,1.4,1.8,1.8,1.8,26.14,1.57,14,0,0,7,0,0,23,0,0,43,0,0
2026-03-10,2026,3,10,69,11,8,0,0.92724,0.37447,0.69445,-0.71954,67,139,0,-0.0685,0.0,11,0,9,14,12,0,12,0,14,27.9,32.6,23.2,0.7,61.0,9.4,25.9,62.0,11.1,25.0,58.0,8.1,24.4,49.0,13.9,22.5,55.0,12.1,22.9,59.0,12.8,21.3,60.0,12.3,2.1,2.5,2.5,2.5,26.34,2.19,4,0,0,7,0,0,27,0,0,16,0,0
2026-03-11,2026,3,11,70,11,9,0,0.93354,0.35847,0.66929,-0.743,67,134,0,0.0,0.0,8,0,11,9,9,0,14,0,14,27.8,33.0,24.0,1.0,67.0,9.0,26.1,47.0,12.2,25.7,54.0,9.9,25.3,46.0,14.1,23.5,53.0,12.6,23.1,60.0,10.7,22.0,61.0,12.5,3.1,3.5,3.5,3.5,26.49,3.09,5,0,0,9,0,0,25,0,0,20,0,0
2026-03-12,2026,3,12,71,11,17,0,0.93957,0.34236,0.64334,-0.76558,74,142,0,0.087,0.0,9,0,8,11,10,0,9,0,16,27.1,32.6,23.4,0.2,70.0,9.2,27.1,47.0,13.3,25.4,48.0,11.0,26.1,44.0,13.1,23.0,48.0,12.4,22.1,52.0,11.8,22.5,62.0,12.2,3.3,3.7,3.7,3.7,26.61,3.28,9,0,0,8,0,0,25,0,0,13,0,0
2026-03-13,2026,3,13,72,11,6,0,0.94532,0.32614,0.61662,-0.78726,74,141,0,0.1029,0.0,17,0,9,8,6,0,7,0,7,25.6,32.8,22.0,2.4,78.0,10.8,27.9,47.0,11.9,25.2,45.0,10.6,26.4,46.0,11.9,23.0,51.0,13.2,20.7,51.0,12.1,21.7,59.0,10.4,5.7,6.1,6.1,6.1,26.64,5.42,5,0,0,7,0,0,7,0,0,13,0,0
2026-03-14,2026,3,14,73,11,8,0,0.95079,0.30983,0.58918,-0.808,68,140,0,-0.0548,0.0,6,0,17,9,14,0,9,0,12,26.9,32.2,19.6,7.0,73.0,12.6,27.1,54.0,11.3,25.5,43.0,12.4,26.3,47.0,12.3,23.0,47.0,11.6,20.3,56.0,11.8,21.2,59.0,11.6,12.7,13.1,13.1,13.1,26.74,11.68,5,0,0,11,0,0,10,0,0,13,0,0
2026-03-15,2026,3,15,74,11,24,0,0.95598,0.29343,0.56103,-0.82779,83,154,0,0.1667,0.0,8,0,6,17,9,0,10,0,22,24.6,29.4,19.7,17.6,80.0,9.7,26.5,65.0,8.1,26.1,55.0,12.3,25.8,49.0,10.4,22.7,49.0,12.5,21.0,55.0,12.1,21.3,64.0,11.5,29.3,30.7,30.7,30.7,26.64,27.26,7,0,0,41,0,0,30,0,0,13,0,0
2026-03-16,2026,3,16,75,12,14,0,0.96089,0.27695,0.53223,-0.8466,86,157,0,0.2083,0.0,24,0,8,6,11,0,11,0,7,25.9,32.0,21.5,1.6,71.0,10.5,26.4,70.0,9.2,26.0,69.0,7.4,26.3,48.0,11.2,23.3,52.0,12.4,21.7,51.0,12.5,22.1,63.0,11.4,30.5,31.9,32.3,32.3,26.63,28.32,7,0,0,23,0,0,43,0,0,24,0,0
2026-03-17,2026,3,17,76,12,4,0,0.96551,0.26038,0.50279,-0.86441,82,149,0,0.2206,0.0,14,0,24,8,8,0,12,0,12,26.2,31.7,22.0,6.2,70.0,9.7,27.9,61.0,9.4,25.9,62.0,11.1,25.0,58.0,8.1,24.4,49.0,13.9,22.5,55.0,12.1,22.9,59.0,12.8,36.0,38.1,38.5,38.5,26.65,33.85,7,0,0,27,0,0,16,0,0,14,0,0
2026-03-18,2026,3,18,77,12,5,0,0.96984,0.24373,0.47276,-0.88119,78,145,0,0.1618,0.0,4,0,14,24,9,0,9,0,14,24.3,31.1,21.5,16.3,82.0,9.6,27.8,67.0,9.0,26.1,47.0,12.2,25.7,54.0,9.9,25.3,46.0,14.1,23.5,53.0,12.6,23.1,60.0,10.7,51.3,54.4,54.8,54.8,26.52,48.09,9,0,0,25,0,0,20,0,0,44,0,0
2026-03-19,2026,3,19,78,12,9,0,0.97389,0.22701,0.44217,-0.89693,70,144,0,-0.0533,0.0,5,0,4,14,17,0,10,0,9,25.2,30.9,20.3,0.0,71.0,10.6,27.1,70.0,9.2,27.1,47.0,13.3,25.4,48.0,11.0,26.1,44.0,13.1,23.0,48.0,12.4,22.1,52.0,11.8,51.1,54.4,54.8,54.8,26.39,47.85,8,0,0,25,0,0,13,0,0,31,0,0
2026-03-20,2026,3,20,79,12,5,0,0.97765,0.21022,0.41105,-0.91161,69,143,0,-0.0667,0.0,9,0,5,4,6,0,6,0,7,24.1,28.7,19.9,0.4,76.0,8.8,25.6,78.0,10.8,27.9,47.0,11.9,25.2,45.0,10.6,26.4,46.0,11.9,23.0,51.0,13.2,20.7,51.0,12.1,49.1,54.8,55.2,55.2,26.11,47.69,7,0,0,7,0,0,13,0,0,13,0,0
2026-03-21,2026,3,21,80,12,5,0,0.98112,0.19338,0.37945,-0.92521,66,134,0,-0.029,0.0,5,0,9,5,8,0,14,0,9,21.8,25.3,18.9,19.6,78.0,6.4,26.9,73.0,12.6,27.1,54.0,11.3,25.5,43.0,12.4,26.3,47.0,12.3,23.0,47.0,11.6,20.3,56.0,11.8,61.7,74.4,74.8,74.8,25.74,63.84,11,0,0,10,0,0,13,0,0,17,0,0
2026-03-22,2026,3,22,81,12,7,0,0.98431,0.17647,0.3474,-0.93772,49,132,0,-0.4048,0.0,5,0,5,9,24,0,9,0,10,22.8,27.2,18.7,0.3,69.0,8.5,24.6,80.0,9.7,26.5,65.0,8.1,26.1,55.0,12.3,25.8,49.0,10.4,22.7,49.0,12.5,21.0,55.0,12.1,44.4,73.7,75.1,75.1,25.47,62.57,41,0,0,30,0,0,13,0,0,34,0,0
2026-03-23,2026,3,23,82,13,7,0,0.9872,0.15951,0.31494,-0.94911,42,128,0,-0.5057,0.0,7,0,5,5,14,0,11,0,11,24.6,29.0,19.9,0.2,61.0,9.1,25.9,71.0,10.5,26.4,70.0,9.2,26.0,69.0,7.4,26.3,48.0,11.2,23.3,52.0,12.4,21.7,51.0,12.5,43.0,73.5,74.9,75.3,25.34,62.08,23,0,0,43,0,0,24,0,0,16,0,0
2026-03-24,2026,3,24,83,13,7,0,0.98979,0.14251,0.28211,-0.95938,45,127,0,-0.4458,0.0,7,0,7,5,4,0,8,0,12,26.5,31.3,21.2,0.2,60.0,10.1,26.2,70.0,9.7,27.9,61.0,9.4,25.9,62.0,11.1,25.0,58.0,8.1,24.4,49.0,13.9,22.5,55.0,12.1,37.0,73.0,75.1,75.5,25.24,61.42,27,0,0,16,0,0,14,0,0,25,0,0
2026-03-25,2026,3,25,84,13,9,0,0.9921,0.12546,0.24894,-0.96852,49,127,0,-0.3671,0.0,7,0,7,7,5,0,9,0,9,26.6,32.3,21.6,6.6,69.0,10.7,24.3,82.0,9.6,27.8,67.0,9.0,26.1,47.0,12.2,25.7,54.0,9.9,25.3,46.0,14.1,23.5,53.0,12.6,27.3,78.6,81.7,82.1,25.16,65.92,25,0,0,20,0,0,44,0,0,25,0,0
2026-03-26,2026,3,26,85,13,8,0,0.99411,0.10838,0.21548,-0.97651,48,118,0,-0.3099,0.0,9,0,7,7,9,0,17,0,10,28.5,34.6,22.0,0.0,58.0,12.6,25.2,71.0,10.6,27.1,70.0,9.2,27.1,47.0,13.3,25.4,48.0,11.0,26.1,44.0,13.1,23.0,48.0,12.4,27.3,78.4,81.7,82.1,25.26,66.01,25,0,0,13,0,0,31,0,0,31,0,0
2026-03-27,2026,3,27,86,13,7,0,0.99583,0.09126,0.18176,-0.98334,50,119,0,-0.2714,0.0,8,0,9,7,5,0,6,0,6,29.4,34.4,23.9,0.2,55.0,10.5,24.1,76.0,8.8,25.6,78.0,10.8,27.9,47.0,11.9,25.2,45.0,10.6,26.4,46.0,11.9,23.0,51.0,13.2,27.1,76.2,81.9,82.3,25.53,64.85,7,0,0,13,0,0,13,0,0,13,0,0
2026-03-28,2026,3,28,87,13,11,0,0.99725,0.07412,0.14783,-0.98901,56,122,0,-0.1493,0.0,7,0,8,9,5,0,8,0,14,26.5,29.3,24.3,0.6,66.0,5.0,21.8,78.0,6.4,26.9,73.0,12.6,27.1,54.0,11.3,25.5,43.0,12.4,26.3,47.0,12.3,23.0,47.0,11.6,8.1,69.8,82.5,82.9,25.5,59.33,10,0,0,13,0,0,17,0,0,17,0,0
2026-03-29,2026,3,29,88,13,41,0,0.99838,0.05695,0.11372,-0.99351,90,139,0,0.82,0.0,11,0,7,8,7,0,24,0,9,26.5,32.8,22.5,3.0,72.0,10.3,22.8,69.0,8.5,24.6,80.0,9.7,26.5,65.0,8.1,26.1,55.0,12.3,25.8,49.0,10.4,22.7,49.0,12.5,10.8,55.2,84.5,85.9,25.64,47.18,30,0,0,13,0,0,34,0,0,28,0,0
2026-03-30,2026,3,30,89,14,23,0,0.99921,0.03977,0.07948,-0.99684,106,148,0,1.4884,0.0,41,0,11,7,7,0,14,0,11,26.4,32.1,21.8,15.1,80.0,10.3,24.6,61.0,9.1,25.9,71.0,10.5,26.4,70.0,9.2,26.0,69.0,7.4,26.3,48.0,11.2,23.3,52.0,12.4,25.7,68.7,99.2,100.6,25.67,58.78,43,0,0,24,0,0,16,0,0,25,0,0
2026-03-31,2026,3,31,90,14,27,0,0.99975,0.02258,0.04514,-0.99898,126,171,0,1.7609,0.0,23,0,41,11,7,0,4,0,8,25.8,30.6,23.1,1.8,83.0,7.5,26.5,60.0,10.1,26.2,70.0,9.7,27.9,61.0,9.4,25.9,62.0,11.1,25.0,58.0,8.1,24.4,49.0,13.9,27.3,64.3,100.3,102.4,25.64,54.96,16,0,0,14,0,0,25,0,0,21,0,0
2026-04-01,2026,4,1,91,14,25,0,0.99999,0.00538,0.01075,-0.99994,142,191,0,1.86,0.0,27,0,23,41,9,0,5,0,9,27.5,32.3,23.6,3.2,78.0,8.7,26.6,69.0,10.7,24.3,82.0,9.6,27.8,67.0,9.0,26.1,47.0,12.2,25.7,54.0,9.9,25.3,46.0,14.1,23.9,51.2,102.5,105.6,25.87,44.15,20,0,0,44,0,0,25,0,0,14,0,0
2026-04-02,2026,4,2,92,14,25,0,0.99993,-0.01183,-0.02365,-0.99972,159,207,0,2.2653,0.0,25,0,27,23,8,0,9,0,17,28.6,34.0,24.3,2.6,75.0,9.7,28.5,58.0,12.6,25.2,71.0,10.6,27.1,70.0,9.2,27.1,47.0,13.3,25.4,48.0,11.0,26.1,44.0,13.1,26.5,53.8,104.9,108.2,26.11,46.82,13,0,0,31,0,0,31,0,0,20,0,0
2026-04-03,2026,4,3,93,14,7,0,0.99958,-0.02903,-0.05803,-0.99832,159,209,0,2.1373,0.0,25,0,25,27,7,0,5,0,6,30.2,36.6,25.3,0.0,70.0,11.3,29.4,55.0,10.5,24.1,76.0,8.8,25.6,78.0,10.8,27.9,47.0,11.9,25.2,45.0,10.6,26.4,46.0,11.9,26.3,53.4,102.5,108.2,26.55,47.26,13,0,0,13,0,0,13,0,0,8,0,0
2026-04-04,2026,4,4,94,14,10,0,0.99893,-0.04622,-0.09233,-0.99573,158,214,0,1.7895,0.0,7,0,25,25,11,0,5,0,8,30.6,36.3,25.9,0.0,68.0,10.4,26.5,66.0,5.0,21.8,78.0,6.4,26.9,73.0,12.6,27.1,54.0,11.3,25.5,43.0,12.4,26.3,47.0,12.3,25.7,33.8,95.5,108.2,27.18,30.62,13,0,0,17,0,0,17,0,0,9,0,0
2026-04-05,2026,4,5,95,14,30,0,0.99799,-0.06339,-0.12653,-0.99196,147,237,0,0.6264,0.0,10,0,7,25,41,0,7,0,24,29.0,34.9,25.6,1.4,65.0,9.3,26.5,72.0,10.3,22.8,69.0,8.5,24.6,80.0,9.7,26.5,65.0,8.1,26.1,55.0,12.3,25.8,49.0,10.4,24.1,34.9,79.3,108.6,27.62,32.13,13,0,0,34,0,0,28,0,0,19,0,0
2026-04-06,2026,4,6,96,15,43,0,0.99675,-0.08055,-0.16057,-0.98702,167,273,0,0.5701,0.0,30,0,10,7,23,0,7,0,14,28.4,34.1,23.3,0.8,59.0,10.8,26.4,80.0,10.3,24.6,61.0,9.1,25.9,71.0,10.5,26.4,70.0,9.2,26.0,69.0,7.4,26.3,48.0,11.2,9.8,35.5,78.5,109.0,27.89,33.0,24,0,0,16,0,0,25,0,0,16,0,0
2026-04-07,2026,4,7,97,15,16,0,0.99522,-0.09768,-0.19443,-0.98092,156,282,0,0.2362,0.0,43,0,30,10,27,0,7,0,4,27.9,33.7,23.4,2.0,60.0,10.3,25.8,83.0,7.5,26.5,60.0,10.1,26.2,70.0,9.7,27.9,61.0,9.4,25.9,62.0,11.1,25.0,58.0,8.1,10.0,37.3,74.3,110.3,27.99,34.8,14,0,0,25,0,0,21,0,0,25,0,0
2026-04-08,2026,4,8,98,15,20,0,0.99339,-0.11479,-0.22806,-0.97365,151,293,0,0.0629,0.0,16,0,43,30,25,0,9,0,5,27.0,32.6,21.8,1.3,61.0,10.8,27.5,78.0,8.7,26.6,69.0,10.7,24.3,82.0,9.6,27.8,67.0,9.0,26.1,47.0,12.2,25.7,54.0,9.9,8.1,32.0,59.3,110.6,28.02,29.89,44,0,0,25,0,0,14,0,0,28,0,0
2026-04-09,2026,4,9,99,15,13,0,0.99127,-0.13186,-0.26141,-0.96523,139,298,0,-0.125,0.0,20,0,16,43,25,0,8,0,9,24.0,28.0,22.1,8.4,85.0,5.9,28.6,75.0,9.7,28.5,58.0,12.6,25.2,71.0,10.6,27.1,70.0,9.2,27.1,47.0,13.3,25.4,48.0,11.0,13.9,40.4,67.7,118.8,27.7,37.3,31,0,0,31,0,0,20,0,0,25,0,0
2026-04-10,2026,4,10,100,15,13,0,0.98885,-0.14889,-0.29446,-0.95566,145,304,0,-0.0875,0.0,13,0,20,16,7,0,7,0,5,24.9,29.4,21.2,0.5,77.0,8.2,30.2,70.0,11.3,29.4,55.0,10.5,24.1,76.0,8.8,25.6,78.0,10.8,27.9,47.0,11.9,25.2,45.0,10.6,14.4,40.7,67.8,116.9,27.38,37.15,13,0,0,13,0,0,8,0,0,12,0,0
2026-04-11,2026,4,11,101,15,13,0,0.98615,-0.16588,-0.32716,-0.94497,148,306,0,-0.0629,0.0,13,0,13,20,10,0,11,0,5,26.7,31.8,22.1,0.1,69.0,9.7,30.6,68.0,10.4,26.5,66.0,5.0,21.8,78.0,6.4,26.9,73.0,12.6,27.1,54.0,11.3,25.5,43.0,12.4,14.5,40.2,48.3,110.0,27.39,36.7,17,0,0,17,0,0,9,0,0,28,0,0
2026-04-12,2026,4,12,102,15,13,0,0.98315,-0.18282,-0.35947,-0.93316,131,278,0,-0.1081,0.0,13,0,13,13,30,0,41,0,7,28.3,34.6,23.8,0.0,67.0,10.8,29.0,65.0,9.3,26.5,72.0,10.3,22.8,69.0,8.5,24.6,80.0,9.7,26.5,65.0,8.1,26.1,55.0,12.3,13.1,37.2,48.0,92.4,27.52,34.12,34,0,0,28,0,0,19,0,0,35,1,0
2026-04-13,2026,4,13,103,16,24,0,0.97986,-0.1997,-0.39136,-0.92024,112,279,0,-0.3274,0.0,13,0,13,13,43,0,23,0,7,29.6,36.1,24.5,1.3,70.0,11.6,28.4,59.0,10.8,26.4,80.0,10.3,24.6,61.0,9.1,25.9,71.0,10.5,26.4,70.0,9.2,26.0,69.0,7.4,13.6,23.4,49.1,92.1,27.75,21.64,16,0,0,25,0,0,16,0,0,29,0,0
2026-04-14,2026,4,14,104,16,14,0,0.97628,-0.21653,-0.42278,-0.90623,110,266,0,-0.293,0.0,24,0,13,13,16,0,27,0,7,29.3,34.5,25.1,1.2,73.0,9.4,27.9,60.0,10.3,25.8,83.0,7.5,26.5,60.0,10.1,26.2,70.0,9.7,27.9,61.0,9.4,25.9,62.0,11.1,12.8,22.8,50.1,87.1,28.0,21.28,25,0,0,21,0,0,25,0,0,37,0,0
2026-04-15,2026,4,15,105,16,44,0,0.97241,-0.23329,-0.4537,-0.89115,134,285,0,-0.1118,0.0,14,0,24,13,20,0,25,0,9,30.2,36.1,26.3,1.9,69.0,9.8,27.0,61.0,10.8,27.5,78.0,8.7,26.6,69.0,10.7,24.3,82.0,9.6,27.8,67.0,9.0,26.1,47.0,12.2,13.4,21.5,45.4,72.7,28.19,20.2,25,0,0,14,0,0,28,0,0,27,0,0
2026-04-16,2026,4,16,106,16,31,0,0.96825,-0.24998,-0.48409,-0.87502,152,291,0,0.0929,0.0,44,0,14,24,13,0,25,0,8,28.9,32.3,24.6,2.9,75.0,7.7,24.0,85.0,5.9,28.6,75.0,9.7,28.5,58.0,12.6,25.2,71.0,10.6,27.1,70.0,9.2,27.1,47.0,13.3,7.9,21.8,48.3,75.6,28.21,20.5,31,0,0,20,0,0,25,0,0,29,0,0
2026-04-17,2026,4,17,107,16,13,0,0.96381,-0.2666,-0.5139,-0.85785,152,297,0,0.0479,0.0,31,0,44,14,13,0,7,0,7,28.5,32.7,24.2,0.6,79.0,8.5,24.9,77.0,8.2,30.2,70.0,11.3,29.4,55.0,10.5,24.1,76.0,8.8,25.6,78.0,10.8,27.9,47.0,11.9,8.0,22.4,48.7,75.8,28.09,20.97,13,0,0,8,0,0,12,0,0,10,0,0
2026-04-18,2026,4,18,108,16,17,0,0.95908,-0.28314,-0.54311,-0.83966,156,304,0,0.0537,0.0,13,0,31,44,13,0,10,0,11,29.3,33.6,26.0,0.8,76.0,7.6,26.7,69.0,9.7,30.6,68.0,10.4,26.5,66.0,5.0,21.8,78.0,6.4,26.9,73.0,12.6,27.1,54.0,11.3,8.7,23.2,48.9,57.0,28.0,21.65,17,0,0,9,0,0,28,0,0,16,0,0
2026-04-19,2026,4,19,109,16,34,0,0.95407,-0.29959,-0.57167,-0.82049,177,308,0,0.3485,0.0,17,0,13,31,13,0,30,0,41,28.8,33.8,23.5,5.7,77.0,10.3,28.3,67.0,10.8,29.0,65.0,9.3,26.5,72.0,10.3,22.8,69.0,8.5,24.6,80.0,9.7,26.5,65.0,8.1,14.4,27.5,51.6,62.4,27.99,25.66,28,0,0,19,0,0,35,1,0,67,0,0
2026-04-20,2026,4,20,110,17,16,0,0.94877,-0.31596,-0.59955,-0.80034,169,281,0,0.5044,0.0,34,0,17,13,24,0,43,0,23,30.7,36.2,26.9,0.7,73.0,9.3,29.6,70.0,11.6,28.4,59.0,10.8,26.4,80.0,10.3,24.6,61.0,9.1,25.9,71.0,10.5,26.4,70.0,9.2,13.8,27.4,37.2,62.9,28.15,25.71,25,0,0,16,0,0,29,0,0,28,0,0
2026-04-21,2026,4,21,111,17,25,0,0.9432,-0.33224,-0.62673,-0.77924,180,290,0,0.6306,0.0,16,0,34,17,14,0,16,0,27,31.0,37.3,26.7,0.7,71.0,10.6,29.3,73.0,9.4,27.9,60.0,10.3,25.8,83.0,7.5,26.5,60.0,10.1,26.2,70.0,9.7,27.9,61.0,9.4,13.3,26.1,36.1,63.4,28.37,24.68,21,0,0,25,0,0,37,0,0,32,0,0
2026-04-22,2026,4,22,112,17,25,0,0.93734,-0.34841,-0.65316,-0.75722,161,295,0,0.2,0.0,25,0,16,34,44,0,20,0,25,30.3,37.2,25.7,1.6,71.0,11.5,30.2,69.0,9.8,27.0,61.0,10.8,27.5,78.0,8.7,26.6,69.0,10.7,24.3,82.0,9.6,27.8,67.0,9.0,13.0,26.4,34.5,58.4,28.61,25.18,14,0,0,28,0,0,27,0,0,33,0,0
2026-04-23,2026,4,23,113,17,31,0,0.93121,-0.36448,-0.67882,-0.7343,161,313,0,0.0588,0.0,25,0,25,16,31,0,13,0,25,30.9,36.5,25.8,0.2,69.0,10.7,28.9,75.0,7.7,24.0,85.0,5.9,28.6,75.0,9.7,28.5,58.0,12.6,25.2,71.0,10.6,27.1,70.0,9.2,10.3,18.2,32.1,58.6,29.1,17.65,20,0,0,25,0,0,29,0,0,21,0,0
2026-04-24,2026,4,24,114,17,13,0,0.9248,-0.38045,-0.70368,-0.71052,161,313,0,0.0588,0.0,31,0,25,25,13,0,13,0,7,31.5,36.4,26.8,0.0,68.0,9.6,28.5,79.0,8.5,24.9,77.0,8.2,30.2,70.0,11.3,29.4,55.0,10.5,24.1,76.0,8.8,25.6,78.0,10.8,9.7,17.7,32.1,58.4,29.57,17.45,8,0,0,12,0,0,10,0,0,11,0,0
2026-04-25,2026,4,25,115,17,17,0,0.91812,-0.3963,-0.7277,-0.68589,161,317,0,0.0318,0.0,13,0,31,25,17,0,13,0,10,31.8,36.7,26.7,0.1,65.0,10.0,29.3,76.0,7.6,26.7,69.0,9.7,30.6,68.0,10.4,26.5,66.0,5.0,21.8,78.0,6.4,26.9,73.0,12.6,9.0,17.7,32.2,57.9,29.94,17.66,9,0,0,28,0,0,16,0,0,19,0,0
2026-04-26,2026,4,26,116,17,28,0,0.91117,-0.41203,-0.75086,-0.66046,155,332,0,-0.1236,0.0,17,0,13,31,34,0,13,0,30,28.3,33.1,24.7,0.9,77.0,8.4,28.8,77.0,10.3,28.3,67.0,10.8,29.0,65.0,9.3,26.5,72.0,10.3,22.8,69.0,8.5,24.6,80.0,9.7,4.2,18.6,31.7,55.8,29.94,18.56,19,0,0,35,1,0,67,0,0,23,0,0
2026-04-27,2026,4,27,117,18,25,0,0.90395,-0.42765,-0.77314,-0.63424,164,333,0,-0.0294,0.0,28,0,17,13,16,0,24,0,43,25.6,29.9,22.4,35.3,85.0,7.5,30.7,73.0,9.3,29.6,70.0,11.6,28.4,59.0,10.8,26.4,80.0,10.3,24.6,61.0,9.1,25.9,71.0,10.5,38.8,52.6,66.2,76.0,29.65,51.99,16,0,0,29,0,0,28,0,0,22,0,0
2026-04-28,2026,4,28,118,18,21,0,0.89646,-0.44313,-0.7945,-0.60727,160,340,0,-0.1105,0.0,25,0,28,17,25,0,14,0,16,25.0,26.6,23.1,12.6,89.0,3.5,31.0,71.0,10.6,29.3,73.0,9.4,27.9,60.0,10.3,25.8,83.0,7.5,26.5,60.0,10.1,26.2,70.0,9.7,50.7,64.0,76.8,86.8,29.34,62.59,25,0,0,37,0,0,32,0,0,14,0,0
2026-04-29,2026,4,29,119,18,14,0,0.8887,-0.45849,-0.81492,-0.57958,149,310,0,-0.0741,0.0,21,0,25,28,25,0,44,0,20,23.6,25.0,22.0,5.4,88.0,3.0,30.3,71.0,11.5,30.2,69.0,9.8,27.0,61.0,10.8,27.5,78.0,8.7,26.6,69.0,10.7,24.3,82.0,9.6,54.5,67.5,80.9,89.0,28.87,64.96,28,0,0,27,0,0,33,0,0,14,0,0
2026-04-30,2026,4,30,120,18,20,0,0.88068,-0.47371,-0.83437,-0.5512,138,299,0,-0.142,0.0,14,0,21,25,31,0,31,0,13,24.5,28.3,20.7,20.9,83.0,7.6,30.9,69.0,10.7,28.9,75.0,7.7,24.0,85.0,5.9,28.6,75.0,9.7,28.5,58.0,12.6,25.2,71.0,10.6,75.2,85.5,93.4,107.3,28.56,81.4,25,0,0,29,0,0,21,0,0,10,0,0
2026-05-01,2026,5,1,121,18,8,0,0.8724,-0.48879,-0.85284,-0.52218,133,294,0,-0.1728,0.0,20,0,14,21,13,0,13,0,13,24.4,27.1,22.1,25.4,84.0,5.0,31.5,68.0,9.6,28.5,79.0,8.5,24.9,77.0,8.2,30.2,70.0,11.3,29.4,55.0,10.5,24.1,76.0,8.8,100.6,110.3,118.3,132.7,28.26,103.9,12,0,0,10,0,0,11,0,0,14,0,0
2026-05-02,2026,5,2,122,18,9,0,0.86387,-0.50372,-0.87029,-0.49253,125,286,0,-0.2222,0.0,8,0,20,14,17,0,17,0,13,24.9,29.8,21.3,8.3,82.0,8.5,31.8,65.0,10.0,29.3,76.0,7.6,26.7,69.0,9.7,30.6,68.0,10.4,26.5,66.0,5.0,21.8,78.0,6.4,108.8,117.8,126.5,141.0,27.95,109.75,28,0,0,16,0,0,19,0,0,29,0,0
2026-05-03,2026,5,3,123,18,19,0,0.85507,-0.51851,-0.88672,-0.4623,116,271,0,-0.25,0.0,9,0,8,20,28,0,34,0,13,25.3,29.3,22.3,1.6,86.0,7.0,28.3,77.0,8.4,28.8,77.0,10.3,28.3,67.0,10.8,29.0,65.0,9.3,26.5,72.0,10.3,22.8,69.0,8.5,109.5,113.7,128.1,141.2,27.7,104.98,35,1,0,67,0,0,23,0,0,24,0,0
2026-05-04,2026,5,4,124,19,16,0,0.84603,-0.53314,-0.9021,-0.43153,107,271,0,-0.3455,0.0,19,0,9,8,25,0,16,0,24,25.6,30.0,22.2,7.0,85.0,7.8,25.6,85.0,7.5,30.7,73.0,9.3,29.6,70.0,11.6,28.4,59.0,10.8,26.4,80.0,10.3,24.6,61.0,9.1,81.2,120.0,133.8,147.4,27.34,109.36,29,0,0,28,0,0,22,0,0,110,1,0
2026-05-05,2026,5,5,125,19,25,0,0.83673,-0.54761,-0.91641,-0.40024,111,271,0,-0.3043,0.0,16,0,19,9,21,0,25,0,14,26.3,30.8,21.6,7.9,84.0,9.2,25.0,89.0,3.5,31.0,71.0,10.6,29.3,73.0,9.4,27.9,60.0,10.3,25.8,83.0,7.5,26.5,60.0,10.1,76.5,127.2,140.5,153.3,27.0,114.48,37,0,0,32,0,0,14,0,0,77,0,0
2026-05-06,2026,5,6,126,19,28,0,0.82719,-0.56192,-0.92963,-0.36848,125,274,0,-0.16,0.0,25,0,16,19,14,0,25,0,44,26.6,31.1,23.1,8.0,82.0,8.0,23.6,88.0,3.0,30.3,71.0,11.5,30.2,69.0,9.8,27.0,61.0,10.8,27.5,78.0,8.7,26.6,69.0,10.7,79.1,133.6,146.6,160.0,26.74,119.08,27,0,0,33,0,0,14,0,0,75,0,0
2026-05-07,2026,5,7,127,19,25,0,0.8174,-0.57607,-0.94176,-0.33629,130,268,0,-0.0576,0.0,28,0,25,16,20,0,31,0,31,26.1,30.5,22.3,0.5,82.0,8.2,24.5,83.0,7.6,30.9,69.0,10.7,28.9,75.0,7.7,24.0,85.0,5.9,28.6,75.0,9.7,28.5,58.0,12.6,58.7,133.9,144.2,152.1,26.39,117.79,29,0,0,21,0,0,10,0,0,91,0,0
2026-05-08,2026,5,8,128,19,12,0,0.80737,-0.59004,-0.95277,-0.3037,134,267,0,0.0075,0.0,25,0,28,25,8,0,13,0,13,27.6,32.1,23.0,0.0,73.0,9.1,24.4,84.0,5.0,31.5,68.0,9.6,28.5,79.0,8.5,24.9,77.0,8.2,30.2,70.0,11.3,29.4,55.0,10.5,33.3,133.9,143.6,151.6,26.11,116.54,10,0,0,11,0,0,14,0,0,23,0,0
2026-05-09,2026,5,9,129,19,28,0,0.7971,-0.60385,-0.96265,-0.27074,153,278,0,0.2222,0.0,12,0,25,28,9,0,17,0,17,28.4,32.9,24.5,0.0,69.0,8.4,24.9,82.0,8.5,31.8,65.0,10.0,29.3,76.0,7.6,26.7,69.0,9.7,30.6,68.0,10.4,26.5,66.0,5.0,25.0,133.8,142.8,151.5,25.87,115.38,16,0,0,19,0,0,29,0,0,31,0,0
2026-05-10,2026,5,10,130,19,35,1,0.7866,-0.61747,-0.9714,-0.23747,169,285,1,0.453,0.00588,28,0,12,25,19,0,28,0,34,26.0,29.5,22.9,10.5,79.0,6.6,25.3,86.0,7.0,28.3,77.0,8.4,28.8,77.0,10.3,28.3,67.0,10.8,29.0,65.0,9.3,26.5,72.0,10.3,33.9,143.4,147.6,162.0,25.71,122.89,67,0,0,23,0,0,24,0,0,107,0,0
2026-05-11,2026,5,11,131,20,29,0,0.77586,-0.63091,-0.97899,-0.20391,182,289,1,0.6944,0.00546,35,1,28,12,16,0,25,0,16,25.2,30.8,21.6,13.3,82.0,9.2,25.6,85.0,7.8,25.6,85.0,7.5,30.7,73.0,9.3,29.6,70.0,11.6,28.4,59.0,10.8,26.4,80.0,10.3,40.2,121.4,160.2,174.0,25.68,103.92,28,0,0,22,0,0,110,1,0,65,0,0
2026-05-12,2026,5,12,132,20,37,0,0.76489,-0.64416,-0.98542,-0.17012,194,305,1,0.7411,0.00513,29,0,35,28,25,0,21,0,25,27.5,31.6,22.6,0.4,76.0,9.0,26.3,84.0,9.2,25.0,89.0,3.5,31.0,71.0,10.6,29.3,73.0,9.4,27.9,60.0,10.3,25.8,83.0,7.5,32.7,109.2,159.9,173.2,25.86,94.13,32,0,0,14,0,0,77,0,0,68,0,0
2026-05-13,2026,5,13,133,20,27,0,0.7537,-0.65722,-0.99069,-0.13612,193,318,1,0.5397,0.00515,37,0,29,35,28,0,14,0,25,28.2,32.1,25.4,5.7,76.0,6.7,26.6,82.0,8.0,23.6,88.0,3.0,30.3,71.0,11.5,30.2,69.0,9.8,27.0,61.0,10.8,27.5,78.0,8.7,30.4,109.5,164.0,177.0,26.19,95.59,33,0,0,14,0,0,75,0,0,73,0,0
2026-05-14,2026,5,14,134,20,29,0,0.74228,-0.67009,-0.99479,-0.10196,197,327,1,0.5115,0.00505,27,0,37,29,25,0,20,0,31,27.6,32.1,24.5,2.5,81.0,7.6,26.1,82.0,8.2,24.5,83.0,7.6,30.9,69.0,10.7,28.9,75.0,7.7,24.0,85.0,5.9,28.6,75.0,9.7,32.4,91.1,166.3,176.6,26.41,80.2,21,0,0,10,0,0,91,0,0,95,0,0
2026-05-15,2026,5,15,135,20,10,0,0.73064,-0.68276,-0.99771,-0.06768,195,329,1,0.4519,0.0051,29,0,27,37,12,0,8,0,13,29.2,32.7,26.1,0.5,78.0,6.6,27.6,73.0,9.1,24.4,84.0,5.0,31.5,68.0,9.6,28.5,79.0,8.5,24.9,77.0,8.2,30.2,70.0,11.3,32.9,66.2,166.8,176.5,26.75,59.03,11,0,0,14,0,0,23,0,0,19,0,0
2026-05-16,2026,5,16,136,20,16,0,0.71879,-0.69523,-0.99944,-0.03332,183,336,1,0.1948,0.00543,10,0,29,27,28,0,9,0,17,28.9,33.4,25.2,3.3,82.0,8.2,28.4,69.0,8.4,24.9,82.0,8.5,31.8,65.0,10.0,29.3,76.0,7.6,26.7,69.0,9.7,30.6,68.0,10.4,36.2,61.2,170.0,179.0,27.04,55.16,19,0,0,29,0,0,31,0,0,35,0,0
2026-05-17,2026,5,17,137,20,67,0,0.70673,-0.70749,-1.0,0.00108,215,384,0,0.2706,0.0,16,0,10,29,35,1,19,0,28,29.3,33.3,24.9,0.2,76.0,8.4,26.0,79.0,6.6,25.3,86.0,7.0,28.3,77.0,8.4,28.8,77.0,10.3,28.3,67.0,10.8,29.0,65.0,9.3,25.9,59.8,169.3,173.5,27.32,54.46,23,0,0,24,0,0,107,0,0,135,0,0
2026-05-18,2026,5,18,138,21,28,0,0.69445,-0.71954,-0.99937,0.03547,214,396,0,0.1749,0.0,67,0,16,10,29,0,16,0,25,29.1,33.1,24.7,2.5,79.0,8.4,25.2,82.0,9.2,25.6,85.0,7.8,25.6,85.0,7.5,30.7,73.0,9.3,29.6,70.0,11.6,28.4,59.0,10.8,15.1,55.3,136.5,175.3,27.57,50.82,22,0,0,110,1,0,65,0,0,98,0,0
2026-05-19,2026,5,19,139,21,32,0,0.68197,-0.73138,-0.99756,0.06983,209,403,0,0.0769,0.0,28,0,67,16,37,0,25,0,21,29.4,33.3,26.0,0.9,80.0,7.3,27.5,76.0,9.0,26.3,84.0,9.2,25.0,89.0,3.5,31.0,71.0,10.6,29.3,73.0,9.4,27.9,60.0,10.3,15.6,48.3,124.8,175.5,27.79,44.74,14,0,0,77,0,0,68,0,0,113,1,0
2026-05-20,2026,5,20,140,21,33,0,0.66929,-0.743,-0.99457,0.1041,215,408,0,0.1134,0.0,32,0,28,67,27,0,28,0,14,30.1,33.9,26.4,1.7,80.0,7.5,28.2,76.0,6.7,26.6,82.0,8.0,23.6,88.0,3.0,30.3,71.0,11.5,30.2,69.0,9.8,27.0,61.0,10.8,11.6,42.0,121.1,175.6,28.04,39.26,14,0,0,75,0,0,73,0,0,87,0,0
2026-05-21,2026,5,21,141,21,21,0,0.65641,-0.7544,-0.9904,0.13825,207,404,0,0.0505,0.0,33,0,32,28,29,0,25,0,20,29.7,32.1,27.6,2.9,83.0,4.5,27.6,81.0,7.6,26.1,82.0,8.2,24.5,83.0,7.6,30.9,69.0,10.7,28.9,75.0,7.7,24.0,85.0,5.9,12.0,44.4,103.1,178.3,28.3,41.88,10,0,0,91,0,0,95,0,0,101,0,0
2026-05-22,2026,5,22,142,21,11,0,0.64334,-0.76558,-0.98506,0.17224,208,403,0,0.0663,0.0,21,0,33,32,10,0,12,0,8,30.0,33.2,27.3,3.1,81.0,5.9,29.2,78.0,6.6,27.6,73.0,9.1,24.4,84.0,5.0,31.5,68.0,9.6,28.5,79.0,8.5,24.9,77.0,8.2,14.6,47.5,80.8,181.4,28.47,45.08,14,0,0,23,0,0,19,0,0,20,0,0
2026-05-23,2026,5,23,143,21,19,0,0.63007,-0.77654,-0.97855,0.20602,211,394,0,0.1522,0.0,11,0,21,33,16,0,28,0,9,30.7,35.2,27.3,2.8,78.0,7.9,28.9,82.0,8.2,28.4,69.0,8.4,24.9,82.0,8.5,31.8,65.0,10.0,29.3,76.0,7.6,26.7,69.0,9.7,14.1,50.3,75.3,184.1,28.64,48.02,29,0,0,31,0,0,35,0,0,60,0,0
2026-05-24,2026,5,24,144,21,23,0,0.61662,-0.78726,-0.97088,0.23956,167,382,0,-0.2222,0.0,19,0,11,21,67,0,35,1,19,30.2,34.7,28.0,4.0,78.0,6.7,29.3,76.0,8.4,26.0,79.0,6.6,25.3,86.0,7.0,28.3,77.0,8.4,28.8,77.0,10.3,28.3,67.0,10.8,17.9,43.8,77.7,187.2,28.94,42.25,24,0,0,107,0,0,135,0,0,220,2,0
2026-05-25,2026,5,25,145,22,22,0,0.60299,-0.79775,-0.96207,0.27281,161,375,0,-0.2465,0.0,23,0,19,11,28,0,29,0,16,28.6,33.8,24.8,5.0,81.0,9.0,29.1,79.0,8.4,25.2,82.0,9.2,25.6,85.0,7.8,25.6,85.0,7.5,30.7,73.0,9.3,29.6,70.0,11.6,20.4,35.5,75.7,156.9,29.18,34.53,110,1,0,65,0,0,98,0,0,139,1,0
2026-05-26,2026,5,26,146,22,14,0,0.58918,-0.808,-0.95211,0.30574,143,352,0,-0.3143,0.0,22,0,23,19,32,0,37,0,25,26.2,29.9,24.2,6.2,86.0,5.7,29.4,80.0,7.3,27.5,76.0,9.0,26.3,84.0,9.2,25.0,89.0,3.5,31.0,71.0,10.6,29.3,73.0,9.4,25.7,41.3,74.0,150.5,29.09,40.05,77,0,0,68,0,0,113,1,0,121,0,0
2026-05-27,2026,5,27,147,22,14,0,0.57519,-0.81802,-0.94103,0.33831,124,339,0,-0.4213,0.0,14,0,22,23,33,0,27,0,28,25.0,28.7,23.4,38.4,87.0,5.3,30.1,80.0,7.5,28.2,76.0,6.7,26.6,82.0,8.0,23.6,88.0,3.0,30.3,71.0,11.5,30.2,69.0,9.8,62.4,74.0,104.4,183.5,28.86,71.19,75,0,0,73,0,0,87,0,0,157,2,0
2026-05-28,2026,5,28,148,22,10,0,0.56103,-0.82779,-0.92884,0.37048,113,320,0,-0.4519,0.0,14,0,14,22,21,0,29,0,25,27.4,31.5,23.9,0.3,81.0,7.6,29.7,83.0,4.5,27.6,81.0,7.6,26.1,82.0,8.2,24.5,83.0,7.6,30.9,69.0,10.7,28.9,75.0,7.7,59.8,71.8,104.2,162.9,28.84,69.02,91,0,0,95,0,0,101,0,0,198,1,0
2026-05-29,2026,5,29,149,22,14,0,0.54671,-0.83732,-0.91555,0.40221,116,324,0,-0.4402,0.0,10,0,14,14,11,0,10,0,12,27.6,32.0,25.1,2.7,80.0,6.9,30.0,81.0,5.9,29.2,78.0,6.6,27.6,73.0,9.1,24.4,84.0,5.0,31.5,68.0,9.6,28.5,79.0,8.5,59.4,74.0,106.9,140.2,28.73,70.87,23,0,0,19,0,0,20,0,0,31,0,0
2026-05-30,2026,5,30,150,22,29,0,0.53223,-0.8466,-0.90117,0.43347,126,337,0,-0.4009,0.0,14,0,10,14,19,0,16,0,28,28.6,32.6,24.5,0.0,72.0,8.1,30.7,78.0,7.9,28.9,82.0,8.2,28.4,69.0,8.4,24.9,82.0,8.5,31.8,65.0,10.0,29.3,76.0,7.6,56.6,70.7,106.9,131.9,28.71,67.66,31,0,0,35,0,0,60,0,0,82,0,0
2026-05-31,2026,5,31,151,22,24,0,0.51759,-0.85563,-0.88572,0.46421,127,294,0,-0.2381,0.0,29,0,14,10,23,0,67,0,35,30.4,34.3,25.8,0.0,67.0,8.5,30.2,78.0,6.7,29.3,76.0,8.4,26.0,79.0,6.6,25.3,86.0,7.0,28.3,77.0,8.4,28.8,77.0,10.3,52.6,70.5,96.4,130.3,28.79,67.66,107,0,0,135,0,0,220,2,0,172,0,0
2026-06-01,2026,6,1,152,23,110,1,0.50279,-0.86441,-0.86923,0.4944,215,376,1,0.3333,0.00463,24,0,29,14,22,0,28,0,29,30.6,34.4,26.8,0.8,72.0,7.6,28.6,81.0,9.0,29.1,79.0,8.4,25.2,82.0,9.2,25.6,85.0,7.8,25.6,85.0,7.5,30.7,73.0,9.3,48.4,68.8,83.9,124.1,28.89,66.25,65,0,0,98,0,0,139,1,0,124,5,0
2026-06-02,2026,6,2,153,23,77,0,0.48785,-0.87293,-0.85171,0.52401,278,421,1,0.9375,0.00358,110,1,24,29,14,0,32,0,37,30.9,34.5,26.9,0.1,72.0,7.6,26.2,86.0,5.7,29.4,80.0,7.3,27.5,76.0,9.0,26.3,84.0,9.2,25.0,89.0,3.5,31.0,71.0,10.6,42.3,68.0,83.6,116.3,29.0,65.73,68,0,0,113,1,0,121,0,0,180,0,0
2026-06-03,2026,6,3,154,23,75,0,0.47276,-0.88119,-0.83318,0.553,339,463,1,1.72,0.00294,77,0,110,24,14,0,33,0,27,32.0,36.1,27.5,0.0,66.0,8.6,25.0,87.0,5.3,30.1,80.0,7.5,28.2,76.0,6.7,26.6,82.0,8.0,23.6,88.0,3.0,30.3,71.0,11.5,3.9,66.3,77.9,108.3,29.14,64.4,73,0,0,87,0,0,157,2,0,163,1,0
2026-06-04,2026,6,4,155,23,91,0,0.45753,-0.88919,-0.81367,0.58133,420,533,1,2.693,0.00238,75,0,77,110,10,0,21,0,29,32.1,36.0,28.2,2.3,68.0,7.8,27.4,81.0,7.6,29.7,83.0,4.5,27.6,81.0,7.6,26.1,82.0,8.2,24.5,83.0,7.6,30.9,69.0,10.7,5.9,65.7,77.7,110.1,29.31,64.19,95,0,0,101,0,0,198,1,0,147,0,0
2026-06-05,2026,6,5,156,23,23,0,0.44217,-0.89693,-0.79319,0.60897,429,545,1,2.6752,0.00233,91,0,75,77,14,0,11,0,10,29.1,32.0,25.7,10.5,82.0,6.3,27.6,80.0,6.9,30.0,81.0,5.9,29.2,78.0,6.6,27.6,73.0,9.1,24.4,84.0,5.0,31.5,68.0,9.6,13.7,73.1,87.7,120.6,29.24,71.25,19,0,0,20,0,0,31,0,0,44,0,0
2026-06-06,2026,6,6,157,23,31,0,0.42667,-0.90441,-0.77177,0.6359,431,557,1,2.4016,0.00231,23,0,91,75,29,0,19,0,16,29.6,33.8,26.1,0.7,79.0,7.7,28.6,72.0,8.1,30.7,78.0,7.9,28.9,82.0,8.2,28.4,69.0,8.4,24.9,82.0,8.5,31.8,65.0,10.0,14.4,71.0,85.1,121.3,29.16,69.01,35,0,0,60,0,0,82,0,0,139,0,0
2026-06-07,2026,6,7,158,23,107,0,0.41105,-0.91161,-0.74944,0.66207,514,641,1,3.0234,0.00194,31,0,23,91,24,0,23,0,67,29.1,34.1,26.6,3.0,81.0,7.5,30.4,67.0,8.5,30.2,78.0,6.7,29.3,76.0,8.4,26.0,79.0,6.6,25.3,86.0,7.0,28.3,77.0,8.4,17.4,70.0,87.9,113.8,29.09,67.88,135,0,0,220,2,0,172,0,0,274,0,0
2026-06-08,2026,6,8,159,24,65,0,0.39531,-0.91855,-0.72622,0.68746,469,684,0,1.1759,0.0,107,0,31,23,110,1,22,0,28,29.2,33.0,24.9,0.3,80.0,8.1,30.6,72.0,7.6,28.6,81.0,9.0,29.1,79.0,8.4,25.2,82.0,9.2,25.6,85.0,7.8,25.6,85.0,7.5,16.9,65.3,85.7,100.8,29.13,63.41,98,0,0,139,1,0,124,5,0,239,0,0
2026-06-09,2026,6,9,160,24,68,0,0.37945,-0.92521,-0.70215,0.71203,460,738,0,0.6523,0.0,65,0,107,31,77,0,14,0,32,28.5,33.8,25.6,6.2,82.0,8.2,30.9,72.0,7.6,26.2,86.0,5.7,29.4,80.0,7.3,27.5,76.0,9.0,26.3,84.0,9.2,25.0,89.0,3.5,23.0,65.3,91.0,106.6,29.29,63.75,113,1,0,121,0,0,180,0,0,196,0,0
2026-06-10,2026,6,10,161,24,73,0,0.36348,-0.9316,-0.67724,0.73576,458,797,0,0.35,0.0,68,0,65,107,75,0,14,0,33,27.9,31.0,26.3,3.0,84.0,4.7,32.0,66.0,8.6,25.0,87.0,5.3,30.1,80.0,7.5,28.2,76.0,6.7,26.6,82.0,8.0,23.6,88.0,3.0,26.0,29.9,92.3,103.9,29.5,29.4,87,0,0,157,2,0,163,1,0,251,3,0
2026-06-11,2026,6,11,162,24,95,0,0.3474,-0.93772,-0.65153,0.75862,462,882,0,0.0998,0.0,73,0,68,65,91,0,10,0,21,29.4,34.0,26.2,1.7,77.0,7.8,32.1,68.0,7.8,27.4,81.0,7.6,29.7,83.0,4.5,27.6,81.0,7.6,26.1,82.0,8.2,24.5,83.0,7.6,25.4,31.3,91.1,103.1,29.64,30.92,101,0,0,198,1,0,147,0,0,190,2,0
2026-06-12,2026,6,12,163,24,19,0,0.33122,-0.94355,-0.62505,0.78058,458,887,0,0.0674,0.0,95,0,73,68,23,0,14,0,11,29.4,34.0,26.2,3.0,75.0,7.8,29.1,82.0,6.3,27.6,80.0,6.9,30.0,81.0,5.9,29.2,78.0,6.6,27.6,73.0,9.1,24.4,84.0,5.0,17.9,31.6,91.0,105.6,29.77,31.36,20,0,0,31,0,0,44,0,0,68,0,0
2026-06-13,2026,6,13,164,24,35,0,0.31494,-0.94911,-0.59783,0.80162,462,893,0,0.0718,0.0,19,0,95,73,31,0,29,0,19,29.1,33.6,26.3,5.6,78.0,7.3,29.6,79.0,7.7,28.6,72.0,8.1,30.7,78.0,7.9,28.9,82.0,8.2,28.4,69.0,8.4,24.9,82.0,8.5,22.8,37.2,93.8,107.9,29.81,36.96,60,0,0,82,0,0,139,0,0,158,0,0
2026-06-14,2026,6,14,165,24,135,0,0.29857,-0.95439,-0.5699,0.82171,490,1004,0,-0.0466,0.0,35,0,19,95,107,0,24,0,23,28.9,32.2,26.6,8.1,82.0,5.6,29.1,81.0,7.5,30.4,67.0,8.5,30.2,78.0,6.7,29.3,76.0,8.4,26.0,79.0,6.6,25.3,86.0,7.0,27.9,45.3,97.9,115.8,29.7,44.85,220,2,0,172,0,0,274,0,0,350,1,0
2026-06-15,2026,6,15,166,25,98,0,0.28211,-0.95938,-0.5413,0.84083,523,992,0,0.1149,0.0,135,0,35,19,65,0,110,1,22,29.5,33.0,26.6,6.1,78.0,6.4,29.2,80.0,8.1,30.6,72.0,7.6,28.6,81.0,9.0,29.1,79.0,8.4,25.2,82.0,9.2,25.6,85.0,7.8,33.7,50.6,99.0,119.4,29.62,49.96,139,1,0,124,5,0,239,0,0,327,2,0
2026-06-16,2026,6,16,167,25,113,1,0.26556,-0.96409,-0.51206,0.85895,568,1028,1,0.2343,0.00176,98,0,135,35,68,0,77,0,14,29.1,33.0,25.1,1.8,80.0,7.9,28.5,82.0,8.2,30.9,72.0,7.6,26.2,86.0,5.7,29.4,80.0,7.3,27.5,76.0,9.0,26.3,84.0,9.2,29.3,52.3,94.6,120.3,29.49,51.41,121,0,0,180,0,0,196,0,0,329,1,0
2026-06-17,2026,6,17,168,25,87,0,0.24894,-0.96852,-0.48221,0.87606,582,1040,1,0.2702,0.00172,113,1,98,135,73,0,75,0,14,29.7,32.9,26.9,0.2,77.0,6.0,27.9,84.0,4.7,32.0,66.0,8.6,25.0,87.0,5.3,30.1,80.0,7.5,28.2,76.0,6.7,26.6,82.0,8.0,26.5,52.5,56.4,118.8,29.33,51.33,157,2,0,163,1,0,251,3,0,391,2,1
2026-06-18,2026,6,18,169,25,101,0,0.23224,-0.97266,-0.45179,0.89213,588,1050,1,0.2721,0.0017,87,0,113,98,95,0,91,0,10,29.2,33.5,26.4,4.8,79.0,7.1,29.4,77.0,7.8,32.1,68.0,7.8,27.4,81.0,7.6,29.7,83.0,4.5,27.6,81.0,7.6,26.1,82.0,8.2,29.6,55.0,60.9,120.7,29.12,53.39,198,1,0,147,0,0,190,2,0,306,2,0
2026-06-19,2026,6,19,170,25,20,0,0.21548,-0.97651,-0.42083,0.90714,589,1047,1,0.2854,0.00169,101,0,87,113,19,0,23,0,14,28.3,31.5,25.6,0.8,83.0,5.9,29.4,75.0,7.8,29.1,82.0,6.3,27.6,80.0,6.9,30.0,81.0,5.9,29.2,78.0,6.6,27.6,73.0,9.1,27.4,45.3,59.0,118.4,29.06,43.88,31,0,0,44,0,0,68,0,0,94,0,0
2026-06-20,2026,6,20,171,25,60,0,0.19865,-0.98007,-0.38938,0.92108,614,1076,1,0.3283,0.00163,20,0,101,87,35,0,31,0,29,30.1,35.6,26.4,1.9,76.0,9.2,29.1,78.0,7.3,29.6,79.0,7.7,28.6,72.0,8.1,30.7,78.0,7.9,28.9,82.0,8.2,28.4,69.0,8.4,23.7,46.5,60.9,117.5,29.1,45.11,82,0,0,139,0,0,158,0,0,242,1,0
2026-06-21,2026,6,21,172,25,220,2,0.18176,-0.98334,-0.35746,0.93393,699,1189,3,0.4257,0.00429,60,0,20,101,135,0,107,0,24,29.5,36.0,27.0,9.8,79.0,9.0,28.9,82.0,5.6,29.1,81.0,7.5,30.4,67.0,8.5,30.2,78.0,6.7,29.3,76.0,8.4,26.0,79.0,6.6,25.4,53.3,70.7,123.3,29.13,51.75,172,0,0,274,0,0,350,1,0,473,1,1
2026-06-22,2026,6,22,173,26,139,1,0.16482,-0.98632,-0.32513,0.94567,740,1263,4,0.4141,0.0054,220,2,60,20,98,0,65,0,110,29.0,32.5,26.2,2.6,78.0,6.3,29.5,78.0,6.4,29.2,80.0,8.1,30.6,72.0,7.6,28.6,81.0,9.0,29.1,79.0,8.4,25.2,82.0,9.2,21.9,55.6,72.5,120.9,29.11,53.95,124,5,0,239,0,0,327,2,0,372,3,0
2026-06-23,2026,6,23,174,26,121,0,0.14783,-0.98901,-0.29241,0.95629,748,1316,3,0.3163,0.00401,139,1,220,60,113,1,68,0,77,29.7,33.8,26.2,6.3,78.0,7.6,29.1,80.0,7.9,28.5,82.0,8.2,30.9,72.0,7.6,26.2,86.0,5.7,29.4,80.0,7.3,27.5,76.0,9.0,26.4,55.7,78.7,121.0,29.2,54.21,180,0,0,196,0,0,329,1,0,338,1,0
2026-06-24,2026,6,24,175,26,157,2,0.13079,-0.99141,-0.25934,0.96579,818,1400,5,0.4048,0.00611,121,0,139,220,87,0,73,0,75,29.4,32.5,26.0,2.8,79.0,6.5,29.7,77.0,6.0,27.9,84.0,4.7,32.0,66.0,8.6,25.0,87.0,5.3,30.1,80.0,7.5,28.2,76.0,6.7,29.0,55.5,81.5,85.4,29.31,54.22,163,1,0,251,3,0,391,2,1,375,0,0
2026-06-25,2026,6,25,176,26,198,1,0.11372,-0.99351,-0.22596,0.97414,915,1503,6,0.5552,0.00655,157,2,121,139,101,0,95,0,91,29.6,34.1,26.2,3.7,79.0,7.9,29.2,79.0,7.1,29.4,77.0,7.8,32.1,68.0,7.8,27.4,81.0,7.6,29.7,83.0,4.5,27.6,81.0,7.6,27.9,57.5,82.9,88.8,29.32,56.2,147,0,0,190,2,0,306,2,0,450,1,1
2026-06-26,2026,6,26,177,26,31,0,0.09661,-0.99532,-0.19232,0.98133,926,1515,6,0.5712,0.00647,198,1,157,121,20,0,19,0,23,29.8,33.5,26.2,0.5,78.0,7.3,28.3,83.0,5.9,29.4,75.0,7.8,29.1,82.0,6.3,27.6,80.0,6.9,30.0,81.0,5.9,29.2,78.0,6.6,27.6,55.0,72.9,86.6,29.35,53.81,44,0,0,68,0,0,94,0,0,181,0,0
2026-06-27,2026,6,27,178,26,82,0,0.07948,-0.99684,-0.15845,0.98737,948,1562,6,0.5431,0.00632,31,0,198,157,60,0,35,0,31,30.9,35.0,27.1,0.9,72.0,7.9,30.1,76.0,9.2,29.1,78.0,7.3,29.6,79.0,7.7,28.6,72.0,8.1,30.7,78.0,7.9,28.9,82.0,8.2,26.6,50.3,73.1,87.5,29.48,49.43,139,0,0,158,0,0,242,1,0,439,1,1
2026-06-28,2026,6,28,179,26,172,0,0.06232,-0.99806,-0.12439,0.99223,900,1599,4,0.2871,0.00444,82,0,31,198,220,2,135,0,107,30.5,34.8,27.6,3.1,75.0,7.2,29.5,79.0,9.0,28.9,82.0,5.6,29.1,81.0,7.5,30.4,67.0,8.5,30.2,78.0,6.7,29.3,76.0,8.4,19.9,45.3,73.2,90.6,29.59,44.68,274,0,0,350,1,0,473,1,1,458,3,1
2026-06-29,2026,6,29,180,27,124,5,0.04514,-0.99898,-0.09019,0.99592,885,1625,8,0.1957,0.00903,172,0,82,31,139,1,98,0,65,29.8,33.4,26.2,4.4,77.0,7.2,29.0,78.0,6.3,29.5,78.0,6.4,29.2,80.0,8.1,30.6,72.0,7.6,28.6,81.0,9.0,29.1,79.0,8.4,21.7,43.6,77.3,94.2,29.61,43.03,239,0,0,327,2,0,372,3,0,546,1,1
2026-06-30,2026,6,30,181,27,180,0,0.02795,-0.99961,-0.05588,0.99844,944,1692,8,0.2617,0.00847,124,5,172,82,121,0,113,1,68,29.6,34.4,27.7,11.7,78.0,6.7,29.7,78.0,7.6,29.1,80.0,7.9,28.5,82.0,8.2,30.9,72.0,7.6,26.2,86.0,5.7,29.4,80.0,7.3,27.1,53.5,82.8,105.8,29.65,52.88,196,0,0,329,1,0,338,1,0,512,3,1
2026-07-01,2026,7,1,182,27,163,1,0.01075,-0.99994,-0.0215,0.99977,950,1768,7,0.1612,0.00736,180,0,124,172,157,2,87,0,73,29.1,31.9,26.7,8.6,82.0,5.2,29.4,79.0,6.5,29.7,77.0,6.0,27.9,84.0,4.7,32.0,66.0,8.6,25.0,87.0,5.3,30.1,80.0,7.5,32.9,61.9,88.4,114.4,29.61,61.1,251,3,0,391,2,1,375,0,0,534,3,1
2026-07-02,2026,7,2,183,27,147,0,-0.00645,-0.99998,0.0129,0.99992,899,1814,6,-0.0175,0.00667,163,1,180,124,198,1,101,0,95,29.8,32.9,26.7,3.4,79.0,6.2,29.6,79.0,7.9,29.2,79.0,7.1,29.4,77.0,7.8,32.1,68.0,7.8,27.4,81.0,7.6,29.7,83.0,4.5,32.6,60.5,90.1,115.5,29.65,59.79,190,2,0,306,2,0,450,1,1,467,3,1
2026-07-03,2026,7,3,184,27,44,0,-0.02365,-0.99972,0.04729,0.99888,912,1838,6,-0.0151,0.00657,147,0,163,180,31,0,20,0,19,30.9,34.7,26.4,2.4,73.0,8.3,29.8,78.0,7.3,28.3,83.0,5.9,29.4,75.0,7.8,29.1,82.0,6.3,27.6,80.0,6.9,30.0,81.0,5.9,34.5,62.1,89.5,107.4,29.84,61.77,68,0,0,94,0,0,181,0,0,153,1,0
2026-07-04,2026,7,4,185,27,139,0,-0.04084,-0.99917,0.08162,0.99666,969,1917,6,0.0221,0.00619,44,0,147,163,82,0,60,0,35,31.9,36.6,26.6,4.2,67.0,10.0,30.9,72.0,7.9,30.1,76.0,9.2,29.1,78.0,7.3,29.6,79.0,7.7,28.6,72.0,8.1,30.7,78.0,7.9,37.8,64.4,88.1,110.9,29.96,64.31,158,0,0,242,1,0,439,1,1,371,0,0
2026-07-05,2026,7,5,186,27,274,0,-0.05803,-0.99832,0.11586,0.99327,1071,1971,6,0.1898,0.0056,139,0,44,147,172,0,220,2,135,28.7,32.6,26.2,16.7,81.0,6.4,30.5,75.0,7.2,29.5,79.0,9.0,28.9,82.0,5.6,29.1,81.0,7.5,30.4,67.0,8.5,30.2,78.0,6.7,51.4,71.3,96.7,124.6,29.91,71.09,350,1,0,473,1,1,458,3,1,423,2,1
2026-07-06,2026,7,6,187,28,239,0,-0.07519,-0.99717,0.14995,0.98869,1186,2071,1,0.3397,0.00084,274,0,139,44,124,5,139,1,98,28.0,31.5,25.6,16.5,86.0,5.9,29.8,77.0,7.2,29.0,78.0,6.3,29.5,78.0,6.4,29.2,80.0,8.1,30.6,72.0,7.6,28.6,81.0,9.0,63.5,85.2,107.1,140.8,29.84,84.75,327,2,0,372,3,0,546,1,1,580,3,1
2026-07-07,2026,7,7,188,28,196,0,-0.09233,-0.99573,0.18387,0.98295,1202,2146,1,0.273,0.00083,239,0,274,139,180,0,121,0,113,27.5,30.9,25.2,15.6,90.0,5.7,29.6,78.0,6.7,29.7,78.0,7.6,29.1,80.0,7.9,28.5,82.0,8.2,30.9,72.0,7.6,26.2,86.0,5.7,67.4,94.5,120.9,150.2,29.68,93.49,329,1,0,338,1,0,512,3,1,530,0,1
2026-07-08,2026,7,8,189,28,251,3,-0.10945,-0.99399,0.21758,0.97604,1290,2240,3,0.3575,0.00232,196,0,239,274,163,1,157,2,87,27.4,29.9,25.9,45.3,93.0,4.0,29.1,82.0,5.2,29.4,79.0,6.5,29.7,77.0,6.0,27.9,84.0,4.7,32.0,66.0,8.6,25.0,87.0,5.3,104.1,137.0,166.0,192.5,29.54,134.9,391,2,1,375,0,0,534,3,1,195,0,0
2026-07-09,2026,7,9,190,28,190,2,-0.12653,-0.99196,0.25102,0.96798,1333,2232,5,0.4822,0.00375,251,3,196,239,147,0,198,1,101,27.3,30.5,25.7,22.0,92.0,4.8,29.8,79.0,6.2,29.6,79.0,7.9,29.2,79.0,7.1,29.4,77.0,7.8,32.1,68.0,7.8,27.4,81.0,7.6,122.7,155.3,183.2,212.8,29.37,152.04,306,2,0,450,1,1,467,3,1,471,0,1
2026-07-10,2026,7,10,191,28,68,0,-0.14357,-0.98964,0.28417,0.95877,1357,2269,5,0.4874,0.00368,190,2,251,196,44,0,31,0,20,27.3,30.3,25.7,43.0,92.0,4.6,30.9,73.0,8.3,29.8,78.0,7.3,28.3,83.0,5.9,29.4,75.0,7.8,29.1,82.0,6.3,27.6,80.0,6.9,163.3,197.8,225.4,252.8,29.19,192.46,94,0,0,181,0,0,153,1,0,249,0,0
2026-07-11,2026,7,11,192,28,158,0,-0.16057,-0.98702,0.31698,0.94843,1376,2345,5,0.4196,0.00363,68,0,190,251,139,0,82,0,60,27.7,30.5,26.2,27.0,89.0,4.3,31.9,67.0,10.0,30.9,72.0,7.9,30.1,76.0,9.2,29.1,78.0,7.3,29.6,79.0,7.7,28.6,72.0,8.1,186.1,223.9,250.5,274.2,28.96,216.14,242,1,0,439,1,1,371,0,0,544,0,1
2026-07-12,2026,7,12,193,28,350,1,-0.17753,-0.98412,0.34942,0.93697,1452,2523,6,0.3554,0.00413,158,0,68,190,274,0,172,0,220,28.1,31.1,25.4,49.0,88.0,5.7,28.7,81.0,6.4,30.5,75.0,7.2,29.5,79.0,9.0,28.9,82.0,5.6,29.1,81.0,7.5,30.4,67.0,8.5,218.4,269.8,289.7,315.1,28.79,258.92,473,1,1,458,3,1,423,2,1,672,2,1
2026-07-13,2026,7,13,194,29,327,2,-0.19443,-0.98092,0.38144,0.92439,1540,2726,8,0.2982,0.00519,350,1,158,68,239,0,124,5,139,27.5,29.4,26.2,19.0,92.0,3.2,28.0,86.0,5.9,29.8,77.0,7.2,29.0,78.0,6.3,29.5,78.0,6.4,29.2,80.0,8.1,30.6,72.0,7.6,220.9,284.4,306.1,328.0,28.63,271.41,372,3,0,546,1,1,580,3,1,726,0,1
2026-07-14,2026,7,14,195,29,329,1,-0.21128,-0.97743,0.41301,0.91073,1673,2875,9,0.3915,0.00538,327,2,350,158,196,0,180,0,121,29.4,32.7,26.5,2.7,81.0,6.2,27.5,90.0,5.7,29.6,78.0,6.7,29.7,78.0,7.6,29.1,80.0,7.9,28.5,82.0,8.2,30.9,72.0,7.6,208.0,275.4,302.5,328.9,28.61,262.64,338,1,0,512,3,1,530,0,1,756,0,1
2026-07-15,2026,7,15,196,29,391,2,-0.22806,-0.97365,0.4441,0.89598,1813,3103,8,0.4051,0.00441,329,1,327,350,251,3,163,1,157,29.3,32.8,27.2,6.8,81.0,5.6,27.4,93.0,4.0,29.1,82.0,5.2,29.4,79.0,6.5,29.7,77.0,6.0,27.9,84.0,4.7,32.0,66.0,8.6,169.5,273.6,306.5,335.5,28.63,261.11,375,0,0,534,3,1,195,0,0,723,2,1
2026-07-16,2026,7,16,197,29,306,2,-0.24477,-0.96958,0.47465,0.88017,1929,3262,8,0.4468,0.00415,391,2,329,327,190,2,147,0,198,29.2,32.3,27.0,2.1,79.0,5.3,27.3,92.0,4.8,29.8,79.0,6.2,29.6,79.0,7.9,29.2,79.0,7.1,29.4,77.0,7.8,32.1,68.0,7.8,149.6,272.3,304.9,332.8,28.59,259.5,450,1,1,467,3,1,471,0,1,693,2,1
2026-07-17,2026,7,17,198,29,94,0,-0.26141,-0.96523,0.50465,0.86333,1955,3312,8,0.4404,0.00409,306,2,391,329,68,0,44,0,31,28.6,30.5,26.5,3.6,83.0,4.0,27.3,92.0,4.6,30.9,73.0,8.3,29.8,78.0,7.3,28.3,83.0,5.9,29.4,75.0,7.8,29.1,82.0,6.3,110.2,273.5,308.0,335.6,28.42,259.1,181,0,0,153,1,0,249,0,0,200,0,0
2026-07-18,2026,7,18,199,29,242,1,-0.27798,-0.96059,0.53405,0.84546,2039,3415,9,0.4815,0.00441,94,0,306,391,158,0,139,0,82,29.2,32.3,26.8,4.6,79.0,5.5,27.7,89.0,4.3,31.9,67.0,10.0,30.9,72.0,7.9,30.1,76.0,9.2,29.1,78.0,7.3,29.6,79.0,7.7,87.8,273.9,311.7,338.3,28.23,257.74,439,1,1,371,0,0,544,0,1,730,2,1
2026-07-19,2026,7,19,200,29,473,1,-0.29446,-0.95566,0.56281,0.82658,2162,3614,9,0.4886,0.00416,242,1,94,306,350,1,274,0,172,27.9,30.7,26.5,13.3,87.0,4.2,28.1,88.0,5.7,28.7,81.0,6.4,30.5,75.0,7.2,29.5,79.0,9.0,28.9,82.0,5.6,29.1,81.0,7.5,52.1,270.5,321.9,341.8,28.17,254.0,458,3,1,423,2,1,672,2,1,805,3,1
2026-07-20,2026,7,20,201,30,372,3,-0.31086,-0.95046,0.59091,0.80674,2207,3747,10,0.4328,0.00453,473,1,242,94,327,2,239,0,124,26.5,28.4,25.4,30.3,93.0,3.0,27.5,92.0,3.2,28.0,86.0,5.9,29.8,77.0,7.2,29.0,78.0,6.3,29.5,78.0,6.4,29.2,80.0,8.1,63.4,284.3,347.8,369.5,28.06,265.92,546,1,1,580,3,1,726,0,1,870,1,1
2026-07-21,2026,7,21,202,30,338,1,-0.32716,-0.94497,0.61831,0.78593,2216,3889,10,0.3244,0.00451,372,3,473,242,329,1,196,0,180,27.3,30.5,25.3,12.1,88.0,5.2,29.4,81.0,6.2,27.5,90.0,5.7,29.6,78.0,6.7,29.7,78.0,7.6,29.1,80.0,7.9,28.5,82.0,8.2,72.8,280.8,348.2,375.3,28.05,262.55,512,3,1,530,0,1,756,0,1,753,3,1
2026-07-22,2026,7,22,203,30,375,0,-0.34337,-0.9392,0.64498,0.7642,2200,4013,8,0.2133,0.00363,338,1,372,473,391,2,251,3,163,27.2,29.7,24.7,16.0,87.0,5.0,29.3,81.0,5.6,27.4,93.0,4.0,29.1,82.0,5.2,29.4,79.0,6.5,29.7,77.0,6.0,27.9,84.0,4.7,82.0,251.5,355.6,388.5,28.04,235.07,534,3,1,195,0,0,723,2,1,671,2,1
2026-07-23,2026,7,23,204,30,450,1,-0.35947,-0.93316,0.67089,0.74156,2344,4273,7,0.215,0.00299,375,0,338,372,306,2,190,2,147,27.0,29.9,24.6,17.9,88.0,5.3,29.2,79.0,5.3,27.3,92.0,4.8,29.8,79.0,6.2,29.6,79.0,7.9,29.2,79.0,7.1,29.4,77.0,7.8,97.8,247.4,370.1,402.7,28.01,230.99,467,3,1,471,0,1,693,2,1,750,1,1
2026-07-24,2026,7,24,205,30,181,0,-0.37547,-0.92683,0.696,0.71804,2431,4386,7,0.2434,0.00288,450,1,375,338,94,0,68,0,44,27.7,30.7,25.2,4.5,84.0,5.5,28.6,83.0,4.0,27.3,92.0,4.6,30.9,73.0,8.3,29.8,78.0,7.3,28.3,83.0,5.9,29.4,75.0,7.8,98.7,208.9,372.2,406.7,28.04,195.25,153,1,0,249,0,0,200,0,0,366,0,0
2026-07-25,2026,7,25,206,30,439,1,-0.39136,-0.92024,0.72029,0.69368,2628,4667,7,0.2887,0.00266,181,0,450,375,242,1,158,0,139,28.7,31.9,25.6,2.3,78.0,6.3,29.2,79.0,5.5,27.7,89.0,4.3,31.9,67.0,10.0,30.9,72.0,7.9,30.1,76.0,9.2,29.1,78.0,7.3,96.4,184.2,370.3,408.1,28.11,172.6,371,0,0,544,0,1,730,2,1,702,0,1
2026-07-26,2026,7,26,207,30,458,3,-0.40713,-0.91337,0.74372,0.66849,2613,4775,9,0.2085,0.00344,439,1,181,450,473,1,350,1,274,29.2,33.2,26.2,1.1,77.0,7.0,27.9,87.0,4.2,28.1,88.0,5.7,28.7,81.0,6.4,30.5,75.0,7.2,29.5,79.0,9.0,28.9,82.0,5.6,84.2,136.3,354.7,406.1,28.19,128.08,423,2,1,672,2,1,805,3,1,839,5,1
2026-07-27,2026,7,27,208,31,546,1,-0.42278,-0.90623,0.76627,0.64251,2787,4994,7,0.2627,0.00251,458,3,439,181,372,3,327,2,239,28.5,31.8,25.3,8.6,81.0,6.5,26.5,93.0,3.0,27.5,92.0,3.2,28.0,86.0,5.9,29.8,77.0,7.2,29.0,78.0,6.3,29.5,78.0,6.4,62.5,125.9,346.8,410.3,28.26,118.6,580,3,1,726,0,1,870,1,1,994,3,1
2026-07-28,2026,7,28,209,31,512,3,-0.43831,-0.89883,0.78792,0.61577,2961,5177,9,0.336,0.00304,546,1,458,439,338,1,329,1,196,28.3,31.2,26.0,6.8,83.0,5.2,27.3,88.0,5.2,29.4,81.0,6.2,27.5,90.0,5.7,29.6,78.0,6.7,29.7,78.0,7.6,29.1,80.0,7.9,57.2,130.0,338.0,405.4,28.19,122.16,530,0,1,756,0,1,753,3,1,907,3,1
2026-07-29,2026,7,29,210,31,534,3,-0.4537,-0.89115,0.80864,0.58831,3120,5320,12,0.418,0.00384,512,3,546,458,375,0,391,2,251,28.1,30.9,25.7,10.7,85.0,5.2,27.2,87.0,5.0,29.3,81.0,5.6,27.4,93.0,4.0,29.1,82.0,5.2,29.4,79.0,6.5,29.7,77.0,6.0,51.9,133.9,303.4,407.5,28.1,125.42,195,0,0,723,2,1,671,2,1,550,0,1
2026-07-30,2026,7,30,211,31,467,3,-0.46897,-0.88322,0.8284,0.56014,3137,5481,14,0.3382,0.00446,534,3,512,546,450,1,306,2,190,27.0,30.1,25.2,20.1,91.0,4.9,27.0,88.0,5.3,29.2,79.0,5.3,27.3,92.0,4.8,29.8,79.0,6.2,29.6,79.0,7.9,29.2,79.0,7.1,54.1,151.9,301.5,424.2,27.94,141.47,471,0,1,693,2,1,750,1,1,868,0,1
2026-07-31,2026,7,31,212,31,153,1,-0.48409,-0.87502,0.84717,0.53132,3109,5540,15,0.2788,0.00482,467,3,534,512,181,0,94,0,68,28.7,32.4,26.4,3.4,83.0,6.0,27.7,84.0,5.5,28.6,83.0,4.0,27.3,92.0,4.6,30.9,73.0,8.3,29.8,78.0,7.3,28.3,83.0,5.9,53.0,151.7,261.9,425.2,27.95,141.33,249,0,0,200,0,0,366,0,0,342,0,0
2026-08-01,2026,8,1,213,31,371,0,-0.49907,-0.86656,0.86495,0.50186,3041,5669,14,0.1571,0.0046,153,1,467,534,439,1,242,1,158,28.6,31.7,26.5,11.4,85.0,5.2,28.7,78.0,6.3,29.2,79.0,5.5,27.7,89.0,4.3,31.9,67.0,10.0,30.9,72.0,7.9,30.1,76.0,9.2,62.1,158.5,246.3,432.4,27.91,147.46,544,0,1,730,2,1,702,0,1,996,2,1
2026-08-02,2026,8,2,214,31,423,2,-0.5139,-0.85785,0.8817,0.47181,3006,5619,13,0.1503,0.00432,371,0,153,467,458,3,473,1,350,28.2,31.4,26.4,21.4,89.0,5.0,29.2,77.0,7.0,27.9,87.0,4.2,28.1,88.0,5.7,28.7,81.0,6.4,30.5,75.0,7.2,29.5,79.0,9.0,82.4,166.6,218.7,437.1,27.93,155.1,672,2,1,805,3,1,839,5,1,1097,3,1
2026-08-03,2026,8,3,215,32,580,3,-0.52858,-0.84888,0.89741,0.4412,3040,5827,15,0.0907,0.00493,423,2,371,153,546,1,372,3,327,28.3,31.8,25.6,21.4,88.0,6.2,28.5,81.0,6.5,26.5,93.0,3.0,27.5,92.0,3.2,28.0,86.0,5.9,29.8,77.0,7.2,29.0,78.0,6.3,95.2,157.7,221.1,442.0,28.06,147.5,726,0,1,870,1,1,994,3,1,1163,4,1
2026-08-04,2026,8,4,216,32,530,0,-0.54311,-0.83966,0.91205,0.41007,3058,6019,12,0.0327,0.00392,580,3,423,371,512,3,338,1,329,28.4,31.4,26.2,8.3,88.0,5.2,28.3,83.0,5.2,27.3,88.0,5.2,29.4,81.0,6.2,27.5,90.0,5.7,29.6,78.0,6.7,29.7,78.0,7.6,96.7,153.9,226.7,434.7,28.14,144.36,756,0,1,753,3,1,907,3,1,1324,5,1
2026-08-05,2026,8,5,217,32,195,0,-0.55747,-0.8302,0.92562,0.37846,2719,5839,9,-0.1285,0.00331,530,0,580,423,534,3,375,0,391,27.3,30.3,26.1,15.9,92.0,4.2,28.1,85.0,5.2,27.2,87.0,5.0,29.3,81.0,5.6,27.4,93.0,4.0,29.1,82.0,5.2,29.4,79.0,6.5,101.9,153.8,235.8,405.3,28.14,144.26,723,2,1,671,2,1,550,0,1,,,
2026-08-06,2026,8,6,218,32,471,0,-0.57167,-0.82049,0.93809,0.34639,2723,5860,6,-0.1319,0.0022,195,0,530,580,467,3,450,1,306,27.1,30.1,25.7,12.0,91.0,4.4,27.0,91.0,4.9,27.0,88.0,5.3,29.2,79.0,5.3,27.3,92.0,4.8,29.8,79.0,6.2,29.6,79.0,7.9,93.8,147.9,245.7,395.3,28.15,138.78,693,2,1,750,1,1,868,0,1,,,
2026-08-07,2026,8,7,219,32,249,0,-0.5857,-0.81053,0.94945,0.31392,2819,5928,5,-0.0932,0.00177,471,0,195,530,153,1,181,0,94,27.6,30.9,25.2,9.2,86.0,5.7,28.7,83.0,6.0,27.7,84.0,5.5,28.6,83.0,4.0,27.3,92.0,4.6,30.9,73.0,8.3,29.8,78.0,7.3,99.6,152.6,251.3,361.5,28.14,143.14,200,0,0,366,0,0,342,0,0,,,
2026-08-08,2026,8,8,220,32,544,0,-0.59955,-0.80034,0.95969,0.28108,2992,6033,5,-0.0161,0.00167,249,0,471,195,371,0,439,1,242,28.0,30.3,25.4,11.9,87.0,4.9,28.6,85.0,5.2,28.7,78.0,6.3,29.2,79.0,5.5,27.7,89.0,4.3,31.9,67.0,10.0,30.9,72.0,7.9,100.1,162.2,258.6,346.4,28.09,151.87,730,2,1,702,0,1,996,2,1,,,
2026-08-09,2026,8,9,221,32,672,2,-0.61323,-0.7899,0.96879,0.2479,3241,6247,5,0.0782,0.00154,544,0,249,471,423,2,458,3,473,28.6,31.6,26.1,2.5,85.0,5.5,28.2,89.0,5.0,29.2,77.0,7.0,27.9,87.0,4.2,28.1,88.0,5.7,28.7,81.0,6.4,30.5,75.0,7.2,81.2,163.6,247.8,299.9,28.05,152.97,805,3,1,839,5,1,1097,3,1,,,
2026-08-10,2026,8,10,222,33,726,0,-0.62673,-0.77924,0.97674,0.21443,3387,6427,2,0.1141,0.00059,672,2,544,249,580,3,546,1,372,29.3,33.2,26.4,9.8,81.0,6.8,28.3,88.0,6.2,28.5,81.0,6.5,26.5,93.0,3.0,27.5,92.0,3.2,28.0,86.0,5.9,29.8,77.0,7.2,69.6,164.8,227.3,290.7,28.11,154.42,870,1,1,994,3,1,1163,4,1,,,
2026-08-11,2026,8,11,223,33,756,0,-0.64004,-0.76834,0.98354,0.1807,3613,6671,2,0.1814,0.00055,726,0,672,544,530,0,512,3,338,29.1,33.2,24.8,14.4,81.0,8.4,28.4,88.0,5.2,28.3,83.0,5.2,27.3,88.0,5.2,29.4,81.0,6.2,27.5,90.0,5.7,29.6,78.0,6.7,75.7,172.4,229.6,302.4,28.16,161.83,753,3,1,907,3,1,1324,5,1,,,
2026-08-12,2026,8,12,224,33,723,2,-0.65316,-0.75722,0.98917,0.14676,4141,6860,4,0.5228,0.00097,756,0,726,672,195,0,534,3,375,29.7,33.7,26.2,18.1,80.0,7.5,27.3,92.0,4.2,28.1,85.0,5.2,27.2,87.0,5.0,29.3,81.0,5.6,27.4,93.0,4.0,29.1,82.0,5.2,77.9,179.8,231.7,313.7,28.28,169.49,671,2,1,550,0,1,,,,,,
2026-08-13,2026,8,13,225,33,693,2,-0.66609,-0.74587,0.99363,0.11265,4363,7086,6,0.6021,0.00137,723,2,756,726,471,0,467,3,450,28.6,31.3,26.7,5.3,82.0,4.6,27.1,91.0,4.4,27.0,91.0,4.9,27.0,88.0,5.3,29.2,79.0,5.3,27.3,92.0,4.8,29.8,79.0,6.2,71.2,165.0,219.1,316.9,28.39,156.15,750,1,1,868,0,1,,,,,,
2026-08-14,2026,8,14,226,33,200,0,-0.67882,-0.7343,0.99692,0.07841,4314,7133,6,0.5301,0.00139,693,2,723,756,249,0,153,1,181,29.2,32.7,26.4,2.6,82.0,6.3,27.6,86.0,5.7,28.7,83.0,6.0,27.7,84.0,5.5,28.6,83.0,4.0,27.3,92.0,4.6,30.9,73.0,8.3,64.6,164.2,217.2,315.9,28.43,155.61,366,0,0,342,0,0,,,,,,
2026-08-15,2026,8,15,227,33,730,2,-0.69135,-0.72252,0.99903,0.04407,4500,7492,8,0.5038,0.00178,200,0,693,723,544,0,371,0,439,29.4,32.6,26.6,1.3,79.0,6.0,28.0,87.0,4.9,28.6,85.0,5.2,28.7,78.0,6.3,29.2,79.0,5.5,27.7,89.0,4.3,31.9,67.0,10.0,54.0,154.1,216.2,312.6,28.49,146.34,702,0,1,996,2,1,,,,,,
2026-08-16,2026,8,16,228,33,805,3,-0.70368,-0.71052,0.99995,0.00968,4633,7874,9,0.4294,0.00194,730,2,200,693,672,2,423,2,458,28.1,30.9,26.1,7.0,84.0,4.8,28.6,85.0,5.5,28.2,89.0,5.0,29.2,77.0,7.0,27.9,87.0,4.2,28.1,88.0,5.7,28.7,81.0,6.4,58.5,139.7,222.1,306.3,28.48,132.62,839,5,1,1097,3,1,,,,,,
2026-08-17,2026,8,17,229,34,870,1,-0.7158,-0.69831,0.99969,-0.02473,4777,8164,10,0.4103,0.00209,805,3,730,200,726,0,580,3,546,27.3,30.3,25.6,14.6,90.0,4.7,29.3,81.0,6.8,28.3,88.0,6.2,28.5,81.0,6.5,26.5,93.0,3.0,27.5,92.0,3.2,28.0,86.0,5.9,63.3,132.9,228.1,290.6,28.41,125.86,994,3,1,1163,4,1,,,,,,
2026-08-18,2026,8,18,230,34,753,3,-0.7277,-0.68589,0.99825,-0.0591,4774,8387,13,0.3213,0.00272,870,1,805,730,756,0,530,0,512,28.3,31.6,25.0,3.5,83.0,6.6,29.1,81.0,8.4,28.4,88.0,5.2,28.3,83.0,5.2,27.3,88.0,5.2,29.4,81.0,6.2,27.5,90.0,5.7,52.4,128.1,224.8,282.0,28.4,121.27,907,3,1,1324,5,1,,,,,,
2026-08-19,2026,8,19,231,34,671,2,-0.73939,-0.67327,0.99563,-0.0934,4722,8863,13,0.1403,0.00275,753,3,870,805,723,2,195,0,534,29.2,32.1,26.4,1.9,82.0,5.7,29.7,80.0,7.5,27.3,92.0,4.2,28.1,85.0,5.2,27.2,87.0,5.0,29.3,81.0,5.6,27.4,93.0,4.0,36.2,114.1,216.0,267.9,28.54,108.55,550,0,1,,,,,,,,,
2026-08-20,2026,8,20,232,34,750,1,-0.75086,-0.66046,0.99183,-0.12759,4779,9142,12,0.0953,0.00251,671,2,753,870,693,2,471,0,467,29.8,33.1,26.3,2.1,80.0,6.8,28.6,82.0,4.6,27.1,91.0,4.4,27.0,91.0,4.9,27.0,88.0,5.3,29.2,79.0,5.3,27.3,92.0,4.8,33.0,104.2,198.0,252.1,28.73,99.79,868,0,1,,,,,,,,,
2026-08-21,2026,8,21,233,34,366,0,-0.76211,-0.64744,0.98685,-0.16164,4945,9259,12,0.1462,0.00243,750,1,671,753,200,0,249,0,153,30.2,33.5,27.2,5.4,81.0,6.3,29.2,82.0,6.3,27.6,86.0,5.7,28.7,83.0,6.0,27.7,84.0,5.5,28.6,83.0,4.0,27.3,92.0,4.6,35.8,100.4,200.0,253.0,28.91,96.75,342,0,0,,,,,,,,,
2026-08-22,2026,8,22,234,34,702,0,-0.77314,-0.63424,0.98071,-0.19549,4917,9417,10,0.0926,0.00203,366,0,750,671,730,2,544,0,371,30.0,33.8,26.5,7.0,83.0,7.3,29.4,79.0,6.0,28.0,87.0,4.9,28.6,85.0,5.2,28.7,78.0,6.3,29.2,79.0,5.5,27.7,89.0,4.3,41.5,95.5,195.6,257.7,29.06,92.51,996,2,1,,,,,,,,,
2026-08-23,2026,8,23,235,34,839,5,-0.78393,-0.62084,0.9734,-0.2291,4951,9584,12,0.0686,0.00242,702,0,366,750,805,3,672,2,423,29.6,33.2,26.2,20.7,80.0,7.0,28.1,84.0,4.8,28.6,85.0,5.5,28.2,89.0,5.0,29.2,77.0,7.0,27.9,87.0,4.2,28.1,88.0,5.7,55.2,113.7,194.9,277.3,29.13,110.4,1097,3,1,,,,,,,,,
2026-08-24,2026,8,24,236,35,994,3,-0.7945,-0.60727,0.96495,-0.26245,5075,9852,14,0.0624,0.00276,839,5,702,366,870,1,726,0,580,29.0,31.9,26.8,6.2,81.0,5.1,27.3,90.0,4.7,29.3,81.0,6.8,28.3,88.0,6.2,28.5,81.0,6.5,26.5,93.0,3.0,27.5,92.0,3.2,46.8,110.1,179.7,274.9,29.11,106.83,1163,4,1,,,,,,,,,
2026-08-25,2026,8,25,237,35,907,3,-0.80483,-0.59351,0.95535,-0.29549,5229,10003,14,0.0953,0.00268,994,3,839,702,753,3,756,0,530,29.3,32.5,26.4,2.6,80.0,6.1,28.3,83.0,6.6,29.1,81.0,8.4,28.4,88.0,5.2,28.3,83.0,5.2,27.3,88.0,5.2,29.4,81.0,6.2,45.9,98.3,174.0,270.7,29.12,95.42,1324,5,1,,,,,,,,,
2026-08-26,2026,8,26,238,35,550,0,-0.81492,-0.57958,0.94462,-0.32818,5108,9830,12,0.0817,0.00235,907,3,994,839,671,2,723,2,195,29.0,32.1,26.1,10.1,83.0,6.0,29.2,82.0,5.7,29.7,80.0,7.5,27.3,92.0,4.2,28.1,85.0,5.2,27.2,87.0,5.0,29.3,81.0,5.6,54.1,90.3,168.2,270.1,29.07,87.5,,,,,,,,,,,,
2026-08-27,2026,8,27,239,35,868,0,-0.82477,-0.56548,0.93277,-0.36047,5226,10005,11,0.0935,0.0021,550,0,907,994,750,1,693,2,471,30.7,34.4,27.1,0.9,75.0,7.3,29.8,80.0,6.8,28.6,82.0,4.6,27.1,91.0,4.4,27.0,91.0,4.9,27.0,88.0,5.3,29.2,79.0,5.3,52.9,85.9,157.1,250.9,29.22,83.67,,,,,,,,,,,,
2026-08-28,2026,8,28,240,35,342,0,-0.83437,-0.5512,0.91982,-0.39235,5202,10147,11,0.052,0.00211,868,0,550,907,366,0,200,0,249,29.4,32.2,26.8,5.7,81.0,5.4,30.2,81.0,6.3,29.2,82.0,6.3,27.6,86.0,5.7,28.7,83.0,6.0,27.7,84.0,5.5,28.6,83.0,4.0,53.2,89.0,153.6,253.2,29.24,86.75,,,,,,,,,,,,
2026-08-29,2026,8,29,241,35,996,2,-0.84373,-0.53677,0.90578,-0.42375,5496,10413,13,0.1177,0.00236,342,0,868,550,702,0,730,2,544,30.4,34.5,26.5,20.7,76.0,8.0,30.0,83.0,7.3,29.4,79.0,6.0,28.0,87.0,4.9,28.6,85.0,5.2,28.7,78.0,6.3,29.2,79.0,5.5,66.9,108.4,162.4,262.5,29.31,105.91,,,,,,,,,,,,
2026-08-30,2026,8,30,242,35,1097,3,-0.85284,-0.52218,0.89066,-0.45466,5754,10705,11,0.1622,0.00191,996,2,342,868,839,5,805,3,672,30.1,34.5,27.4,5.3,75.0,7.1,29.6,80.0,7.0,28.1,84.0,4.8,28.6,85.0,5.5,28.2,89.0,5.0,29.2,77.0,7.0,27.9,87.0,4.2,51.5,106.7,165.2,246.4,29.45,104.74,,,,,,,,,,,,
2026-08-31,2026,8,31,243,36,1163,4,-0.86169,-0.50743,0.8745,-0.48503,5923,10998,12,0.1671,0.00203,1097,3,996,342,994,3,870,1,726,28.2,32.1,26.3,23.9,87.0,5.8,29.0,81.0,5.1,27.3,90.0,4.7,29.3,81.0,6.8,28.3,88.0,6.2,28.5,81.0,6.5,26.5,93.0,3.0,69.2,116.0,179.3,248.9,29.51,114.11,,,,,,,,,,,,
2026-09-01,2026,9,1,244,36,1324,5,-0.87029,-0.49253,0.8573,-0.51482,6340,11569,14,0.2124,0.00221,1163,4,1097,996,907,3,753,3,756,27.4,29.7,25.8,34.0,90.0,3.9,29.3,80.0,6.1,28.3,83.0,6.6,29.1,81.0,8.4,28.4,88.0,5.2,28.3,83.0,5.2,27.3,88.0,5.2,100.6,146.5,198.9,274.6,29.45,143.81,,,,,,,,,,,,
